record_id,date,time,season,month,day_of_week,temperature,pressure,humidity,wind_speed,weather_condition
6.0,2022-01-01,11:00,Winter,1.0,Saturday,24.7,1017.3,37.4,9.1,Fog
1.0,2022-01-01,17:00,Winter,1.0,Saturday,21.7,1022.8,56.9,14.0,Clear
3.0,2022-01-01,19:00,Winter,1.0,Saturday,16.2,1010.2,48.6,12.2,Clear
4.0,2022-01-01,19:00,Winter,1.0,Saturday,19.5,1028.7,45.2,14.4,Clear
5.0,2022-01-01,20:00,Winter,1.0,Saturday,16.7,1022.8,47.5,8.3,Clear
2.0,2022-01-01,21:00,Winter,1.0,Saturday,12.9,1023.3,61.8,14.6,Cloudy
12.0,2022-01-02,02:00,Winter,1.0,Sunday,12.8,1015.1,58.1,8.2,Clear
8.0,2022-01-02,13:00,Winter,1.0,Sunday,22.0,1022.6,55.5,9.149999999999999,Cloudy
9.0,2022-01-02,16:00,Winter,1.0,Sunday,19.7,1021.5,56.0,10.1,Partly Cloudy
7.0,2022-01-02,18:00,Winter,1.0,Sunday,22.2,1022.4,44.0,8.8,Partly Cloudy
11.0,2022-01-02,20:00,Winter,1.0,Sunday,16.9,1011.0,65.7,11.1,Fog
10.0,2022-01-02,23:00,Winter,1.0,Sunday,9.2,1022.3,63.2,20.6,Cloudy
14.0,2022-01-03,06:00,Winter,1.0,Monday,22.0,1015.7,52.0,16.35,Clear
16.0,2022-01-03,11:00,Winter,1.0,Monday,24.1,1016.3,45.1,12.1,Clear
15.0,2022-01-03,16:00,Winter,1.0,Monday,21.5,1011.2,46.6,11.0,Haze
13.0,2022-01-03,22:00,Winter,1.0,Monday,16.6,1023.9,32.4,13.6,Fog
17.0,2022-01-04,08:00,Winter,1.0,Tuesday,19.1,1017.0,51.7,11.1,Clear
18.0,2022-01-04,14:00,Winter,1.0,Tuesday,28.2,1019.3,44.1,9.7,Clear
23.0,2022-01-05,07:00,Winter,1.0,Wednesday,19.2,1023.6,59.0,10.9,Haze
21.0,2022-01-05,12:00,Winter,1.0,Wednesday,26.6,1015.4,52.7,12.1,Clear
19.0,2022-01-05,17:00,Winter,1.0,Wednesday,19.9,1022.1,51.8,13.6,Haze
20.0,2022-01-05,20:00,Winter,1.0,Wednesday,10.0,1019.0,57.8,28.0,Clear
22.0,2022-01-05,20:00,Winter,1.0,Wednesday,16.5,1013.9,45.2,17.7,Haze
24.0,2022-01-06,13:00,Winter,1.0,Thursday,25.9,1016.6,35.7,13.2,Haze
27.0,2022-01-07,06:00,Winter,1.0,Friday,16.1,1018.0,30.7,17.1,Clear
25.0,2022-01-07,07:00,Winter,1.0,Friday,19.0,1016.9,71.2,9.6,Partly Cloudy
30.0,2022-01-07,10:00,Winter,1.0,Friday,25.2,1016.0,65.25,12.4,Haze
29.0,2022-01-07,11:00,Winter,1.0,Friday,22.8,1017.9,59.3,10.6,Cloudy
26.0,2022-01-07,13:00,Winter,1.0,Friday,22.7,1019.9,41.3,9.6,Clear
28.0,2022-01-07,22:00,Winter,1.0,Friday,14.2,1016.4,52.0,15.1,Clear
33.0,2022-01-08,10:00,Winter,1.0,Saturday,25.8,1029.0,49.8,9.9,Partly Cloudy
35.0,2022-01-08,12:00,Winter,1.0,Saturday,26.3,1011.1,34.4,19.7,Partly Cloudy
31.0,2022-01-08,21:00,Winter,1.0,Saturday,11.6,1021.3,38.4,16.5,Partly Cloudy
32.0,2022-01-08,21:00,Winter,1.0,Saturday,11.7,1015.5,52.7,8.1,Clear
34.0,2022-01-08,21:00,Winter,1.0,Saturday,15.3,1020.1,55.6,13.5,Fog
37.0,2022-01-09,01:00,Winter,1.0,Sunday,14.6,1013.2,66.5,12.4,Fog
36.0,2022-01-09,17:00,Winter,1.0,Sunday,21.5,1022.5,66.1,13.5,Clear
38.0,2022-01-09,20:00,Winter,1.0,Sunday,17.4,1025.3,60.3,8.3,Clear
39.0,2022-01-10,14:00,Winter,1.0,Monday,20.0,1017.9,56.4,11.2,Clear
42.0,2022-01-10,14:00,Winter,1.0,Monday,29.0,1017.3,61.8,16.7,Clear
41.0,2022-01-10,17:00,Winter,1.0,Monday,23.2,1023.1,50.4,13.4,Haze
43.0,2022-01-10,18:00,Winter,1.0,Monday,19.3,1015.9,64.4,13.5,Fog
40.0,2022-01-10,19:00,Winter,1.0,Monday,14.1,1018.8,66.2,12.0,Fog
46.0,2022-01-11,11:00,Winter,1.0,Tuesday,19.5,1025.5,52.6,14.0,Fog
47.0,2022-01-11,12:00,Winter,1.0,Tuesday,26.7,1014.3,62.4,18.0,Partly Cloudy
45.0,2022-01-11,23:00,Winter,1.0,Tuesday,14.8,1024.1,48.3,8.6,Haze
51.0,2022-01-12,00:00,Winter,1.0,Wednesday,11.6,1013.7,60.9,9.6,Clear
53.0,2022-01-12,02:00,Winter,1.0,Wednesday,12.0,1017.2,48.2,9.9,Clear
50.0,2022-01-12,04:00,Winter,1.0,Wednesday,18.0,1014.7,48.6,10.2,Fog
49.0,2022-01-12,10:00,Winter,1.0,Wednesday,21.9,1020.9,49.0,8.2,Haze
55.0,2022-01-12,18:00,Winter,1.0,Wednesday,14.6,1021.4,44.4,8.1,Haze
48.0,2022-01-12,21:00,Winter,1.0,Wednesday,10.6,1015.1,43.9,11.4,Clear
54.0,2022-01-12,21:00,Winter,1.0,Wednesday,12.1,1018.5,46.1,10.0,Clear
56.0,2022-01-12,22:00,Winter,1.0,Wednesday,15.4,1012.1,59.4,15.3,Clear
52.0,2022-01-12,23:00,Winter,1.0,Wednesday,9.9,1020.3,46.9,18.4,Partly Cloudy
57.0,2022-01-13,06:00,Winter,1.0,Thursday,15.9,1013.3,51.2,10.4,Cloudy
58.0,2022-01-13,11:00,Winter,1.0,Thursday,21.0,1009.9,71.0,18.1,Clear
60.0,2022-01-14,04:00,Winter,1.0,Friday,14.4,1018.2,67.3,17.8,Fog
59.0,2022-01-14,14:00,Winter,1.0,Friday,22.2,1019.6,56.0,12.5,Cloudy
61.0,2022-01-14,14:00,Winter,1.0,Friday,22.2,1021.1,44.7,13.5,Clear
66.0,2022-01-15,00:00,Winter,1.0,Saturday,10.9,1014.4,54.3,10.9,Haze
62.0,2022-01-15,07:00,Winter,1.0,Saturday,24.0,1020.0,65.6,11.4,Partly Cloudy
65.0,2022-01-15,07:00,Winter,1.0,Saturday,22.6,1019.9,53.0,12.4,Fog
63.0,2022-01-15,09:00,Winter,1.0,Saturday,20.2,1020.7,58.5,13.5,Clear
64.0,2022-01-15,15:00,Winter,1.0,Saturday,17.7,1013.8,75.1,8.8,Partly Cloudy
69.0,2022-01-16,02:00,Winter,1.0,Sunday,14.0,1019.8,48.7,14.3,Cloudy
68.0,2022-01-16,04:00,Winter,1.0,Sunday,11.9,1024.7,55.1,9.3,Partly Cloudy
67.0,2022-01-16,11:00,Winter,1.0,Sunday,21.8,1023.5,51.3,10.7,Clear
70.0,2022-01-17,00:00,Winter,1.0,Monday,13.0,1014.4,53.1,8.3,Cloudy
75.0,2022-01-17,01:00,Winter,1.0,Monday,11.2,1020.8,61.3,11.5,Partly Cloudy
73.0,2022-01-17,02:00,Winter,1.0,Monday,10.0,1020.9,47.0,14.4,Clear
71.0,2022-01-17,03:00,Winter,1.0,Monday,13.1,1019.9,51.4,23.0,Fog
72.0,2022-01-17,07:00,Winter,1.0,Monday,17.8,1021.5,50.7,13.3,Clear
74.0,2022-01-17,09:00,Winter,1.0,Monday,20.2,1017.6,44.1,12.5,Partly Cloudy
77.0,2022-01-17,09:00,Winter,1.0,Monday,24.2,1016.3,60.4,13.9,Haze
76.0,2022-01-17,10:00,Winter,1.0,Monday,21.3,1018.7,67.7,16.9,Haze
79.0,2022-01-18,13:00,Winter,1.0,Tuesday,23.4,1020.7,73.5,9.7,Partly Cloudy
78.0,2022-01-18,20:00,Winter,1.0,Tuesday,18.7,1010.6,52.7,19.6,Cloudy
81.0,2022-01-19,01:00,Winter,1.0,Wednesday,10.9,1017.2,64.1,10.3,Clear
80.0,2022-01-19,06:00,Winter,1.0,Wednesday,16.9,1014.8,58.1,14.1,Clear
82.0,2022-01-19,08:00,Winter,1.0,Wednesday,23.4,1023.8,55.6,10.1,Partly Cloudy
85.0,2022-01-20,08:00,Winter,1.0,Thursday,19.5,1008.4,65.8,8.9,Fog
84.0,2022-01-20,12:00,Winter,1.0,Thursday,22.7,1017.8,52.8,13.9,Clear
83.0,2022-01-20,15:00,Winter,1.0,Thursday,22.0,1018.5,42.1,8.6,Clear
87.0,2022-01-21,03:00,Winter,1.0,Friday,14.3,1020.2,46.6,14.6,Cloudy
89.0,2022-01-21,09:00,Winter,1.0,Friday,24.0,1029.5,63.3,11.4,Cloudy
91.0,2022-01-21,11:00,Winter,1.0,Friday,21.1,1014.8,56.3,9.3,Cloudy
86.0,2022-01-21,19:00,Winter,1.0,Friday,10.4,1014.5,59.3,13.3,Clear
88.0,2022-01-21,21:00,Winter,1.0,Friday,16.5,1010.2,66.3,8.4,Clear
90.0,2022-01-21,21:00,Winter,1.0,Friday,15.2,1019.5,45.8,12.6,Cloudy
95.0,2022-01-22,01:00,Winter,1.0,Saturday,10.8,1018.2,49.1,14.0,Haze
93.0,2022-01-22,13:00,Winter,1.0,Saturday,22.0,1018.8,71.6,10.0,Haze
94.0,2022-01-22,13:00,Winter,1.0,Saturday,24.3,1018.7,62.0,14.7,Clear
92.0,2022-01-22,16:00,Winter,1.0,Saturday,22.9,1014.7,62.6,12.9,Clear
96.0,2022-01-22,20:00,Winter,1.0,Saturday,17.3,1015.2,52.6,13.5,Partly Cloudy
98.0,2022-01-23,10:00,Winter,1.0,Sunday,23.5,1013.5,52.1,15.7,Clear
100.0,2022-01-23,18:00,Winter,1.0,Sunday,18.7,1024.8,50.4,13.8,Cloudy
97.0,2022-01-23,19:00,Winter,1.0,Sunday,17.1,1011.1,50.8,13.1,Partly Cloudy
101.0,2022-01-24,22:00,Winter,1.0,Monday,15.1,1019.8,57.3,10.7,Clear
106.0,2022-01-25,03:00,Winter,1.0,Tuesday,16.9,1017.2,44.9,18.6,Haze
105.0,2022-01-25,04:00,Winter,1.0,Tuesday,14.2,1024.3,71.4,12.5,Clear
102.0,2022-01-25,05:00,Winter,1.0,Tuesday,16.2,1012.8,48.6,10.5,Fog
104.0,2022-01-25,18:00,Winter,1.0,Tuesday,18.1,1019.0,65.6,8.1,Partly Cloudy
103.0,2022-01-25,23:00,Winter,1.0,Tuesday,8.5,1017.6,51.6,8.0,Cloudy
108.0,2022-01-26,03:00,Winter,1.0,Wednesday,16.0,1022.2,55.3,19.3,Cloudy
107.0,2022-01-26,14:00,Winter,1.0,Wednesday,22.6,1014.2,48.7,12.0,Clear
109.0,2022-01-26,19:00,Winter,1.0,Wednesday,22.4,1018.6,31.7,22.3,Cloudy
110.0,2022-01-27,09:00,Winter,1.0,Thursday,25.8,1023.5,70.5,22.9,Cloudy
112.0,2022-01-27,21:00,Winter,1.0,Thursday,16.6,1019.7,60.1,19.2,Clear
111.0,2022-01-27,23:00,Winter,1.0,Thursday,13.6,1021.6,73.9,12.1,Partly Cloudy
113.0,2022-01-28,02:00,Winter,1.0,Friday,14.0,1017.7,62.8,19.5,Partly Cloudy
114.0,2022-01-28,04:00,Winter,1.0,Friday,16.9,1028.0,63.0,13.9,Clear
115.0,2022-01-28,05:00,Winter,1.0,Friday,10.9,1008.8,58.3,22.1,Fog
116.0,2022-01-28,20:00,Winter,1.0,Friday,14.0,1012.7,56.3,12.4,Partly Cloudy
117.0,2022-01-28,21:00,Winter,1.0,Friday,11.7,1023.4,40.7,9.3,Fog
124.0,2022-01-29,03:00,Winter,1.0,Saturday,16.5,1019.7,36.9,10.9,Fog
122.0,2022-01-29,05:00,Winter,1.0,Saturday,23.1,1018.3,48.8,8.7,Clear
119.0,2022-01-29,06:00,Winter,1.0,Saturday,16.1,1016.7,73.8,17.7,Cloudy
118.0,2022-01-29,07:00,Winter,1.0,Saturday,21.0,1016.3,40.6,11.5,Cloudy
121.0,2022-01-29,09:00,Winter,1.0,Saturday,19.9,1022.3,42.1,10.6,Partly Cloudy
123.0,2022-01-29,13:00,Winter,1.0,Saturday,20.0,1018.0,74.5,8.8,Clear
120.0,2022-01-29,20:00,Winter,1.0,Saturday,14.2,1011.8,50.8,9.3,Partly Cloudy
125.0,2022-01-31,12:00,Winter,1.0,Monday,26.8,1014.3,55.7,10.7,Partly Cloudy
126.0,2022-02-01,19:00,Winter,2.0,Tuesday,17.6,1023.3,60.6,20.1,Clear
129.0,2022-02-02,06:00,Winter,2.0,Wednesday,17.0,1028.1,54.2,9.8,Clear
127.0,2022-02-02,16:00,Winter,2.0,Wednesday,20.1,1024.5,68.4,18.9,Fog
132.0,2022-02-03,02:00,Winter,2.0,Thursday,5.9,1019.7,41.2,15.1,Fog
130.0,2022-02-03,03:00,Winter,2.0,Thursday,7.8,1020.8,67.3,10.7,Clear
131.0,2022-02-03,13:00,Winter,2.0,Thursday,23.9,1020.2,70.3,14.0,Haze
134.0,2022-02-04,04:00,Winter,2.0,Friday,23.5,1015.0,55.3,12.4,Fog
135.0,2022-02-04,15:00,Winter,2.0,Friday,23.1,1022.3,44.8,11.5,Haze
136.0,2022-02-04,22:00,Winter,2.0,Friday,18.15,1019.5,68.7,14.6,Clear
133.0,2022-02-04,23:00,Winter,2.0,Friday,13.2,1015.5,74.1,8.4,Partly Cloudy
138.0,2022-02-05,03:00,Winter,2.0,Saturday,14.1,1010.7,61.8,11.0,Cloudy
137.0,2022-02-05,19:00,Winter,2.0,Saturday,17.8,1020.9,51.6,9.5,Clear
139.0,2022-02-05,23:00,Winter,2.0,Saturday,12.5,1019.0,44.1,13.4,Haze
140.0,2022-02-05,23:00,Winter,2.0,Saturday,15.5,1018.5,56.3,9.1,Cloudy
141.0,2022-02-06,01:00,Winter,2.0,Sunday,10.5,1017.9,60.5,13.2,Cloudy
145.0,2022-02-06,16:00,Winter,2.0,Sunday,21.4,1008.3,59.3,11.7,Cloudy
142.0,2022-02-06,17:00,Winter,2.0,Sunday,20.0,1021.6,46.7,11.5,Clear
143.0,2022-02-06,18:00,Winter,2.0,Sunday,16.9,1018.0,49.6,16.9,Clear
144.0,2022-02-06,18:00,Winter,2.0,Sunday,19.0,1015.4,49.1,12.6,Cloudy
146.0,2022-02-07,13:00,Winter,2.0,Monday,23.2,1021.4,65.1,13.7,Cloudy
147.0,2022-02-07,18:00,Winter,2.0,Monday,17.0,1021.2,56.4,11.0,Clear
154.0,2022-02-08,03:00,Winter,2.0,Tuesday,16.0,1019.1,56.099999999999994,16.5,Partly Cloudy
158.0,2022-02-08,03:00,Winter,2.0,Tuesday,13.3,1016.3,55.8,17.1,Clear
152.0,2022-02-08,05:00,Winter,2.0,Tuesday,18.1,1018.3,50.8,9.6,Fog
151.0,2022-02-08,11:00,Winter,2.0,Tuesday,22.7,1023.3,36.0,15.3,Cloudy
150.0,2022-02-08,12:00,Winter,2.0,Tuesday,25.8,1015.9,56.6,8.3,Fog
157.0,2022-02-08,12:00,Winter,2.0,Tuesday,21.6,1017.2,56.8,15.6,Clear
156.0,2022-02-08,15:00,Winter,2.0,Tuesday,23.4,1021.4,45.8,11.9,Clear
155.0,2022-02-08,18:00,Winter,2.0,Tuesday,18.5,1022.2,36.7,8.8,Fog
153.0,2022-02-08,20:00,Winter,2.0,Tuesday,17.5,1019.3,67.9,15.7,Fog
148.0,2022-02-08,21:00,Winter,2.0,Tuesday,16.7,1013.2,44.8,11.1,Clear
149.0,2022-02-08,23:00,Winter,2.0,Tuesday,8.4,1007.5,62.0,12.8,Fog
162.0,2022-02-09,00:00,Winter,2.0,Wednesday,9.7,1013.4,54.2,15.3,Haze
160.0,2022-02-09,16:00,Winter,2.0,Wednesday,23.7,1016.7,52.3,8.5,Cloudy
163.0,2022-02-09,17:00,Winter,2.0,Wednesday,15.5,1014.9,44.6,10.3,Fog
159.0,2022-02-09,22:00,Winter,2.0,Wednesday,13.7,1018.9,57.3,18.0,Partly Cloudy
161.0,2022-02-09,22:00,Winter,2.0,Wednesday,11.6,1019.6,41.3,9.0,Cloudy
167.0,2022-02-10,10:00,Winter,2.0,Thursday,17.9,1018.6,68.5,17.0,Clear
166.0,2022-02-10,14:00,Winter,2.0,Thursday,24.2,1019.7,39.9,13.4,Clear
165.0,2022-02-10,16:00,Winter,2.0,Thursday,20.0,1019.9,53.6,10.3,Partly Cloudy
164.0,2022-02-10,19:00,Winter,2.0,Thursday,18.1,1014.0,38.8,10.0,Fog
170.0,2022-02-11,00:00,Winter,2.0,Friday,10.1,1015.4,53.7,10.2,Fog
172.0,2022-02-11,05:00,Winter,2.0,Friday,21.6,1020.3,61.4,17.4,Fog
169.0,2022-02-11,12:00,Winter,2.0,Friday,25.7,1018.8,47.4,14.4,Fog
171.0,2022-02-11,16:00,Winter,2.0,Friday,22.6,1012.7,64.8,10.4,Cloudy
168.0,2022-02-11,21:00,Winter,2.0,Friday,12.2,1006.4,74.3,14.4,Clear
173.0,2022-02-12,03:00,Winter,2.0,Saturday,12.8,1015.8,59.3,9.3,Clear
176.0,2022-02-12,14:00,Winter,2.0,Saturday,24.8,1011.5,56.2,8.4,Clear
177.0,2022-02-12,14:00,Winter,2.0,Saturday,23.3,1023.8,46.8,14.5,Fog
175.0,2022-02-12,15:00,Winter,2.0,Saturday,22.8,1022.2,66.0,11.6,Clear
174.0,2022-02-12,19:00,Winter,2.0,Saturday,14.2,1012.3,47.1,10.0,Partly Cloudy
178.0,2022-02-13,05:00,Winter,2.0,Sunday,16.2,1022.6,60.6,20.9,Cloudy
182.0,2022-02-15,06:00,Winter,2.0,Tuesday,21.0,1024.3,55.5,15.9,Cloudy
181.0,2022-02-15,10:00,Winter,2.0,Tuesday,23.4,1021.7,58.4,13.100000000000001,Cloudy
180.0,2022-02-15,13:00,Winter,2.0,Tuesday,25.8,1019.6,61.3,10.3,Clear
179.0,2022-02-15,14:00,Winter,2.0,Tuesday,24.9,1017.6,52.8,19.2,Cloudy
189.0,2022-02-16,02:00,Winter,2.0,Wednesday,15.2,1018.5,53.0,18.2,Clear
185.0,2022-02-16,04:00,Winter,2.0,Wednesday,12.3,1018.2,56.1,10.3,Cloudy
183.0,2022-02-16,08:00,Winter,2.0,Wednesday,23.9,1016.2,54.8,9.2,Clear
187.0,2022-02-16,09:00,Winter,2.0,Wednesday,22.9,1014.4,68.9,10.0,Partly Cloudy
184.0,2022-02-16,15:00,Winter,2.0,Wednesday,22.1,1015.4,47.3,15.7,Cloudy
188.0,2022-02-16,17:00,Winter,2.0,Wednesday,19.7,1011.3,55.6,8.5,Fog
186.0,2022-02-16,19:00,Winter,2.0,Wednesday,18.1,1017.5,37.0,10.2,Haze
191.0,2022-02-17,10:00,Winter,2.0,Thursday,21.1,1023.3,73.2,9.4,Fog
190.0,2022-02-17,12:00,Winter,2.0,Thursday,25.7,1024.6,51.0,15.1,Fog
194.0,2022-02-18,12:00,Winter,2.0,Friday,24.1,1016.3,66.0,13.0,Clear
192.0,2022-02-18,16:00,Winter,2.0,Friday,19.0,1012.9,60.2,15.4,Partly Cloudy
193.0,2022-02-18,21:00,Winter,2.0,Friday,15.5,1014.8499999999999,60.9,8.9,Cloudy
195.0,2022-02-19,05:00,Winter,2.0,Saturday,17.6,1016.8,49.8,9.8,Clear
201.0,2022-02-20,09:00,Winter,2.0,Sunday,23.6,1011.7,48.5,10.3,Haze
197.0,2022-02-20,12:00,Winter,2.0,Sunday,27.2,1014.0,60.9,12.4,Clear
196.0,2022-02-20,16:00,Winter,2.0,Sunday,21.7,1015.4,56.8,20.6,Cloudy
198.0,2022-02-20,18:00,Winter,2.0,Sunday,17.3,1016.7,55.5,16.1,Cloudy
200.0,2022-02-20,18:00,Winter,2.0,Sunday,19.9,1017.6,43.9,17.6,Clear
199.0,2022-02-20,20:00,Winter,2.0,Sunday,15.6,1016.2,63.6,10.1,Clear
202.0,2022-02-22,02:00,Winter,2.0,Tuesday,14.8,1029.6,63.8,11.0,Clear
205.0,2022-02-22,04:00,Winter,2.0,Tuesday,15.2,1024.4,56.2,17.1,Haze
206.0,2022-02-22,04:00,Winter,2.0,Tuesday,13.9,1023.4,54.2,22.4,Clear
203.0,2022-02-22,13:00,Winter,2.0,Tuesday,22.4,1015.0,51.9,10.6,Clear
204.0,2022-02-22,18:00,Winter,2.0,Tuesday,17.3,1019.0,55.8,9.0,Clear
207.0,2022-02-22,19:00,Winter,2.0,Tuesday,17.3,1018.0,47.8,17.2,haze
212.0,2022-02-23,03:00,Winter,2.0,Wednesday,11.5,1023.4,50.2,17.8,Clear
211.0,2022-02-23,04:00,Winter,2.0,Wednesday,12.1,1018.1,40.7,20.6,Clear
210.0,2022-02-23,09:00,Winter,2.0,Wednesday,19.8,1021.7,63.0,13.6,Clear
208.0,2022-02-23,16:00,Winter,2.0,Wednesday,20.2,1023.1,58.9,9.0,Haze
209.0,2022-02-23,20:00,Winter,2.0,Wednesday,11.2,1017.6,60.4,10.1,Clear
213.0,2022-02-24,05:00,Winter,2.0,Thursday,13.7,1020.0,61.5,15.6,Partly Cloudy
215.0,2022-02-24,06:00,Winter,2.0,Thursday,20.9,1028.0,32.3,13.5,Fog
216.0,2022-02-24,06:00,Winter,2.0,Thursday,18.3,1011.2,47.0,11.3,Fog
219.0,2022-02-25,00:00,Winter,2.0,Friday,8.9,1017.3,64.3,17.0,Clear
218.0,2022-02-25,02:00,Winter,2.0,Friday,11.7,1018.6,74.4,19.6,Clear
217.0,2022-02-25,17:00,Winter,2.0,Friday,18.4,1025.0,54.5,10.7,Clear
221.0,2022-02-27,03:00,Winter,2.0,Sunday,11.8,1021.5,48.9,12.5,Cloudy
222.0,2022-02-27,05:00,Winter,2.0,Sunday,11.7,1018.0,50.3,17.7,Partly Cloudy
223.0,2022-02-27,08:00,Winter,2.0,Sunday,20.3,1017.2,51.5,23.8,Fog
224.0,2022-02-27,21:00,Winter,2.0,Sunday,10.7,1021.5,53.7,13.1,Clear
220.0,2022-02-27,23:00,Winter,2.0,Sunday,12.8,1021.2,49.7,8.4,Fog
226.0,2022-02-28,11:00,Winter,2.0,Monday,26.1,1017.5,52.0,13.9,Cloudy
225.0,2022-02-28,13:00,Winter,2.0,Monday,25.7,1023.2,65.0,17.1,Clear
227.0,2022-02-28,19:00,Winter,2.0,Monday,16.3,1019.9,82.7,9.6,Partly Cloudy
228.0,2022-02-28,23:00,Winter,2.0,Monday,11.6,1019.0,41.3,22.5,Cloudy
229.0,2022-03-01,03:00,Summer,3.0,Tuesday,33.9,1009.4,40.4,20.5,Clear
230.0,2022-03-01,20:00,Summer,3.0,Tuesday,32.9,1006.4,74.6,18.5,Clear
231.0,2022-03-01,23:00,Summer,3.0,Tuesday,30.1,1008.2,31.4,14.5,Clear
233.0,2022-03-02,09:00,Summer,3.0,Wednesday,36.5,998.9,43.0,15.2,Cloudy
232.0,2022-03-02,11:00,Summer,3.0,Wednesday,40.1,1002.3,47.7,13.5,Haze
234.0,2022-03-02,21:00,Summer,3.0,Wednesday,31.2,1007.9,34.3,18.6,Clear
236.0,2022-03-03,02:00,Summer,3.0,Thursday,28.8,1006.5,48.9,15.7,Haze
235.0,2022-03-03,06:00,Summer,3.0,Thursday,37.2,1000.2,49.3,16.3,Fog
237.0,2022-03-03,22:00,Summer,3.0,Thursday,26.1,1005.9,43.2,15.2,Clear
240.0,2022-03-04,09:00,Summer,3.0,Friday,42.6,1008.1,53.3,17.5,Cloudy
238.0,2022-03-04,13:00,Summer,3.0,Friday,36.8,1009.9,52.2,20.1,Clear
241.0,2022-03-04,15:00,Summer,3.0,Friday,37.3,1000.0,43.7,15.4,Clear
242.0,2022-03-04,15:00,Summer,3.0,Friday,35.8,1005.3,27.2,14.0,Fog
239.0,2022-03-04,23:00,Summer,3.0,Friday,28.5,1012.2,61.2,19.8,Haze
243.0,2022-03-05,21:00,Summer,3.0,Saturday,29.6,1007.0,52.1,15.0,Partly Cloudy
246.0,2022-03-06,05:00,Summer,3.0,Sunday,29.2,1000.3,28.6,17.7,Partly Cloudy
244.0,2022-03-06,09:00,Summer,3.0,Sunday,39.9,1006.3,33.8,17.9,Partly Cloudy
247.0,2022-03-06,11:00,Summer,3.0,Sunday,40.3,1002.8,50.7,18.1,Haze
245.0,2022-03-06,12:00,Summer,3.0,Sunday,42.6,1001.8,38.1,13.2,Haze
248.0,2022-03-07,08:00,Summer,3.0,Monday,36.8,1005.9,44.5,14.0,Clear
250.0,2022-03-08,03:00,Summer,3.0,Tuesday,28.9,1005.0,38.3,15.8,Partly Cloudy
249.0,2022-03-08,12:00,Summer,3.0,Tuesday,41.6,1007.8,50.5,19.7,Clear
251.0,2022-03-08,23:00,Summer,3.0,Tuesday,29.3,1003.9,26.2,17.6,Partly Cloudy
257.0,2022-03-10,03:00,Summer,3.0,Thursday,27.6,1005.4,38.7,15.0,Clear
252.0,2022-03-10,10:00,Summer,3.0,Thursday,41.4,1004.9,43.4,19.5,Clear
255.0,2022-03-10,10:00,Summer,3.0,Thursday,37.25,1009.1,50.3,28.2,Haze
254.0,2022-03-10,17:00,Summer,3.0,Thursday,33.1,1007.3,18.3,22.8,Clear
253.0,2022-03-10,19:00,Summer,3.0,Thursday,31.9,1006.1,31.7,15.3,Haze
256.0,2022-03-10,20:00,Summer,3.0,Thursday,30.5,1001.3,61.9,14.1,Partly Cloudy
259.0,2022-03-11,00:00,Summer,3.0,Friday,27.4,1000.6,34.5,15.2,Clear
258.0,2022-03-11,17:00,Summer,3.0,Friday,32.4,1002.5,42.4,19.4,Haze
261.0,2022-03-13,05:00,Summer,3.0,Sunday,30.2,1002.1,47.8,13.9,Clear
260.0,2022-03-13,06:00,Summer,3.0,Sunday,38.9,1003.6,40.3,14.1,Cloudy
262.0,2022-03-13,14:00,Summer,3.0,Sunday,35.4,1004.8,46.4,16.7,Clear
265.0,2022-03-14,10:00,Summer,3.0,Monday,38.2,997.6,43.3,13.1,Clear
263.0,2022-03-14,17:00,Summer,3.0,Monday,37.3,1004.7,40.2,25.8,Cloudy
266.0,2022-03-14,19:00,Summer,3.0,Monday,34.5,1005.6,62.3,17.0,Clear
264.0,2022-03-14,23:00,Summer,3.0,Monday,27.1,1001.0,55.3,15.9,Partly Cloudy
267.0,2022-03-14,23:00,Summer,3.0,Monday,28.4,1004.4,39.9,13.1,Partly Cloudy
268.0,2022-03-15,14:00,Summer,3.0,Tuesday,35.5,1005.4,38.5,15.7,Clear
270.0,2022-03-16,06:00,Summer,3.0,Wednesday,35.0,1001.4,53.8,16.2,Clear
272.0,2022-03-16,09:00,Summer,3.0,Wednesday,41.5,1002.1,34.1,12.0,Haze
273.0,2022-03-16,11:00,Summer,3.0,Wednesday,42.2,1006.5,33.6,21.6,Cloudy
269.0,2022-03-16,15:00,Summer,3.0,Wednesday,37.7,1001.8,49.7,27.9,Partly Cloudy
271.0,2022-03-16,20:00,Summer,3.0,Wednesday,30.6,997.3,46.6,15.7,Fog
274.0,2022-03-16,23:00,Summer,3.0,Wednesday,29.7,1008.5,48.4,13.2,Clear
276.0,2022-03-17,04:00,Summer,3.0,Thursday,28.4,1003.1,54.0,13.7,Fog
275.0,2022-03-17,13:00,Summer,3.0,Thursday,39.0,1005.3,31.6,17.2,Clear
277.0,2022-03-17,20:00,Summer,3.0,Thursday,32.5,1001.5,32.7,19.7,Clear
278.0,2022-03-18,17:00,Summer,3.0,Friday,36.4,1005.6,35.3,23.9,Haze
280.0,2022-03-19,02:00,Summer,3.0,Saturday,25.9,1003.3,37.0,23.9,Clear
279.0,2022-03-19,04:00,Summer,3.0,Saturday,32.6,1002.0,38.7,14.6,Cloudy
282.0,2022-03-19,04:00,Summer,3.0,Saturday,31.2,1012.6,34.4,13.0,Clear
281.0,2022-03-19,22:00,Summer,3.0,Saturday,33.4,1010.9,38.5,12.4,Partly Cloudy
283.0,2022-03-19,23:00,Summer,3.0,Saturday,30.2,1010.9,51.9,15.1,Haze
284.0,2022-03-20,16:00,Summer,3.0,Sunday,38.9,1004.9,52.8,13.6,Haze
285.0,2022-03-20,18:00,Summer,3.0,Sunday,30.7,1004.3,42.5,12.7,Haze
286.0,2022-03-20,18:00,Summer,3.0,Sunday,33.2,1004.7,41.2,17.8,Haze
288.0,2022-03-21,11:00,Summer,3.0,Monday,37.6,1004.2,40.5,12.1,Clear
287.0,2022-03-21,20:00,Summer,3.0,Monday,29.6,1011.8,49.7,12.1,Clear
290.0,2022-03-22,00:00,Summer,3.0,Tuesday,26.0,1005.4,34.4,18.4,Clear
289.0,2022-03-22,08:00,Summer,3.0,Tuesday,37.4,999.0,49.0,18.1,Clear
291.0,2022-03-22,17:00,Summer,3.0,Tuesday,36.3,1004.8,57.8,16.7,Clear
292.0,2022-03-22,20:00,Summer,3.0,Tuesday,31.8,1001.5,47.5,16.9,Clear
293.0,2022-03-23,03:00,Summer,3.0,Wednesday,29.9,1000.4,57.1,18.6,Clear
295.0,2022-03-24,06:00,Summer,3.0,Thursday,34.7,999.8,48.8,12.6,Clear
296.0,2022-03-24,21:00,Summer,3.0,Thursday,30.3,1004.8,47.3,31.4,Clear
298.0,2022-03-25,00:00,Summer,3.0,Friday,30.1,1007.3,36.9,14.2,Partly Cloudy
301.0,2022-03-25,01:00,Summer,3.0,Friday,24.3,1007.3,51.2,13.0,Clear
304.0,2022-03-25,06:00,Summer,3.0,Friday,31.7,1004.5,45.3,12.8,Fog
303.0,2022-03-25,08:00,Summer,3.0,Friday,34.8,1000.8,46.1,13.1,Clear
299.0,2022-03-25,16:00,Summer,3.0,Friday,31.95,1000.7,46.5,19.9,Cloudy
297.0,2022-03-25,22:00,Summer,3.0,Friday,29.1,1002.8,48.8,12.8,Cloudy
300.0,2022-03-25,23:00,Summer,3.0,Friday,29.4,999.8,47.3,16.1,Partly Cloudy
306.0,2022-03-26,16:00,Summer,3.0,Saturday,38.8,1007.5,31.9,23.0,Clear
307.0,2022-03-26,16:00,Summer,3.0,Saturday,36.0,997.9,43.8,18.1,Cloudy
305.0,2022-03-26,21:00,Summer,3.0,Saturday,30.5,1007.4,42.3,14.9,Clear
313.0,2022-03-27,00:00,Summer,3.0,Sunday,29.8,1006.5,40.4,13.4,Clear
308.0,2022-03-27,01:00,Summer,3.0,Sunday,26.3,1005.6,43.9,20.3,Clear
312.0,2022-03-27,01:00,Summer,3.0,Sunday,28.8,1003.8,43.0,19.5,Clear
309.0,2022-03-27,05:00,Summer,3.0,Sunday,33.6,996.3,58.4,14.3,Clear
311.0,2022-03-27,05:00,Summer,3.0,Sunday,32.8,1006.0,51.3,26.3,Haze
310.0,2022-03-27,13:00,Summer,3.0,Sunday,38.4,1009.3,45.8,16.0,Haze
317.0,2022-03-28,01:00,Summer,3.0,Monday,25.5,1014.5,50.5,17.8,Clear
316.0,2022-03-28,04:00,Summer,3.0,Monday,26.4,1012.15,46.2,12.3,Cloudy
314.0,2022-03-28,09:00,Summer,3.0,Monday,35.2,1009.8,36.7,15.5,Haze
315.0,2022-03-28,20:00,Summer,3.0,Monday,33.4,1001.3,47.2,15.5,Clear
320.0,2022-03-29,01:00,Summer,3.0,Tuesday,28.2,1008.5,39.6,12.3,Partly Cloudy
319.0,2022-03-29,15:00,Summer,3.0,Tuesday,34.3,1005.5,60.7,15.3,Clear
318.0,2022-03-29,21:00,Summer,3.0,Tuesday,29.1,1010.1,39.0,17.1,CLEAR
322.0,2022-03-30,01:00,Summer,3.0,Wednesday,28.9,1009.0,39.2,14.0,Haze
321.0,2022-03-30,09:00,Summer,3.0,Wednesday,34.7,1005.5,42.4,17.2,Partly Cloudy
323.0,2022-03-30,15:00,Summer,3.0,Wednesday,35.6,1007.4,43.0,13.5,Clear
324.0,2022-03-30,15:00,Summer,3.0,Wednesday,42.0,1010.3,38.4,14.0,Partly Cloudy
326.0,2022-03-31,06:00,Summer,3.0,Thursday,33.8,1003.5,35.3,15.1,Partly Cloudy
328.0,2022-03-31,11:00,Summer,3.0,Thursday,39.6,1013.4,50.5,13.9,Clear
325.0,2022-03-31,18:00,Summer,3.0,Thursday,28.9,1014.4,48.2,14.9,Clear
327.0,2022-03-31,21:00,Summer,3.0,Thursday,34.8,1005.2,56.25,16.7,Fog
329.0,2022-03-31,23:00,Summer,3.0,Thursday,24.7,1004.0,64.3,17.2,Clear
330.0,2022-04-01,14:00,Summer,4.0,Friday,34.8,1003.7,34.5,14.4,Cloudy
334.0,2022-04-02,02:00,Summer,4.0,Saturday,23.8,1004.3,51.6,18.3,Cloudy
332.0,2022-04-02,05:00,Summer,4.0,Saturday,27.35,1001.5,37.8,13.5,Clear
331.0,2022-04-02,07:00,Summer,4.0,Saturday,30.9,1008.1,45.6,22.8,Haze
333.0,2022-04-02,09:00,Summer,4.0,Saturday,38.4,1008.9,53.7,16.6,Cloudy
336.0,2022-04-02,16:00,Summer,4.0,Saturday,34.1,998.1,40.3,19.2,Clear
335.0,2022-04-02,18:00,Summer,4.0,Saturday,31.3,1008.2,46.5,22.4,Haze
337.0,2022-04-03,06:00,Summer,4.0,Sunday,33.5,1002.6,15.0,22.5,Clear
338.0,2022-04-03,20:00,Summer,4.0,Sunday,25.0,1005.1,34.9,23.0,Clear
339.0,2022-04-04,19:00,Summer,4.0,Monday,29.7,1007.6,52.2,17.3,Haze
340.0,2022-04-05,03:00,Summer,4.0,Tuesday,26.8,1003.8,46.2,17.2,Cloudy
341.0,2022-04-05,13:00,Summer,4.0,Tuesday,37.4,1000.2,42.4,17.4,Clear
344.0,2022-04-05,14:00,Summer,4.0,Tuesday,42.2,1010.0,57.4,13.0,Fog
342.0,2022-04-05,19:00,Summer,4.0,Tuesday,33.1,1007.3,64.4,28.0,Clear
343.0,2022-04-05,21:00,Summer,4.0,Tuesday,32.0,1004.7,52.2,13.7,Cloudy
346.0,2022-04-06,07:00,Summer,4.0,Wednesday,35.7,1010.6,43.4,15.7,Clear
348.0,2022-04-06,14:00,Summer,4.0,Wednesday,32.3,1009.1,57.1,18.2,Clear
347.0,2022-04-06,20:00,Summer,4.0,Wednesday,28.9,1005.3,55.6,17.1,Fog
345.0,2022-04-06,23:00,Summer,4.0,Wednesday,29.6,1010.2,55.7,14.0,Haze
350.0,2022-04-07,19:00,Summer,4.0,Thursday,35.2,1006.3,44.6,18.0,Partly Cloudy
349.0,2022-04-07,21:00,Summer,4.0,Thursday,29.9,1004.3,47.4,19.2,Haze
353.0,2022-04-08,07:00,Summer,4.0,Friday,31.6,996.8,32.7,18.7,Partly Cloudy
352.0,2022-04-08,08:00,Summer,4.0,Friday,37.6,1002.8,35.7,20.3,Clear
351.0,2022-04-08,13:00,Summer,4.0,Friday,37.0,999.8,47.7,20.1,Clear
360.0,2022-04-09,00:00,Summer,4.0,Saturday,33.4,1007.8,52.9,15.8,Haze
355.0,2022-04-09,01:00,Summer,4.0,Saturday,26.1,1004.3,42.7,18.0,Partly Cloudy
357.0,2022-04-09,02:00,Summer,4.0,Saturday,30.0,1006.8,42.6,18.2,Partly Cloudy
363.0,2022-04-09,02:00,Summer,4.0,Saturday,31.4,1010.4,48.1,15.1,Haze
364.0,2022-04-09,05:00,Summer,4.0,Saturday,31.8,1009.8,58.1,17.1,Haze
358.0,2022-04-09,07:00,Summer,4.0,Saturday,36.6,1002.9,25.6,23.8,Fog
361.0,2022-04-09,09:00,Summer,4.0,Saturday,36.5,1005.0,47.1,16.4,Clear
359.0,2022-04-09,11:00,Summer,4.0,Saturday,39.2,1007.1,49.8,14.4,Cloudy
354.0,2022-04-09,16:00,Summer,4.0,Saturday,36.1,1007.0,44.4,13.5,Clear
362.0,2022-04-09,19:00,Summer,4.0,Saturday,36.5,1008.9,63.0,13.3,Haze
356.0,2022-04-09,23:00,Summer,4.0,Saturday,28.9,1007.8,48.1,16.3,Haze
365.0,2022-04-10,06:00,Summer,4.0,Sunday,33.6,1000.5,56.6,13.2,Clear
366.0,2022-04-10,19:00,Summer,4.0,Sunday,32.2,1008.2,59.1,13.4,Haze
367.0,2022-04-10,22:00,Summer,4.0,Sunday,29.1,1006.2,40.7,12.1,Clear
369.0,2022-04-11,10:00,Summer,4.0,Monday,38.3,1002.0,47.7,14.3,Partly Cloudy
368.0,2022-04-11,17:00,Summer,4.0,Monday,38.2,1001.6,38.9,15.7,Clear
370.0,2022-04-11,18:00,Summer,4.0,Monday,32.4,1008.4,54.3,22.6,Clear
371.0,2022-04-12,04:00,Summer,4.0,Tuesday,29.2,1010.9,44.6,21.0,Clear
373.0,2022-04-12,10:00,Summer,4.0,Tuesday,36.4,1011.1,55.3,18.0,Clear
375.0,2022-04-12,11:00,Summer,4.0,Tuesday,38.4,1005.5,70.3,12.1,Clear
372.0,2022-04-12,18:00,Summer,4.0,Tuesday,31.8,1008.4,36.9,12.1,Haze
374.0,2022-04-12,23:00,Summer,4.0,Tuesday,25.5,1007.3,33.9,23.8,Clear
377.0,2022-04-13,07:00,Summer,4.0,Wednesday,40.3,1004.5,41.0,17.8,CLEAR
379.0,2022-04-13,08:00,Summer,4.0,Wednesday,38.6,1010.5,61.3,13.6,Partly Cloudy
376.0,2022-04-13,09:00,Summer,4.0,Wednesday,35.9,1004.8,52.0,14.1,Cloudy
378.0,2022-04-13,23:00,Summer,4.0,Wednesday,27.5,999.1,47.2,20.5,Haze
380.0,2022-04-14,03:00,Summer,4.0,Thursday,26.2,1010.3,49.0,12.5,Clear
381.0,2022-04-14,04:00,Summer,4.0,Thursday,30.9,998.0,41.9,13.9,Clear
383.0,2022-04-14,07:00,Summer,4.0,Thursday,35.0,1008.7,45.8,19.0,Fog
382.0,2022-04-14,20:00,Summer,4.0,Thursday,31.4,1003.6,39.1,20.3,Clear
385.0,2022-04-15,08:00,Summer,4.0,Friday,34.8,999.8,58.5,16.3,Clear
384.0,2022-04-15,22:00,Summer,4.0,Friday,29.3,1005.2,32.2,17.7,Haze
390.0,2022-04-16,07:00,Summer,4.0,Saturday,35.7,1006.8,47.4,24.6,Fog
389.0,2022-04-16,13:00,Summer,4.0,Saturday,39.8,1009.4,46.4,13.7,Haze
386.0,2022-04-16,14:00,Summer,4.0,Saturday,43.4,1006.1,40.0,25.6,Fog
387.0,2022-04-16,14:00,Summer,4.0,Saturday,40.8,1006.1,54.3,17.4,Clear
388.0,2022-04-16,15:00,Summer,4.0,Saturday,40.6,1003.5,40.8,13.8,Clear
391.0,2022-04-16,17:00,Summer,4.0,Saturday,38.2,1009.9,53.0,17.1,Partly Cloudy
394.0,2022-04-17,05:00,Summer,4.0,Sunday,36.6,1001.3,49.9,14.9,Clear
392.0,2022-04-17,09:00,Summer,4.0,Sunday,37.8,997.0,34.7,17.3,Clear
395.0,2022-04-17,11:00,Summer,4.0,Sunday,36.6,1010.0,48.3,21.7,Haze
393.0,2022-04-17,19:00,Summer,4.0,Sunday,33.5,998.0,47.3,17.7,Haze
396.0,2022-04-18,01:00,Summer,4.0,Monday,29.3,1000.7,43.4,15.5,Cloudy
399.0,2022-04-18,02:00,Summer,4.0,Monday,31.1,1002.95,20.8,14.3,Cloudy
397.0,2022-04-18,06:00,Summer,4.0,Monday,39.3,1005.2,16.2,12.5,Clear
398.0,2022-04-18,15:00,Summer,4.0,Monday,35.8,1009.0,37.6,19.7,Clear
401.0,2022-04-19,02:00,Summer,4.0,Tuesday,22.3,1013.2,52.5,15.4,Cloudy
400.0,2022-04-19,12:00,Summer,4.0,Tuesday,39.7,1008.6,49.75,12.5,Clear
402.0,2022-04-19,17:00,Summer,4.0,Tuesday,34.0,1007.3,47.0,16.6,Clear
403.0,2022-04-20,10:00,Summer,4.0,Wednesday,31.25,1013.1,42.666666666666664,16.5,Clear
406.0,2022-04-21,00:00,Summer,4.0,Thursday,28.5,1010.3,38.333333333333336,16.400000000000002,Haze
407.0,2022-04-21,00:00,Summer,4.0,Thursday,26.6,999.0,34.0,16.3,Haze
405.0,2022-04-21,05:00,Summer,4.0,Thursday,31.5,1004.3,57.5,16.8,Clear
404.0,2022-04-21,07:00,Summer,4.0,Thursday,34.0,1001.1,66.4,14.1,Partly Cloudy
408.0,2022-04-22,22:00,Summer,4.0,Friday,27.4,1006.1,27.7,12.1,Partly Cloudy
414.0,2022-04-23,03:00,Summer,4.0,Saturday,30.6,1007.1,45.1,14.3,Haze
410.0,2022-04-23,04:00,Summer,4.0,Saturday,32.6,1015.2,49.4,22.0,Clear
413.0,2022-04-23,04:00,Summer,4.0,Saturday,31.7,1009.9,50.2,26.4,Cloudy
415.0,2022-04-23,05:00,Summer,4.0,Saturday,28.4,1001.9,34.6,15.9,Partly Cloudy
409.0,2022-04-23,07:00,Summer,4.0,Saturday,32.2,1003.8,24.7,20.3,Clear
412.0,2022-04-23,10:00,Summer,4.0,Saturday,38.8,1007.6,38.3,17.3,Haze
411.0,2022-04-23,15:00,Summer,4.0,Saturday,37.1,1009.9,38.6,17.9,Clear
419.0,2022-04-24,08:00,Summer,4.0,Sunday,35.0,1002.0,44.8,24.8,Clear
416.0,2022-04-24,13:00,Summer,4.0,Sunday,38.9,1010.2,35.1,18.0,Haze
418.0,2022-04-24,18:00,Summer,4.0,Sunday,32.8,999.4,48.7,14.6,Clear
417.0,2022-04-24,21:00,Summer,4.0,Sunday,27.6,1010.4,29.5,20.7,Clear
421.0,2022-04-25,10:00,Summer,4.0,Monday,41.5,1005.9,48.1,14.9,Clear
420.0,2022-04-25,11:00,Summer,4.0,Monday,38.7,1003.7,34.9,16.9,Haze
422.0,2022-04-25,13:00,Summer,4.0,Monday,43.3,1006.5,45.4,14.1,Cloudy
425.0,2022-04-26,00:00,Summer,4.0,Tuesday,29.4,1009.8,49.5,16.0,Cloudy
424.0,2022-04-26,15:00,Summer,4.0,Tuesday,41.4,1008.9,33.8,13.1,Partly Cloudy
423.0,2022-04-26,22:00,Summer,4.0,Tuesday,28.4,1005.0,44.7,13.1,Clear
431.0,2022-04-27,01:00,Summer,4.0,Wednesday,30.2,998.2,42.8,18.5,Haze
432.0,2022-04-27,03:00,Summer,4.0,Wednesday,25.9,1007.7,58.6,14.9,Cloudy
426.0,2022-04-27,12:00,Summer,4.0,Wednesday,43.9,1003.3,45.5,18.1,Haze
430.0,2022-04-27,12:00,Summer,4.0,Wednesday,40.3,1002.8,40.7,14.3,Clear
428.0,2022-04-27,20:00,Summer,4.0,Wednesday,35.0,1011.2,67.2,21.8,Haze
429.0,2022-04-27,20:00,Summer,4.0,Wednesday,27.3,1007.7,46.0,23.1,Partly Cloudy
427.0,2022-04-27,22:00,Summer,4.0,Wednesday,27.8,1003.3,44.3,17.1,Clear
437.0,2022-04-28,00:00,Summer,4.0,Thursday,28.6,1010.0,46.6,14.5,Partly Cloudy
436.0,2022-04-28,02:00,Summer,4.0,Thursday,30.2,996.3,50.8,15.1,Fog
435.0,2022-04-28,04:00,Summer,4.0,Thursday,30.1,1003.7,46.7,17.3,Haze
433.0,2022-04-28,05:00,Summer,4.0,Thursday,32.9,1009.4,27.6,17.6,Clear
434.0,2022-04-28,22:00,Summer,4.0,Thursday,29.6,1002.3,36.2,17.1,Fog
440.0,2022-04-29,01:00,Summer,4.0,Friday,25.5,1005.2,41.7,18.3,Clear
442.0,2022-04-29,02:00,Summer,4.0,Friday,30.5,998.4,60.9,16.0,Partly Cloudy
441.0,2022-04-29,04:00,Summer,4.0,Friday,30.5,1007.3,36.4,13.4,Partly Cloudy
443.0,2022-04-29,08:00,Summer,4.0,Friday,31.8,1005.7,40.0,17.3,Haze
439.0,2022-04-29,19:00,Summer,4.0,Friday,33.8,1007.2,36.7,16.6,Clear
445.0,2022-04-30,05:00,Summer,4.0,Saturday,30.2,1005.9,62.3,12.4,Fog
447.0,2022-04-30,05:00,Summer,4.0,Saturday,30.7,1002.5,35.2,18.8,Clear
449.0,2022-04-30,11:00,Summer,4.0,Saturday,36.8,1001.1,31.7,12.5,Haze
446.0,2022-04-30,17:00,Summer,4.0,Saturday,32.0,1010.7,49.5,14.0,Partly Cloudy
448.0,2022-04-30,18:00,Summer,4.0,Saturday,32.8,1002.2,61.2,15.0,Clear
444.0,2022-04-30,19:00,Summer,4.0,Saturday,35.1,1003.8,25.2,19.1,Partly Cloudy
451.0,2022-05-01,01:00,Summer,5.0,Sunday,31.4,1004.7,43.9,21.8,Clear
450.0,2022-05-01,10:00,Summer,5.0,Sunday,42.1,1005.5,66.2,13.4,Haze
455.0,2022-05-02,08:00,Summer,5.0,Monday,33.9,1011.1,52.8,18.9,Haze
453.0,2022-05-02,11:00,Summer,5.0,Monday,40.7,1008.9,52.7,16.6,Clear
454.0,2022-05-02,11:00,Summer,5.0,Monday,41.9,1002.4,52.9,13.4,Clear
452.0,2022-05-02,14:00,Summer,5.0,Monday,39.7,1004.0,27.7,28.6,Partly Cloudy
456.0,2022-05-03,20:00,Summer,5.0,Tuesday,30.6,1005.8,65.1,15.8,Clear
458.0,2022-05-04,01:00,Summer,5.0,Wednesday,26.7,1004.7,25.4,16.200000000000003,Partly Cloudy
460.0,2022-05-04,02:00,Summer,5.0,Wednesday,30.4,1003.6,49.5,16.6,Fog
459.0,2022-05-04,21:00,Summer,5.0,Wednesday,31.7,998.4,43.4,12.1,Clear
457.0,2022-05-04,23:00,Summer,5.0,Wednesday,30.7,1001.1,48.8,17.4,Haze
461.0,2022-05-05,11:00,Summer,5.0,Thursday,38.1,1008.0,55.0,12.5,Haze
465.0,2022-05-06,00:00,Summer,5.0,Friday,26.8,1008.1,41.0,18.6,Clear
462.0,2022-05-06,15:00,Summer,5.0,Friday,34.1,1002.2,46.7,26.1,Clear
463.0,2022-05-06,20:00,Summer,5.0,Friday,30.5,1009.1,46.55,13.7,Cloudy
464.0,2022-05-06,23:00,Summer,5.0,Friday,25.9,1004.2,46.4,16.5,Haze
467.0,2022-05-07,02:00,Summer,5.0,Saturday,28.0,996.9,39.9,19.1,Cloudy
468.0,2022-05-07,19:00,Summer,5.0,Saturday,31.0,1009.5,36.4,14.9,Cloudy
466.0,2022-05-07,20:00,Summer,5.0,Saturday,32.0,1001.7,63.0,12.4,Clear
469.0,2022-05-08,01:00,Summer,5.0,Sunday,25.6,995.9,53.8,15.4,Clear
470.0,2022-05-08,08:00,Summer,5.0,Sunday,34.3,1002.05,48.2,18.0,Clear
472.0,2022-05-08,14:00,Summer,5.0,Sunday,43.1,1008.2,42.6,14.1,Partly Cloudy
471.0,2022-05-08,18:00,Summer,5.0,Sunday,36.5,1003.2,48.0,16.1,Clear
474.0,2022-05-09,10:00,Summer,5.0,Monday,41.0,1010.8,38.9,16.7,Haze
473.0,2022-05-09,17:00,Summer,5.0,Monday,37.6,1003.3,37.1,21.7,Clear
475.0,2022-05-09,22:00,Summer,5.0,Monday,31.6,1004.4,51.0,21.3,Haze
484.0,2022-05-10,00:00,Summer,5.0,Tuesday,26.6,1004.8,34.0,19.0,Partly Cloudy
483.0,2022-05-10,02:00,Summer,5.0,Tuesday,30.5,1015.0,44.9,13.2,Partly Cloudy
479.0,2022-05-10,04:00,Summer,5.0,Tuesday,30.2,1004.9,40.0,22.3,Haze
481.0,2022-05-10,10:00,Summer,5.0,Tuesday,38.4,1005.1,51.4,15.5,Clear
480.0,2022-05-10,11:00,Summer,5.0,Tuesday,34.8,1002.6,31.1,15.6,Cloudy
482.0,2022-05-10,14:00,Summer,5.0,Tuesday,38.8,1005.1,39.2,21.1,Haze
476.0,2022-05-10,15:00,Summer,5.0,Tuesday,38.8,1002.9,51.4,15.7,Clear
478.0,2022-05-10,16:00,Summer,5.0,Tuesday,39.5,1004.6,66.7,22.5,Clear
477.0,2022-05-10,21:00,Summer,5.0,Tuesday,32.9,1004.2,50.35,23.3,Clear
487.0,2022-05-11,01:00,Summer,5.0,Wednesday,29.3,1002.9,34.0,19.2,Clear
488.0,2022-05-11,01:00,Summer,5.0,Wednesday,26.6,1006.4,44.5,21.3,Partly Cloudy
489.0,2022-05-11,02:00,Summer,5.0,Wednesday,26.8,1005.6,32.1,12.5,Partly Cloudy
486.0,2022-05-11,15:00,Summer,5.0,Wednesday,39.1,1013.3,35.6,13.1,Partly Cloudy
485.0,2022-05-11,19:00,Summer,5.0,Wednesday,29.2,1008.5,39.1,17.9,Haze
490.0,2022-05-12,07:00,Summer,5.0,Thursday,35.8,1008.4,60.8,13.0,Clear
491.0,2022-05-12,23:00,Summer,5.0,Thursday,29.9,1009.7,70.4,18.0,Clear
497.0,2022-05-13,00:00,Summer,5.0,Friday,30.7,1002.8,37.4,13.6,Fog
494.0,2022-05-13,05:00,Summer,5.0,Friday,33.1,1015.6,37.2,17.4,Clear
493.0,2022-05-13,06:00,Summer,5.0,Friday,36.6,999.8,37.0,17.7,Partly Cloudy
495.0,2022-05-13,08:00,Summer,5.0,Friday,36.4,1005.5,45.0,18.7,Clear
492.0,2022-05-13,14:00,Summer,5.0,Friday,42.8,1010.7,45.1,17.9,Clear
496.0,2022-05-13,19:00,Summer,5.0,Friday,36.4,1010.6,48.8,15.3,Clear
498.0,2022-05-14,07:00,Summer,5.0,Saturday,34.1,1013.2,28.6,17.7,Fog
499.0,2022-05-14,22:00,Summer,5.0,Saturday,27.8,1001.8,16.4,23.3,Haze
500.0,2022-05-14,22:00,Summer,5.0,Saturday,28.1,1003.9,48.3,13.2,Clear
501.0,2022-05-15,02:00,Summer,5.0,Sunday,30.8,1008.2,46.5,12.7,Clear
502.0,2022-05-15,03:00,Summer,5.0,Sunday,29.3,998.9,54.0,17.4,Haze
504.0,2022-05-17,05:00,Summer,5.0,Tuesday,34.0,1004.5,42.3,13.2,Clear
503.0,2022-05-17,14:00,Summer,5.0,Tuesday,38.6,1007.0,16.4,14.6,Partly Cloudy
505.0,2022-05-17,14:00,Summer,5.0,Tuesday,40.3,1005.2,60.3,25.8,Fog
506.0,2022-05-17,20:00,Summer,5.0,Tuesday,32.6,1003.3,67.2,20.9,Clear
507.0,2022-05-18,02:00,Summer,5.0,Wednesday,26.9,1005.4,37.2,17.8,Cloudy
508.0,2022-05-18,20:00,Summer,5.0,Wednesday,28.6,1003.6,36.3,15.0,Partly Cloudy
508.0,2022-05-18,20:00,Summer,5.0,Wednesday,28.6,1003.6,36.3,15.0,Partly Cloudy
510.0,2022-05-19,13:00,Summer,5.0,Thursday,46.7,998.8,39.9,17.7,Clear
509.0,2022-05-19,20:00,Summer,5.0,Thursday,31.2,1003.8,54.0,15.2,Clear
512.0,2022-05-20,13:00,Summer,5.0,Friday,35.5,1001.4,42.1,13.0,Clear
511.0,2022-05-20,19:00,Summer,5.0,Friday,29.1,1011.5,38.4,18.5,Partly Cloudy
513.0,2022-05-21,03:00,Summer,5.0,Saturday,24.8,997.4,36.9,23.3,Partly Cloudy
516.0,2022-05-21,06:00,Summer,5.0,Saturday,34.5,1002.8,53.9,13.2,Partly Cloudy
517.0,2022-05-21,08:00,Summer,5.0,Saturday,37.7,1004.7,50.1,19.1,Clear
514.0,2022-05-21,11:00,Summer,5.0,Saturday,40.0,1009.1,47.8,13.5,Cloudy
515.0,2022-05-21,16:00,Summer,5.0,Saturday,37.2,1007.5,47.9,12.6,Haze
518.0,2022-05-22,02:00,Summer,5.0,Sunday,32.5,1000.6,43.8,13.3,Partly Cloudy
523.0,2022-05-23,00:00,Summer,5.0,Monday,28.1,1000.4,40.3,18.2,Clear
524.0,2022-05-23,05:00,Summer,5.0,Monday,36.3,1009.2,48.0,20.9,haze
519.0,2022-05-23,12:00,Summer,5.0,Monday,33.8,1003.0,43.1,19.0,Partly Cloudy
520.0,2022-05-23,14:00,Summer,5.0,Monday,36.9,1006.1,53.1,14.4,Clear
521.0,2022-05-23,17:00,Summer,5.0,Monday,31.8,1011.6,50.7,15.2,Partly Cloudy
522.0,2022-05-23,18:00,Summer,5.0,Monday,31.0,1007.9,46.7,17.3,Haze
526.0,2022-05-24,01:00,Summer,5.0,Tuesday,30.3,999.9,32.6,14.7,Partly Cloudy
529.0,2022-05-24,05:00,Summer,5.0,Tuesday,31.4,1000.8,53.2,18.7,Partly Cloudy
528.0,2022-05-24,13:00,Summer,5.0,Tuesday,35.1,1005.7,27.9,15.9,Clear
530.0,2022-05-24,13:00,Summer,5.0,Tuesday,43.6,1005.0,47.7,19.0,Haze
525.0,2022-05-24,22:00,Summer,5.0,Tuesday,26.4,1007.1,54.9,18.2,Clear
527.0,2022-05-24,23:00,Summer,5.0,Tuesday,28.5,1004.5,35.3,12.2,Partly Cloudy
534.0,2022-05-25,02:00,Summer,5.0,Wednesday,29.8,1015.5,24.1,12.3,Clear
531.0,2022-05-25,03:00,Summer,5.0,Wednesday,31.2,1003.8,44.8,12.4,Partly Cloudy
533.0,2022-05-25,07:00,Summer,5.0,Wednesday,37.9,999.1,43.9,19.1,Haze
536.0,2022-05-25,13:00,Summer,5.0,Wednesday,41.8,1006.6,35.7,15.7,Clear
535.0,2022-05-25,18:00,Summer,5.0,Wednesday,33.7,1001.6,47.5,25.3,Clear
537.0,2022-05-25,19:00,Summer,5.0,Wednesday,29.9,1013.4,50.3,18.5,Clear
532.0,2022-05-25,20:00,Summer,5.0,Wednesday,34.5,1013.2,52.8,15.6,Clear
542.0,2022-05-26,05:00,Summer,5.0,Thursday,32.4,1013.2,42.2,15.2,Fog
539.0,2022-05-26,07:00,Summer,5.0,Thursday,34.9,999.8,48.8,14.1,Haze
541.0,2022-05-26,13:00,Summer,5.0,Thursday,40.7,1003.6,46.2,12.6,Haze
538.0,2022-05-26,16:00,Summer,5.0,Thursday,40.2,1015.4,48.4,15.9,Clear
540.0,2022-05-26,23:00,Summer,5.0,Thursday,27.5,1011.0,50.7,14.7,Partly Cloudy
547.0,2022-05-27,13:00,Summer,5.0,Friday,37.4,1008.4,46.8,13.3,Fog
545.0,2022-05-27,15:00,Summer,5.0,Friday,35.8,1000.0,62.0,16.2,Cloudy
546.0,2022-05-27,18:00,Summer,5.0,Friday,34.3,1000.5,45.3,12.3,Clear
544.0,2022-05-27,21:00,Summer,5.0,Friday,32.4,1005.7,48.4,14.0,Partly Cloudy
543.0,2022-05-27,22:00,Summer,5.0,Friday,28.6,1005.8,40.4,12.7,Cloudy
549.0,2022-05-28,02:00,Summer,5.0,Saturday,29.0,1015.0,46.7,27.4,Fog
550.0,2022-05-28,09:00,Summer,5.0,Saturday,40.4,1002.3,52.1,18.5,Clear
548.0,2022-05-28,18:00,Summer,5.0,Saturday,35.1,1008.2,39.7,16.6,Clear
551.0,2022-05-28,18:00,Summer,5.0,Saturday,34.4,1009.0,39.4,15.8,Haze
555.0,2022-05-29,06:00,Summer,5.0,Sunday,32.1,999.2,50.3,13.4,Haze
552.0,2022-05-29,08:00,Summer,5.0,Sunday,31.7,1004.4,61.2,13.9,Partly Cloudy
557.0,2022-05-29,08:00,Summer,5.0,Sunday,38.7,1003.5,40.6,20.6,Partly Cloudy
554.0,2022-05-29,12:00,Summer,5.0,Sunday,41.7,1008.5,52.3,14.9,Clear
556.0,2022-05-29,13:00,Summer,5.0,Sunday,38.4,1005.0,49.9,13.8,Partly Cloudy
553.0,2022-05-29,19:00,Summer,5.0,Sunday,35.4,1001.2,48.2,12.7,Cloudy
558.0,2022-05-30,22:00,Summer,5.0,Monday,28.7,1007.2,36.3,13.4,Haze
562.0,2022-05-31,13:00,Summer,5.0,Tuesday,38.5,1008.1,40.5,13.5,Fog
560.0,2022-05-31,14:00,Summer,5.0,Tuesday,35.3,1006.0,57.6,13.7,Clear
559.0,2022-05-31,18:00,Summer,5.0,Tuesday,36.9,1005.0,28.3,13.3,Partly Cloudy
561.0,2022-05-31,19:00,Summer,5.0,Tuesday,28.8,1010.0,37.0,21.3,Clear
566.0,2022-06-01,03:00,Monsoon,6.0,Wednesday,24.3,997.9,69.1,32.7,Clear
564.0,2022-06-01,05:00,Monsoon,6.0,Wednesday,25.4,1003.0,93.8,24.6,Light Rain
565.0,2022-06-01,20:00,Monsoon,6.0,Wednesday,26.4,1004.7,79.0,31.3,Light Rain
563.0,2022-06-01,23:00,Monsoon,6.0,Wednesday,24.9,1003.5,72.8,30.0,Light Rain
570.0,2022-06-02,00:00,Monsoon,6.0,Thursday,22.6,998.7,80.19999999999999,27.4,Cloudy
567.0,2022-06-02,07:00,Monsoon,6.0,Thursday,27.4,1004.7,87.6,25.2,Light Rain
569.0,2022-06-02,08:00,Monsoon,6.0,Thursday,31.1,1002.2,81.9,21.4,Heavy Rain
568.0,2022-06-02,16:00,Monsoon,6.0,Thursday,31.3,997.7,85.6,21.5,Partly Cloudy
574.0,2022-06-03,10:00,Monsoon,6.0,Friday,34.6,1000.5,68.1,23.6,Thunderstorm
573.0,2022-06-03,13:00,Monsoon,6.0,Friday,30.5,999.1,74.7,20.5,Heavy Rain
572.0,2022-06-03,19:00,Monsoon,6.0,Friday,23.3,1005.1,69.6,28.9,Cloudy
575.0,2022-06-03,20:00,Monsoon,6.0,Friday,21.8,1001.3,99.8,21.1,Partly Cloudy
571.0,2022-06-03,23:00,Monsoon,6.0,Friday,20.0,1000.6,85.7,26.1,Cloudy
576.0,2022-06-04,02:00,Monsoon,6.0,Saturday,25.1,1001.2,74.8,23.1,Cloudy
577.0,2022-06-04,08:00,Monsoon,6.0,Saturday,28.1,1001.9,84.6,24.3,Partly Cloudy
580.0,2022-06-05,03:00,Monsoon,6.0,Sunday,24.6,1000.1,61.5,21.2,Light Rain
581.0,2022-06-05,03:00,Monsoon,6.0,Sunday,26.4,1008.4,79.9,30.3,Light Rain
578.0,2022-06-05,13:00,Monsoon,6.0,Sunday,30.2,995.4,79.1,20.2,Thunderstorm
583.0,2022-06-06,01:00,Monsoon,6.0,Monday,18.7,1000.9,92.0,20.8,Partly Cloudy
582.0,2022-06-06,07:00,Monsoon,6.0,Monday,29.6,995.5,85.3,30.1,Thunderstorm
584.0,2022-06-06,08:00,Monsoon,6.0,Monday,32.3,996.0,98.1,23.4,Partly Cloudy
586.0,2022-06-06,21:00,Monsoon,6.0,Monday,24.3,993.5,72.1,22.6,Heavy Rain
587.0,2022-06-07,08:00,Monsoon,6.0,Tuesday,29.7,997.6,87.5,20.7,Cloudy
589.0,2022-06-07,22:00,Monsoon,6.0,Tuesday,21.5,1001.8,88.4,22.1,Heavy Rain
588.0,2022-06-07,23:00,Monsoon,6.0,Tuesday,25.4,997.5,93.8,21.0,Cloudy
594.0,2022-06-08,02:00,Monsoon,6.0,Wednesday,22.2,996.9,80.2,22.2,Partly Cloudy
593.0,2022-06-08,11:00,Monsoon,6.0,Wednesday,33.4,1000.4,92.0,32.5,Cloudy
590.0,2022-06-08,15:00,Monsoon,6.0,Wednesday,35.7,1000.5,68.2,21.7,Thunderstorm
592.0,2022-06-08,15:00,Monsoon,6.0,Wednesday,34.5,999.1,80.5,26.0,Heavy Rain
591.0,2022-06-08,16:00,Monsoon,6.0,Wednesday,30.7,998.7,74.0,20.4,Cloudy
600.0,2022-06-09,04:00,Monsoon,6.0,Thursday,25.6,1000.6,75.6,22.2,Partly Cloudy
595.0,2022-06-09,10:00,Monsoon,6.0,Thursday,33.3,1004.0,76.1,32.5,Partly Cloudy
596.0,2022-06-09,13:00,Monsoon,6.0,Thursday,33.9,999.1,87.5,24.9,Heavy Rain
601.0,2022-06-09,15:00,Monsoon,6.0,Thursday,28.8,1002.3,88.4,23.8,Light Rain
597.0,2022-06-09,17:00,Monsoon,6.0,Thursday,27.6,1006.3,81.9,23.6,Light Rain
598.0,2022-06-09,20:00,Monsoon,6.0,Thursday,20.6,1003.6,72.3,29.5,Partly Cloudy
599.0,2022-06-09,20:00,Monsoon,6.0,Thursday,29.1,1000.0,65.3,24.0,Clear
606.0,2022-06-10,00:00,Monsoon,6.0,Friday,20.3,994.8,65.2,30.1,Cloudy
604.0,2022-06-10,02:00,Monsoon,6.0,Friday,24.6,992.8,95.0,27.3,Cloudy
603.0,2022-06-10,04:00,Monsoon,6.0,Friday,22.8,994.1,76.1,34.3,Light Rain
608.0,2022-06-10,08:00,Monsoon,6.0,Friday,32.0,996.4,83.9,24.8,Partly Cloudy
609.0,2022-06-10,08:00,Monsoon,6.0,Friday,31.2,998.6,83.2,25.0,Light Rain
605.0,2022-06-10,11:00,Monsoon,6.0,Friday,26.799999999999997,1000.5,81.80000000000001,22.0,Heavy Rain
602.0,2022-06-10,19:00,Monsoon,6.0,Friday,22.4,1004.6,80.4,29.9,Partly Cloudy
607.0,2022-06-10,20:00,Monsoon,6.0,Friday,29.2,1001.4,78.9,27.4,Light Rain
611.0,2022-06-11,02:00,Monsoon,6.0,Saturday,23.8,1001.3,63.8,24.2,Cloudy
610.0,2022-06-11,03:00,Monsoon,6.0,Saturday,22.9,1005.0,82.1,26.4,Light Rain
612.0,2022-06-11,16:00,Monsoon,6.0,Saturday,25.3,1005.8,68.5,22.7,Light Rain
615.0,2022-06-12,00:00,Monsoon,6.0,Sunday,21.1,996.4,77.4,24.85,Thunderstorm
613.0,2022-06-12,01:00,Monsoon,6.0,Sunday,24.6,1002.0,72.0,27.0,Heavy Rain
614.0,2022-06-12,23:00,Monsoon,6.0,Sunday,17.5,998.6,66.4,30.8,Thunderstorm
617.0,2022-06-13,12:00,Monsoon,6.0,Monday,32.1,999.3,78.5,31.2,Partly Cloudy
618.0,2022-06-13,22:00,Monsoon,6.0,Monday,21.7,1000.9,62.7,29.6,Light Rain
620.0,2022-06-14,07:00,Monsoon,6.0,Tuesday,30.8,997.6,92.0,25.3,Light Rain
621.0,2022-06-14,11:00,Monsoon,6.0,Tuesday,35.2,1006.4,77.0,29.1,Heavy Rain
619.0,2022-06-14,14:00,Monsoon,6.0,Tuesday,33.9,1003.0,73.9,20.2,Light Rain
622.0,2022-06-14,21:00,Monsoon,6.0,Tuesday,20.8,1001.2,84.4,20.4,Cloudy
623.0,2022-06-15,11:00,Monsoon,6.0,Wednesday,29.9,995.5,71.9,21.6,Heavy Rain
624.0,2022-06-15,13:00,Monsoon,6.0,Wednesday,30.5,1004.7,70.2,20.8,Light Rain
625.0,2022-06-15,14:00,Monsoon,6.0,Wednesday,32.4,997.6,68.3,23.6,Cloudy
627.0,2022-06-16,08:00,Monsoon,6.0,Thursday,31.2,1005.8,86.4,20.9,Light Rain
626.0,2022-06-16,14:00,Monsoon,6.0,Thursday,29.1,1005.2,90.1,24.1,Partly Cloudy
628.0,2022-06-16,18:00,Monsoon,6.0,Thursday,26.5,998.6,77.6,24.0,Light Rain
629.0,2022-06-16,19:00,Monsoon,6.0,Thursday,26.6,1004.9,76.7,29.5,Light Rain
630.0,2022-06-16,21:00,Monsoon,6.0,Thursday,17.7,999.2,75.0,25.0,Thunderstorm
634.0,2022-06-17,05:00,Monsoon,6.0,Friday,24.4,1000.6,89.2,22.8,Light Rain
631.0,2022-06-17,07:00,Monsoon,6.0,Friday,29.6,996.8,82.0,24.6,Heavy Rain
633.0,2022-06-17,18:00,Monsoon,6.0,Friday,24.8,1004.3,77.9,25.2,Cloudy
635.0,2022-06-17,19:00,Monsoon,6.0,Friday,19.3,1002.2,89.5,23.7,Light Rain
632.0,2022-06-17,20:00,Monsoon,6.0,Friday,24.3,1001.6,71.2,26.1,Thunderstorm
636.0,2022-06-18,18:00,Monsoon,6.0,Saturday,24.8,1002.7,72.1,27.2,Heavy Rain
637.0,2022-06-19,03:00,Monsoon,6.0,Sunday,26.9,998.8,86.1,23.2,Cloudy
640.0,2022-06-19,03:00,Monsoon,6.0,Sunday,24.5,999.7,87.7,23.7,Light Rain
639.0,2022-06-19,06:00,Monsoon,6.0,Sunday,25.2,1003.5,81.5,28.1,Cloudy
638.0,2022-06-19,22:00,Monsoon,6.0,Sunday,17.9,1005.7,83.5,21.6,Partly Cloudy
642.0,2022-06-20,11:00,Monsoon,6.0,Monday,33.4,1002.7,73.6,27.4,Cloudy
647.0,2022-06-21,01:00,Monsoon,6.0,Tuesday,20.9,1003.8,55.3,25.4,Partly Cloudy
644.0,2022-06-21,02:00,Monsoon,6.0,Tuesday,23.5,997.8,73.3,24.5,Cloudy
646.0,2022-06-21,11:00,Monsoon,6.0,Tuesday,33.4,1006.9,92.4,23.7,Thunderstorm
643.0,2022-06-21,12:00,Monsoon,6.0,Tuesday,29.5,1004.6,60.1,27.7,Clear
645.0,2022-06-21,21:00,Monsoon,6.0,Tuesday,21.9,1000.7,67.8,25.7,Heavy Rain
652.0,2022-06-22,00:00,Monsoon,6.0,Wednesday,21.7,998.5,79.9,22.3,Light Rain
649.0,2022-06-22,01:00,Monsoon,6.0,Wednesday,20.2,996.8,78.2,24.8,Thunderstorm
653.0,2022-06-22,07:00,Monsoon,6.0,Wednesday,26.4,1004.4,83.5,27.1,Partly Cloudy
651.0,2022-06-22,08:00,Monsoon,6.0,Wednesday,29.8,1002.0,85.0,27.2,Thunderstorm
650.0,2022-06-22,22:00,Monsoon,6.0,Wednesday,21.0,998.1,86.0,24.2,Light Rain
648.0,2022-06-22,23:00,Monsoon,6.0,Wednesday,19.3,996.9,67.0,23.7,Heavy Rain
655.0,2022-06-24,05:00,Monsoon,6.0,Friday,32.2,1003.2,69.3,35.8,Partly Cloudy
656.0,2022-06-24,05:00,Monsoon,6.0,Friday,24.4,996.9,95.4,25.6,Light Rain
658.0,2022-06-25,17:00,Monsoon,6.0,Saturday,27.0,1001.4,90.1,24.2,Light Rain
657.0,2022-06-25,21:00,Monsoon,6.0,Saturday,22.2,1004.0,75.5,20.6,Heavy Rain
661.0,2022-06-26,05:00,Monsoon,6.0,Sunday,29.9,999.7,95.3,27.3,Cloudy
660.0,2022-06-26,11:00,Monsoon,6.0,Sunday,32.8,1007.5,87.3,30.9,Heavy Rain
659.0,2022-06-26,16:00,Monsoon,6.0,Sunday,31.9,995.4,80.9,20.4,Cloudy
662.0,2022-06-27,07:00,Monsoon,6.0,Monday,30.4,995.2,76.5,21.8,Cloudy
664.0,2022-06-27,09:00,Monsoon,6.0,Monday,32.3,996.9,76.9,22.6,Light Rain
663.0,2022-06-27,18:00,Monsoon,6.0,Monday,26.0,1002.9,65.6,20.7,Light Rain
665.0,2022-06-28,00:00,Monsoon,6.0,Tuesday,22.2,1006.0,86.4,30.8,Thunderstorm
666.0,2022-06-28,12:00,Monsoon,6.0,Tuesday,32.4,996.3,76.4,28.9,Clear
668.0,2022-06-29,02:00,Monsoon,6.0,Wednesday,22.6,1000.7,75.4,22.5,Light Rain
669.0,2022-06-29,07:00,Monsoon,6.0,Wednesday,26.0,998.1,83.7,20.4,Thunderstorm
667.0,2022-06-29,16:00,Monsoon,6.0,Wednesday,32.7,999.6,72.1,28.2,Cloudy
670.0,2022-06-30,13:00,Monsoon,6.0,Thursday,33.5,992.2,72.8,22.0,Light Rain
671.0,2022-07-01,02:00,Monsoon,7.0,Friday,22.7,999.1,92.5,25.2,Light Rain
673.0,2022-07-01,12:00,Monsoon,7.0,Friday,34.5,1002.3,71.0,23.9,Light Rain
672.0,2022-07-01,15:00,Monsoon,7.0,Friday,28.6,1005.6,77.2,20.6,Light Rain
672.0,2022-07-01,15:00,Monsoon,7.0,Friday,28.6,1005.6,77.2,20.6,Light Rain
674.0,2022-07-01,19:00,Monsoon,7.0,Friday,24.9,999.2,69.2,23.8,Heavy Rain
678.0,2022-07-02,05:00,Monsoon,7.0,Saturday,27.6,1002.4,76.6,21.6,Partly Cloudy
677.0,2022-07-02,12:00,Monsoon,7.0,Saturday,33.8,1003.3,83.1,26.2,Cloudy
676.0,2022-07-02,16:00,Monsoon,7.0,Saturday,28.8,1009.8,79.8,28.1,Cloudy
679.0,2022-07-02,16:00,Monsoon,7.0,Saturday,31.7,1001.2,59.4,30.4,Partly Cloudy
675.0,2022-07-02,23:00,Monsoon,7.0,Saturday,23.5,999.8,79.7,20.5,Heavy Rain
682.0,2022-07-03,07:00,Monsoon,7.0,Sunday,27.3,998.6,94.6,22.9,Clear
680.0,2022-07-03,13:00,Monsoon,7.0,Sunday,32.9,996.4,83.4,22.1,Clear
681.0,2022-07-03,16:00,Monsoon,7.0,Sunday,27.6,1002.6,79.8,22.4,Heavy Rain
683.0,2022-07-04,10:00,Monsoon,7.0,Monday,34.1,1002.6,80.5,20.1,Heavy Rain
685.0,2022-07-05,00:00,Monsoon,7.0,Tuesday,18.7,1002.7,92.1,26.1,Heavy Rain
684.0,2022-07-05,19:00,Monsoon,7.0,Tuesday,25.0,1002.6,74.7,26.3,Heavy Rain
686.0,2022-07-06,06:00,Monsoon,7.0,Wednesday,26.3,995.0,81.8,26.2,Light Rain
687.0,2022-07-06,20:00,Monsoon,7.0,Wednesday,22.0,997.9,90.6,29.7,Heavy Rain
688.0,2022-07-06,20:00,Monsoon,7.0,Wednesday,25.5,1001.5,78.6,25.4,Clear
690.0,2022-07-07,09:00,Monsoon,7.0,Thursday,31.1,1003.9,75.9,26.1,Cloudy
689.0,2022-07-07,16:00,Monsoon,7.0,Thursday,29.9,1005.1,86.4,23.0,Light Rain
691.0,2022-07-08,10:00,Monsoon,7.0,Friday,35.8,1003.6,82.5,20.5,Partly Cloudy
696.0,2022-07-09,04:00,Monsoon,7.0,Saturday,25.5,999.8,72.8,23.3,Cloudy
693.0,2022-07-09,08:00,Monsoon,7.0,Saturday,25.2,1009.4,69.6,25.8,Heavy Rain
694.0,2022-07-09,08:00,Monsoon,7.0,Saturday,28.9,996.1,88.6,30.4,Cloudy
698.0,2022-07-09,08:00,Monsoon,7.0,Saturday,32.2,998.2,75.9,25.9,Partly Cloudy
697.0,2022-07-09,16:00,Monsoon,7.0,Saturday,25.3,1004.1,88.4,23.7,Light Rain
692.0,2022-07-09,21:00,Monsoon,7.0,Saturday,21.0,999.7,99.5,21.5,Heavy Rain
695.0,2022-07-09,23:00,Monsoon,7.0,Saturday,21.8,1005.0,92.2,26.1,Light Rain
699.0,2022-07-10,16:00,Monsoon,7.0,Sunday,29.4,1004.5,58.7,21.9,Clear
701.0,2022-07-10,20:00,Monsoon,7.0,Sunday,22.7,990.8,87.5,21.4,Light Rain
700.0,2022-07-10,23:00,Monsoon,7.0,Sunday,23.0,1003.1,70.8,24.299999999999997,Thunderstorm
703.0,2022-07-11,06:00,Monsoon,7.0,Monday,25.6,995.8,89.0,27.2,Cloudy
706.0,2022-07-11,06:00,Monsoon,7.0,Monday,27.9,1000.8,82.2,22.3,Cloudy
705.0,2022-07-11,08:00,Monsoon,7.0,Monday,27.3,996.8,85.4,21.8,Heavy Rain
707.0,2022-07-11,12:00,Monsoon,7.0,Monday,32.0,1001.9,88.5,26.7,Thunderstorm
702.0,2022-07-11,18:00,Monsoon,7.0,Monday,25.2,1003.5,79.8,30.5,Light Rain
704.0,2022-07-11,22:00,Monsoon,7.0,Monday,17.6,1001.2,64.6,23.4,Clear
708.0,2022-07-12,10:00,Monsoon,7.0,Tuesday,37.6,1002.1,89.1,29.4,Clear
711.0,2022-07-13,10:00,Monsoon,7.0,Wednesday,32.0,999.9,83.9,23.2,Cloudy
712.0,2022-07-13,12:00,Monsoon,7.0,Wednesday,33.2,1000.3,70.3,27.4,Light Rain
709.0,2022-07-13,13:00,Monsoon,7.0,Wednesday,33.4,1001.9,82.6,32.1,Partly Cloudy
710.0,2022-07-13,18:00,Monsoon,7.0,Wednesday,26.1,995.6,70.0,20.2,Light Rain
715.0,2022-07-14,00:00,Monsoon,7.0,Thursday,23.8,999.4,75.0,35.5,Light Rain
716.0,2022-07-14,07:00,Monsoon,7.0,Thursday,26.0,998.3,94.6,20.3,Thunderstorm
714.0,2022-07-14,12:00,Monsoon,7.0,Thursday,35.5,1002.7,76.9,25.1,Clear
713.0,2022-07-14,13:00,Monsoon,7.0,Thursday,33.2,1004.3,86.9,21.1,Thunderstorm
720.0,2022-07-15,07:00,Monsoon,7.0,Friday,30.7,1004.9,77.7,21.2,Partly Cloudy
721.0,2022-07-15,07:00,Monsoon,7.0,Friday,24.3,1003.9,85.1,23.2,Partly Cloudy
717.0,2022-07-15,11:00,Monsoon,7.0,Friday,32.7,996.1,82.9,31.4,Light Rain
719.0,2022-07-15,11:00,Monsoon,7.0,Friday,30.0,1001.0,74.4,25.0,Clear
718.0,2022-07-15,18:00,Monsoon,7.0,Friday,27.9,1000.4,77.8,24.8,Light Rain
724.0,2022-07-17,11:00,Monsoon,7.0,Sunday,35.4,1002.6,75.5,21.3,Heavy Rain
723.0,2022-07-17,12:00,Monsoon,7.0,Sunday,30.5,996.5,71.2,30.8,Clear
722.0,2022-07-17,20:00,Monsoon,7.0,Sunday,23.7,1001.5,80.2,20.9,Light Rain
725.0,2022-07-18,15:00,Monsoon,7.0,Monday,28.7,997.5,79.3,23.6,Cloudy
726.0,2022-07-19,00:00,Monsoon,7.0,Tuesday,19.4,996.5,91.9,27.7,Light Rain
728.0,2022-07-19,06:00,Monsoon,7.0,Tuesday,26.1,1001.2,86.7,23.7,Heavy Rain
727.0,2022-07-19,12:00,Monsoon,7.0,Tuesday,31.7,998.2,73.3,21.9,Cloudy
729.0,2022-07-20,04:00,Monsoon,7.0,Wednesday,22.0,998.2,86.4,29.0,Thunderstorm
730.0,2022-07-20,07:00,Monsoon,7.0,Wednesday,28.1,997.6,96.5,20.1,Partly Cloudy
731.0,2022-07-20,13:00,Monsoon,7.0,Wednesday,32.7,1004.2,73.2,21.3,Heavy Rain
732.0,2022-07-20,22:00,Monsoon,7.0,Wednesday,20.8,995.9,71.9,30.9,Heavy Rain
734.0,2022-07-21,14:00,Monsoon,7.0,Thursday,32.9,1004.6,84.4,22.9,Light Rain
736.0,2022-07-21,16:00,Monsoon,7.0,Thursday,31.0,1000.1,74.2,28.0,Clear
735.0,2022-07-21,22:00,Monsoon,7.0,Thursday,20.6,993.6,64.0,21.2,Partly Cloudy
737.0,2022-07-22,14:00,Monsoon,7.0,Friday,34.7,1000.1,67.1,29.1,Light Rain
738.0,2022-07-22,19:00,Monsoon,7.0,Friday,30.7,1007.3,60.5,20.2,Clear
739.0,2022-07-23,17:00,Monsoon,7.0,Saturday,24.3,1006.5,92.1,24.1,Clear
740.0,2022-07-23,17:00,Monsoon,7.0,Saturday,26.0,1000.0,70.4,22.1,Partly Cloudy
741.0,2022-07-24,01:00,Monsoon,7.0,Sunday,22.5,999.5,84.6,20.1,Cloudy
743.0,2022-07-25,00:00,Monsoon,7.0,Monday,27.5,1000.0,76.9,26.4,Partly Cloudy
742.0,2022-07-25,03:00,Monsoon,7.0,Monday,24.0,995.9,80.7,29.2,Heavy Rain
744.0,2022-07-25,03:00,Monsoon,7.0,Monday,22.1,1003.7,72.3,30.4,Heavy Rain
745.0,2022-07-25,17:00,Monsoon,7.0,Monday,30.8,993.6,75.6,20.1,Partly Cloudy
746.0,2022-07-26,04:00,Monsoon,7.0,Tuesday,21.2,990.7,92.5,28.8,Partly Cloudy
748.0,2022-07-26,14:00,Monsoon,7.0,Tuesday,36.8,1000.2,85.2,24.3,Partly Cloudy
747.0,2022-07-26,18:00,Monsoon,7.0,Tuesday,30.2,1003.0,69.2,24.0,Heavy Rain
752.0,2022-07-27,00:00,Monsoon,7.0,Wednesday,22.1,1000.0,78.4,30.9,Light Rain
749.0,2022-07-27,07:00,Monsoon,7.0,Wednesday,29.7,998.9,85.4,25.7,Thunderstorm
751.0,2022-07-27,16:00,Monsoon,7.0,Wednesday,31.6,995.4,68.6,21.5,Partly Cloudy
750.0,2022-07-27,19:00,Monsoon,7.0,Wednesday,25.8,1000.3,84.1,26.6,Thunderstorm
754.0,2022-07-28,18:00,Monsoon,7.0,Thursday,28.9,996.5,80.9,22.1,Thunderstorm
757.0,2022-07-29,06:00,Monsoon,7.0,Friday,25.7,1006.2,74.6,22.0,Partly Cloudy
756.0,2022-07-29,08:00,Monsoon,7.0,Friday,31.5,1002.0,67.9,23.5,Light Rain
755.0,2022-07-29,14:00,Monsoon,7.0,Friday,34.1,999.9,90.1,25.1,Cloudy
758.0,2022-07-30,01:00,Monsoon,7.0,Saturday,19.1,996.7,73.0,20.9,Cloudy
759.0,2022-07-31,08:00,Monsoon,7.0,Sunday,30.7,993.3,74.5,20.1,Heavy Rain
761.0,2022-08-01,01:00,Monsoon,8.0,Monday,23.9,997.9,70.8,22.9,Light Rain
760.0,2022-08-01,09:00,Monsoon,8.0,Monday,28.7,1005.1,76.7,23.5,Partly Cloudy
762.0,2022-08-01,18:00,Monsoon,8.0,Monday,26.2,999.9,78.8,20.8,Cloudy
763.0,2022-08-02,10:00,Monsoon,8.0,Tuesday,32.8,999.7,100.0,21.0,Light Rain
764.0,2022-08-02,12:00,Monsoon,8.0,Tuesday,23.8,1000.3,84.7,23.6,Heavy Rain
765.0,2022-08-03,09:00,Monsoon,8.0,Wednesday,29.0,998.3,95.9,22.0,Light Rain
766.0,2022-08-03,13:00,Monsoon,8.0,Wednesday,33.1,994.0,84.5,25.6,Heavy Rain
767.0,2022-08-03,17:00,Monsoon,8.0,Wednesday,24.8,1003.5,81.6,21.6,Light Rain
772.0,2022-08-04,02:00,Monsoon,8.0,Thursday,20.3,1004.7,85.3,30.7,Cloudy
774.0,2022-08-04,05:00,Monsoon,8.0,Thursday,25.8,999.9,98.4,28.2,Cloudy
771.0,2022-08-04,06:00,Monsoon,8.0,Thursday,28.7,1004.5,68.9,26.1,Partly Cloudy
770.0,2022-08-04,08:00,Monsoon,8.0,Thursday,30.7,1004.6,81.8,23.0,Cloudy
768.0,2022-08-04,18:00,Monsoon,8.0,Thursday,23.1,999.0,65.4,25.6,Clear
773.0,2022-08-04,19:00,Monsoon,8.0,Thursday,25.6,994.6,80.4,24.3,Heavy Rain
769.0,2022-08-04,21:00,Monsoon,8.0,Thursday,20.9,1001.7,61.8,27.9,Heavy Rain
776.0,2022-08-05,01:00,Monsoon,8.0,Friday,23.2,1002.1,77.8,28.4,Thunderstorm
781.0,2022-08-05,01:00,Monsoon,8.0,Friday,19.5,1000.0,80.4,24.2,Light Rain
778.0,2022-08-05,02:00,Monsoon,8.0,Friday,18.9,1000.8,84.1,22.6,Clear
777.0,2022-08-05,05:00,Monsoon,8.0,Friday,28.9,1003.5,77.3,21.1,Partly Cloudy
780.0,2022-08-05,07:00,Monsoon,8.0,Friday,25.6,998.5,75.3,24.8,Heavy Rain
779.0,2022-08-05,15:00,Monsoon,8.0,Friday,26.0,1002.7,60.7,28.2,Cloudy
775.0,2022-08-05,20:00,Monsoon,8.0,Friday,20.1,998.9,84.6,23.3,Partly Cloudy
787.0,2022-08-06,00:00,Monsoon,8.0,Saturday,19.6,1001.2,91.3,22.2,Partly Cloudy
785.0,2022-08-06,02:00,Monsoon,8.0,Saturday,22.9,1004.0,98.0,20.1,Cloudy
783.0,2022-08-06,08:00,Monsoon,8.0,Saturday,31.0,1003.1,66.7,20.950000000000003,Cloudy
786.0,2022-08-06,10:00,Monsoon,8.0,Saturday,31.6,1001.2,72.0,21.8,Light Rain
784.0,2022-08-06,11:00,Monsoon,8.0,Saturday,32.2,1000.9,80.7,22.0,Thunderstorm
782.0,2022-08-06,16:00,Monsoon,8.0,Saturday,28.9,996.2,79.7,20.6,Heavy Rain
791.0,2022-08-08,04:00,Monsoon,8.0,Monday,25.1,1001.3,80.6,22.6,Cloudy
789.0,2022-08-08,12:00,Monsoon,8.0,Monday,32.1,997.2,73.9,24.8,Cloudy
790.0,2022-08-08,14:00,Monsoon,8.0,Monday,27.9,1001.8,68.4,22.1,Thunderstorm
793.0,2022-08-08,16:00,Monsoon,8.0,Monday,30.4,1005.6,76.9,27.7,Heavy Rain
792.0,2022-08-08,20:00,Monsoon,8.0,Monday,26.9,997.5,85.1,26.9,Thunderstorm
788.0,2022-08-08,22:00,Monsoon,8.0,Monday,22.2,998.3,93.1,24.1,Clear
794.0,2022-08-08,22:00,Monsoon,8.0,Monday,24.2,1006.4,65.2,24.0,Cloudy
796.0,2022-08-09,05:00,Monsoon,8.0,Tuesday,27.4,1002.9,100.0,25.3,Light Rain
795.0,2022-08-09,23:00,Monsoon,8.0,Tuesday,23.8,1005.4,70.0,28.8,Light Rain
797.0,2022-08-10,20:00,Monsoon,8.0,Wednesday,26.1,1002.0,81.3,31.8,Light Rain
798.0,2022-08-10,21:00,Monsoon,8.0,Wednesday,26.2,1004.4,100.0,25.8,Cloudy
802.0,2022-08-11,02:00,Monsoon,8.0,Thursday,24.4,995.4,77.4,21.2,Heavy Rain
801.0,2022-08-11,03:00,Monsoon,8.0,Thursday,27.9,997.9,85.8,28.0,Heavy Rain
799.0,2022-08-11,10:00,Monsoon,8.0,Thursday,34.7,991.9,88.3,26.5,Partly Cloudy
803.0,2022-08-11,12:00,Monsoon,8.0,Thursday,36.5,1000.1,71.0,24.25,Cloudy
800.0,2022-08-11,17:00,Monsoon,8.0,Thursday,31.9,1010.0,68.6,22.0,Cloudy
806.0,2022-08-11,20:00,Monsoon,8.0,Thursday,23.5,995.7,61.9,29.9,Thunderstorm
804.0,2022-08-11,22:00,Monsoon,8.0,Thursday,19.4,996.7,76.2,20.3,Heavy Rain
809.0,2022-08-12,01:00,Monsoon,8.0,Friday,18.7,1004.2,86.3,20.7,Partly Cloudy
810.0,2022-08-12,02:00,Monsoon,8.0,Friday,24.0,1003.6,84.2,22.5,Light Rain
807.0,2022-08-12,05:00,Monsoon,8.0,Friday,33.2,992.8,81.7,20.1,Clear
808.0,2022-08-12,11:00,Monsoon,8.0,Friday,31.1,998.7,70.6,28.2,Clear
811.0,2022-08-13,02:00,Monsoon,8.0,Saturday,21.3,1002.4,75.7,24.0,Heavy Rain
816.0,2022-08-13,07:00,Monsoon,8.0,Saturday,28.2,995.9,95.6,20.7,Heavy Rain
814.0,2022-08-13,08:00,Monsoon,8.0,Saturday,31.9,1005.6,83.5,22.4,Cloudy
812.0,2022-08-13,11:00,Monsoon,8.0,Saturday,33.6,997.0,85.1,24.7,Heavy Rain
813.0,2022-08-13,14:00,Monsoon,8.0,Saturday,34.8,1003.4,86.6,24.7,Light Rain
815.0,2022-08-13,22:00,Monsoon,8.0,Saturday,20.8,999.6,82.2,25.2,Partly Cloudy
821.0,2022-08-14,00:00,Monsoon,8.0,Sunday,21.6,993.5,91.1,27.0,Light Rain
820.0,2022-08-14,03:00,Monsoon,8.0,Sunday,23.5,1002.3,97.1,24.6,Clear
823.0,2022-08-14,06:00,Monsoon,8.0,Sunday,27.1,1002.9,75.9,20.5,Cloudy
817.0,2022-08-14,10:00,Monsoon,8.0,Sunday,30.9,995.6,77.1,26.3,Light Rain
818.0,2022-08-14,15:00,Monsoon,8.0,Sunday,33.6,1002.5,90.2,32.1,Light Rain
819.0,2022-08-14,21:00,Monsoon,8.0,Sunday,24.6,1008.2,74.0,28.7,Light Rain
822.0,2022-08-14,23:00,Monsoon,8.0,Sunday,24.5,1001.6,94.5,20.7,Light Rain
824.0,2022-08-15,01:00,Monsoon,8.0,Monday,18.4,1007.4,72.7,20.1,Partly Cloudy
828.0,2022-08-15,03:00,Monsoon,8.0,Monday,18.3,999.9,58.9,22.9,Cloudy
826.0,2022-08-15,04:00,Monsoon,8.0,Monday,26.7,994.8,73.4,26.3,Light Rain
827.0,2022-08-15,06:00,Monsoon,8.0,Monday,24.6,1000.6,78.0,23.1,Cloudy
825.0,2022-08-15,23:00,Monsoon,8.0,Monday,19.7,1002.2,91.2,22.8,Heavy Rain
831.0,2022-08-16,00:00,Monsoon,8.0,Tuesday,19.8,1007.9,78.8,27.6,Heavy Rain
829.0,2022-08-16,04:00,Monsoon,8.0,Tuesday,22.9,993.4,93.7,29.9,Heavy Rain
830.0,2022-08-16,23:00,Monsoon,8.0,Tuesday,22.9,1000.6,75.4,22.5,Cloudy
832.0,2022-08-17,00:00,Monsoon,8.0,Wednesday,20.8,1004.9,85.3,22.8,Heavy Rain
838.0,2022-08-17,02:00,Monsoon,8.0,Wednesday,22.0,987.8,52.5,26.7,Light Rain
836.0,2022-08-17,09:00,Monsoon,8.0,Wednesday,27.1,1003.5,64.0,21.8,Partly Cloudy
833.0,2022-08-17,14:00,Monsoon,8.0,Wednesday,32.2,995.2,89.9,21.4,Cloudy
837.0,2022-08-17,17:00,Monsoon,8.0,Wednesday,29.9,1008.8,64.5,24.8,Partly Cloudy
835.0,2022-08-17,18:00,Monsoon,8.0,Wednesday,26.5,1002.6,83.3,23.35,Partly Cloudy
834.0,2022-08-17,19:00,Monsoon,8.0,Wednesday,25.5,1004.3,68.6,21.9,Thunderstorm
839.0,2022-08-18,10:00,Monsoon,8.0,Thursday,30.3,1002.9,83.8,26.3,Light Rain
841.0,2022-08-18,10:00,Monsoon,8.0,Thursday,28.8,999.1,82.6,30.3,Partly Cloudy
840.0,2022-08-18,14:00,Monsoon,8.0,Thursday,31.6,996.0,68.6,20.3,Light Rain
847.0,2022-08-19,01:00,Monsoon,8.0,Friday,24.3,1006.4,100.0,23.5,Partly Cloudy
845.0,2022-08-19,04:00,Monsoon,8.0,Friday,23.8,1000.9,86.8,26.5,Thunderstorm
844.0,2022-08-19,05:00,Monsoon,8.0,Friday,22.9,997.9,87.3,24.1,Heavy Rain
846.0,2022-08-19,07:00,Monsoon,8.0,Friday,25.2,1003.5,93.1,20.3,Partly Cloudy
848.0,2022-08-19,15:00,Monsoon,8.0,Friday,31.2,1002.0,64.4,32.5,Thunderstorm
842.0,2022-08-19,16:00,Monsoon,8.0,Friday,33.9,997.2,77.1,22.3,Partly Cloudy
843.0,2022-08-19,16:00,Monsoon,8.0,Friday,28.2,1005.1,88.3,24.5,Light Rain
849.0,2022-08-20,19:00,Monsoon,8.0,Saturday,25.3,1000.1,71.3,20.5,Cloudy
850.0,2022-08-20,23:00,Monsoon,8.0,Saturday,19.5,1003.3,74.9,21.1,Cloudy
853.0,2022-08-21,00:00,Monsoon,8.0,Sunday,24.7,999.9,78.5,22.8,Light Rain
854.0,2022-08-21,03:00,Monsoon,8.0,Sunday,22.7,1009.7,79.8,21.6,Cloudy
858.0,2022-08-21,04:00,Monsoon,8.0,Sunday,25.5,994.2,76.5,24.6,Light Rain
852.0,2022-08-21,05:00,Monsoon,8.0,Sunday,28.7,996.3,88.9,20.7,Heavy Rain
851.0,2022-08-21,11:00,Monsoon,8.0,Sunday,32.7,1006.4,77.5,25.6,Light Rain
856.0,2022-08-21,12:00,Monsoon,8.0,Sunday,36.5,996.7,83.3,27.2,Thunderstorm
855.0,2022-08-21,16:00,Monsoon,8.0,Sunday,27.1,994.0,80.7,25.4,Cloudy
857.0,2022-08-21,17:00,Monsoon,8.0,Sunday,31.8,995.8,79.3,26.1,Light Rain
859.0,2022-08-22,23:00,Monsoon,8.0,Monday,24.5,991.8,86.3,23.2,Light Rain
861.0,2022-08-23,02:00,Monsoon,8.0,Tuesday,21.5,999.6,98.0,22.4,Cloudy
860.0,2022-08-23,23:00,Monsoon,8.0,Tuesday,21.5,1007.5,67.6,22.0,Thunderstorm
864.0,2022-08-24,03:00,Monsoon,8.0,Wednesday,24.8,1006.0,85.5,26.3,Light Rain
863.0,2022-08-24,12:00,Monsoon,8.0,Wednesday,32.9,1006.1,99.3,24.8,Clear
868.0,2022-08-25,09:00,Monsoon,8.0,Thursday,29.3,1000.7,77.5,20.7,Cloudy
867.0,2022-08-25,10:00,Monsoon,8.0,Thursday,29.2,998.4,77.2,23.4,Cloudy
865.0,2022-08-25,13:00,Monsoon,8.0,Thursday,33.1,997.1,75.0,21.6,Heavy Rain
866.0,2022-08-25,21:00,Monsoon,8.0,Thursday,25.2,996.9,69.2,22.75,Heavy Rain
869.0,2022-08-26,18:00,Monsoon,8.0,Friday,28.6,998.8,92.5,23.9,Cloudy
871.0,2022-08-27,05:00,Monsoon,8.0,Saturday,26.3,999.3,93.5,27.3,Clear
874.0,2022-08-27,09:00,Monsoon,8.0,Saturday,31.3,999.3,69.2,21.1,Cloudy
872.0,2022-08-27,14:00,Monsoon,8.0,Saturday,33.5,993.6,71.3,23.0,Cloudy
870.0,2022-08-27,17:00,Monsoon,8.0,Saturday,29.9,994.9,89.8,32.3,Cloudy
873.0,2022-08-27,20:00,Monsoon,8.0,Saturday,18.5,996.6,76.5,21.1,Clear
875.0,2022-08-29,04:00,Monsoon,8.0,Monday,24.7,1000.8,75.1,30.3,Light Rain
876.0,2022-08-29,04:00,Monsoon,8.0,Monday,24.5,997.9,74.6,25.4,Clear
879.0,2022-08-30,02:00,Monsoon,8.0,Tuesday,24.7,996.3,88.5,30.0,Heavy Rain
882.0,2022-08-30,03:00,Monsoon,8.0,Tuesday,25.4,995.9,83.6,22.2,Heavy Rain
878.0,2022-08-30,04:00,Monsoon,8.0,Tuesday,26.2,996.1,70.3,25.9,Partly Cloudy
881.0,2022-08-30,05:00,Monsoon,8.0,Tuesday,24.4,1001.1,81.4,23.35,Heavy Rain
884.0,2022-08-30,08:00,Monsoon,8.0,Tuesday,30.1,1001.5,73.4,20.8,Clear
877.0,2022-08-30,09:00,Monsoon,8.0,Tuesday,31.8,1001.55,60.2,31.5,Light Rain
883.0,2022-08-30,17:00,Monsoon,8.0,Tuesday,25.1,1001.6,79.3,24.7,Heavy Rain
880.0,2022-08-30,22:00,Monsoon,8.0,Tuesday,20.0,999.3,94.8,25.9,Thunderstorm
886.0,2022-08-31,12:00,Monsoon,8.0,Wednesday,29.6,1003.4,72.9,23.049999999999997,Heavy Rain
887.0,2022-08-31,14:00,Monsoon,8.0,Wednesday,30.0,994.5,84.0,20.2,Cloudy
885.0,2022-08-31,16:00,Monsoon,8.0,Wednesday,28.9,996.8,74.8,23.6,Light Rain
888.0,2022-08-31,19:00,Monsoon,8.0,Wednesday,28.8,996.7,72.8,24.3,Cloudy
890.0,2022-09-01,12:00,Monsoon,9.0,Thursday,31.3,998.8000000000001,74.8,22.700000000000003,Cloudy
891.0,2022-09-01,15:00,Monsoon,9.0,Thursday,27.7,1000.9000000000001,92.7,21.1,Cloudy
889.0,2022-09-01,16:00,Monsoon,9.0,Thursday,34.1,1003.0,73.1,21.0,Cloudy
892.0,2022-09-01,21:00,Monsoon,9.0,Thursday,20.2,1005.1,84.4,21.1,Light Rain
893.0,2022-09-02,03:00,Monsoon,9.0,Friday,19.4,1003.4,94.9,20.2,Partly Cloudy
894.0,2022-09-03,04:00,Monsoon,9.0,Saturday,24.7,1004.7,87.8,27.3,Thunderstorm
895.0,2022-09-03,04:00,Monsoon,9.0,Saturday,23.9,999.1,79.6,27.4,Light Rain
898.0,2022-09-04,12:00,Monsoon,9.0,Sunday,31.2,999.5,50.0,24.3,Thunderstorm
899.0,2022-09-05,01:00,Monsoon,9.0,Monday,19.5,1007.9,87.4,25.4,Thunderstorm
900.0,2022-09-06,12:00,Monsoon,9.0,Tuesday,36.7,1000.4,79.4,29.3,Light Rain
901.0,2022-09-06,21:00,Monsoon,9.0,Tuesday,21.2,998.2,79.0,26.8,Light Rain
904.0,2022-09-07,18:00,Monsoon,9.0,Wednesday,30.4,1001.1,65.1,25.75,Clear
902.0,2022-09-07,20:00,Monsoon,9.0,Wednesday,25.1,999.4000000000001,84.6,24.7,Light Rain
903.0,2022-09-07,22:00,Monsoon,9.0,Wednesday,17.7,997.7,88.4,20.4,Light Rain
905.0,2022-09-08,02:00,Monsoon,9.0,Thursday,19.0,1004.1,77.6,22.6,Partly Cloudy
906.0,2022-09-08,09:00,Monsoon,9.0,Thursday,31.7,1003.0,85.8,23.6,Cloudy
908.0,2022-09-08,12:00,Monsoon,9.0,Thursday,33.9,992.1,86.2,20.1,Heavy Rain
910.0,2022-09-08,16:00,Monsoon,9.0,Thursday,29.6,1001.1,89.9,21.6,Light Rain
909.0,2022-09-08,18:00,Monsoon,9.0,Thursday,28.2,1000.9,87.9,21.5,Partly Cloudy
912.0,2022-09-09,13:00,Monsoon,9.0,Friday,36.2,992.5,99.8,21.0,Heavy Rain
911.0,2022-09-09,20:00,Monsoon,9.0,Friday,21.7,1001.0,78.8,23.7,Heavy Rain
920.0,2022-09-10,00:00,Monsoon,9.0,Saturday,18.2,999.0,76.3,20.1,Thunderstorm
918.0,2022-09-10,03:00,Monsoon,9.0,Saturday,24.3,1001.0,85.3,20.0,Clear
917.0,2022-09-10,06:00,Monsoon,9.0,Saturday,26.4,996.3,74.0,23.5,Heavy Rain
916.0,2022-09-10,10:00,Monsoon,9.0,Saturday,34.9,997.0,81.4,20.6,Heavy Rain
913.0,2022-09-10,11:00,Monsoon,9.0,Saturday,28.4,992.9,80.4,26.9,Heavy Rain
915.0,2022-09-10,11:00,Monsoon,9.0,Saturday,26.9,995.9,74.4,21.9,Thunderstorm
919.0,2022-09-10,18:00,Monsoon,9.0,Saturday,27.0,1004.5,76.3,22.8,Heavy Rain
914.0,2022-09-10,20:00,Monsoon,9.0,Saturday,18.9,998.9,76.4,21.1,Partly Cloudy
925.0,2022-09-11,01:00,Monsoon,9.0,Sunday,17.7,1006.5,75.9,28.8,Light Rain
922.0,2022-09-11,02:00,Monsoon,9.0,Sunday,20.0,1003.4,75.3,25.8,Heavy Rain
926.0,2022-09-11,10:00,Monsoon,9.0,Sunday,35.4,1001.6,67.5,27.9,Thunderstorm
923.0,2022-09-11,12:00,Monsoon,9.0,Sunday,30.4,999.8,62.9,21.9,Partly Cloudy
924.0,2022-09-11,14:00,Monsoon,9.0,Sunday,34.4,998.0,96.5,23.1,Heavy Rain
921.0,2022-09-11,23:00,Monsoon,9.0,Sunday,21.7,997.4,76.1,23.9,Heavy Rain
930.0,2022-09-13,02:00,Monsoon,9.0,Tuesday,21.4,993.1,74.4,24.7,Cloudy
929.0,2022-09-13,16:00,Monsoon,9.0,Tuesday,32.2,1005.1,71.8,27.9,Partly Cloudy
928.0,2022-09-13,18:00,Monsoon,9.0,Tuesday,28.0,1005.7,85.4,21.0,Cloudy
932.0,2022-09-14,07:00,Monsoon,9.0,Wednesday,26.3,999.2,73.8,20.6,Cloudy
931.0,2022-09-14,17:00,Monsoon,9.0,Wednesday,29.5,1007.9,63.1,20.700000000000003,Cloudy
933.0,2022-09-14,21:00,Monsoon,9.0,Wednesday,25.9,1005.4,80.9,20.8,Heavy Rain
935.0,2022-09-15,18:00,Monsoon,9.0,Thursday,24.9,998.4,87.5,21.6,Clear
934.0,2022-09-15,23:00,Monsoon,9.0,Thursday,22.1,997.8,87.0,22.4,Clear
936.0,2022-09-16,04:00,Monsoon,9.0,Friday,19.3,998.7,62.4,23.8,Light Rain
940.0,2022-09-16,04:00,Monsoon,9.0,Friday,24.5,1000.0,61.1,28.3,Light Rain
937.0,2022-09-16,06:00,Monsoon,9.0,Friday,26.4,1000.2,88.2,27.4,Cloudy
939.0,2022-09-16,07:00,Monsoon,9.0,Friday,24.9,1000.1,93.2,25.3,Partly Cloudy
938.0,2022-09-16,20:00,Monsoon,9.0,Friday,23.4,998.1,83.3,22.8,Cloudy
941.0,2022-09-17,16:00,Monsoon,9.0,Saturday,31.8,1006.2,84.2,23.0,Light Rain
947.0,2022-09-18,01:00,Monsoon,9.0,Sunday,23.0,1003.4,92.5,21.7,Heavy Rain
943.0,2022-09-18,03:00,Monsoon,9.0,Sunday,22.95,1000.8,88.9,26.6,Light Rain
942.0,2022-09-18,04:00,Monsoon,9.0,Sunday,22.9,1005.4,85.3,25.7,Partly Cloudy
945.0,2022-09-18,18:00,Monsoon,9.0,Sunday,23.6,1004.8,73.0,23.8,Thunderstorm
946.0,2022-09-18,20:00,Monsoon,9.0,Sunday,21.0,1001.2,79.7,30.3,Light Rain
944.0,2022-09-18,21:00,Monsoon,9.0,Sunday,22.0,995.6,89.0,32.2,Thunderstorm
948.0,2022-09-19,10:00,Monsoon,9.0,Monday,30.0,1005.7,71.7,23.4,Heavy Rain
949.0,2022-09-19,21:00,Monsoon,9.0,Monday,21.2,997.6,87.8,24.0,Clear
952.0,2022-09-20,11:00,Monsoon,9.0,Tuesday,33.4,1002.9,61.4,26.8,Cloudy
950.0,2022-09-20,12:00,Monsoon,9.0,Tuesday,29.4,1001.5,84.1,23.7,Light Rain
951.0,2022-09-20,14:00,Monsoon,9.0,Tuesday,26.0,997.0,78.0,23.4,Clear
953.0,2022-09-20,21:00,Monsoon,9.0,Tuesday,23.7,997.9,68.2,20.6,Light Rain
958.0,2022-09-21,04:00,Monsoon,9.0,Wednesday,25.3,1003.9,78.5,25.1,Cloudy
957.0,2022-09-21,06:00,Monsoon,9.0,Wednesday,26.7,1002.0,85.3,27.6,Cloudy
956.0,2022-09-21,10:00,Monsoon,9.0,Wednesday,35.6,1004.3,72.9,26.3,Heavy Rain
954.0,2022-09-21,20:00,Monsoon,9.0,Wednesday,23.6,1002.0,77.3,23.4,Heavy Rain
955.0,2022-09-21,21:00,Monsoon,9.0,Wednesday,22.8,998.4,67.2,23.9,Heavy Rain
959.0,2022-09-22,16:00,Monsoon,9.0,Thursday,29.8,1003.5,87.4,20.7,Heavy Rain
961.0,2022-09-23,19:00,Monsoon,9.0,Friday,26.9,1002.4,85.3,22.4,Cloudy
960.0,2022-09-23,23:00,Monsoon,9.0,Friday,24.1,997.7,61.3,23.5,Thunderstorm
962.0,2022-09-24,08:00,Monsoon,9.0,Saturday,33.4,996.9,68.0,22.2,Light Rain
963.0,2022-09-24,13:00,Monsoon,9.0,Saturday,34.8,992.5,86.5,22.9,Heavy Rain
964.0,2022-09-25,11:00,Monsoon,9.0,Sunday,29.0,993.8,70.6,21.7,Heavy Rain
969.0,2022-09-25,15:00,Monsoon,9.0,Sunday,28.416666666666668,999.3,74.8,20.9,Thunderstorm
966.0,2022-09-25,16:00,Monsoon,9.0,Sunday,27.833333333333332,999.0,74.4,21.4,Heavy Rain
967.0,2022-09-25,18:00,Monsoon,9.0,Sunday,27.25,1002.6,84.5,24.6,Light Rain
968.0,2022-09-25,18:00,Monsoon,9.0,Sunday,26.666666666666668,995.6,72.5,23.4,Partly Cloudy
970.0,2022-09-26,11:00,Monsoon,9.0,Monday,26.083333333333332,994.25,74.9,20.1,Heavy Rain
973.0,2022-09-27,05:00,Monsoon,9.0,Tuesday,25.5,992.9,80.7,21.7,Clear
971.0,2022-09-27,11:00,Monsoon,9.0,Tuesday,36.5,991.8,84.8,20.4,Heavy Rain
972.0,2022-09-27,19:00,Monsoon,9.0,Tuesday,25.0,1000.1,85.9,29.8,Cloudy
974.0,2022-09-27,22:00,Monsoon,9.0,Tuesday,24.5,1001.75,80.6,26.7,Clear
978.0,2022-09-28,00:00,Monsoon,9.0,Wednesday,21.2,1003.4,74.0,22.2,Heavy Rain
975.0,2022-09-28,03:00,Monsoon,9.0,Wednesday,21.3,1009.1,77.0,25.2,Cloudy
976.0,2022-09-28,05:00,Monsoon,9.0,Wednesday,27.4,1001.2,83.5,24.0,Light Rain
977.0,2022-09-28,10:00,Monsoon,9.0,Wednesday,29.4,1000.1,69.4,23.2,Partly Cloudy
980.0,2022-09-29,22:00,Monsoon,9.0,Thursday,21.2,1002.5,80.7,26.5,Heavy Rain
980.0,2022-09-29,22:00,Monsoon,9.0,Thursday,21.2,1004.9,80.7,26.5,Heavy Rain
979.0,2022-09-29,23:00,Monsoon,9.0,Thursday,20.1,1007.3,71.86666666666667,22.0,Thunderstorm
982.0,2022-09-30,10:00,Monsoon,9.0,Friday,31.5,999.8,63.03333333333333,21.0,Cloudy
985.0,2022-09-30,16:00,Monsoon,9.0,Friday,35.9,1002.8,54.2,21.9,Cloudy
984.0,2022-09-30,17:00,Monsoon,9.0,Friday,28.3,1001.9,71.0,26.4,Light Rain
983.0,2022-09-30,18:00,Monsoon,9.0,Friday,23.7,1004.3,78.1,33.0,Clear
988.0,2022-10-01,13:00,Post-Monsoon,10.0,Saturday,30.6,1012.7,56.3,21.7,Clear
989.0,2022-10-01,17:00,Post-Monsoon,10.0,Saturday,25.2,1008.2,64.6,16.4,Partly Cloudy
986.0,2022-10-01,18:00,Post-Monsoon,10.0,Saturday,18.7,1011.1,84.7,12.8,Partly Cloudy
987.0,2022-10-01,20:00,Post-Monsoon,10.0,Saturday,26.9,1005.7,51.3,14.2,Partly Cloudy
990.0,2022-10-02,18:00,Post-Monsoon,10.0,Sunday,25.3,1015.8,63.2,12.5,Clear
991.0,2022-10-03,14:00,Post-Monsoon,10.0,Monday,27.6,1011.2,66.4,10.9,Cloudy
996.0,2022-10-04,02:00,Post-Monsoon,10.0,Tuesday,12.3,1008.7,66.3,16.7,Partly Cloudy
993.0,2022-10-04,03:00,Post-Monsoon,10.0,Tuesday,17.9,1006.6,54.4,11.1,Cloudy
994.0,2022-10-04,06:00,Post-Monsoon,10.0,Tuesday,25.2,1013.8,70.4,25.3,Clear
999.0,2022-10-04,07:00,Post-Monsoon,10.0,Tuesday,25.5,1011.0,85.0,11.3,Clear
998.0,2022-10-04,08:00,Post-Monsoon,10.0,Tuesday,28.2,1010.8,56.0,12.6,Clear
995.0,2022-10-04,12:00,Post-Monsoon,10.0,Tuesday,27.7,1018.7,75.5,10.9,Cloudy
997.0,2022-10-04,15:00,Post-Monsoon,10.0,Tuesday,21.9,1006.9,43.5,17.8,Cloudy
1001.0,2022-10-05,12:00,Post-Monsoon,10.0,Wednesday,31.2,1010.4,70.1,10.5,Partly Cloudy
1000.0,2022-10-05,19:00,Post-Monsoon,10.0,Wednesday,26.6,1010.9,73.2,15.8,Partly Cloudy
1002.0,2022-10-06,16:00,Post-Monsoon,10.0,Thursday,30.3,1015.4,73.2,30.6,Light Rain
1003.0,2022-10-06,16:00,Post-Monsoon,10.0,Thursday,28.7,1013.2,65.2,21.5,Clear
1004.0,2022-10-06,16:00,Post-Monsoon,10.0,Thursday,24.4,1016.1,55.4,14.8,Light Rain
1005.0,2022-10-07,00:00,Post-Monsoon,10.0,Friday,18.8,1015.7,85.3,11.9,Partly Cloudy
1008.0,2022-10-07,05:00,Post-Monsoon,10.0,Friday,22.6,1004.9,77.4,15.4,Cloudy
1006.0,2022-10-07,07:00,Post-Monsoon,10.0,Friday,21.0,1006.9,70.0,20.6,Partly Cloudy
1007.0,2022-10-07,18:00,Post-Monsoon,10.0,Friday,25.2,1011.8,62.6,13.9,Cloudy
1009.0,2022-10-08,02:00,Post-Monsoon,10.0,Saturday,19.7,1009.8,63.0,12.9,Haze
1010.0,2022-10-08,04:00,Post-Monsoon,10.0,Saturday,18.1,1014.9,58.1,15.2,Cloudy
1011.0,2022-10-09,12:00,Post-Monsoon,10.0,Sunday,34.6,1012.5,63.4,13.0,Light Rain
1013.0,2022-10-09,13:00,Post-Monsoon,10.0,Sunday,28.4,1012.4,77.7,16.95,Partly Cloudy
1012.0,2022-10-09,14:00,Post-Monsoon,10.0,Sunday,32.5,1014.1,64.7,20.9,Clear
1015.0,2022-10-10,15:00,Post-Monsoon,10.0,Monday,26.2,1014.0,66.2,11.9,Clear
1016.0,2022-10-10,17:00,Post-Monsoon,10.0,Monday,27.6,1013.3,46.4,15.9,Light Rain
1014.0,2022-10-10,22:00,Post-Monsoon,10.0,Monday,18.8,1012.4,73.0,17.1,Haze
1019.0,2022-10-11,10:00,Post-Monsoon,10.0,Tuesday,25.0,1009.3,71.0,10.9,Cloudy
1017.0,2022-10-11,21:00,Post-Monsoon,10.0,Tuesday,20.3,1017.9,60.3,13.9,Partly Cloudy
1018.0,2022-10-11,21:00,Post-Monsoon,10.0,Tuesday,18.2,1015.4,58.3,11.3,Partly Cloudy
1020.0,2022-10-12,02:00,Post-Monsoon,10.0,Wednesday,16.8,1012.4,61.3,18.3,Light Rain
1022.0,2022-10-12,09:00,Post-Monsoon,10.0,Wednesday,24.3,1016.9,65.55,10.5,Clear
1026.0,2022-10-12,11:00,Post-Monsoon,10.0,Wednesday,32.8,1014.7,69.8,14.1,Partly Cloudy
1025.0,2022-10-12,15:00,Post-Monsoon,10.0,Wednesday,30.6,1008.9,45.3,11.9,Partly Cloudy
1024.0,2022-10-12,20:00,Post-Monsoon,10.0,Wednesday,24.2,1011.3,97.1,14.9,Clear
1021.0,2022-10-12,21:00,Post-Monsoon,10.0,Wednesday,18.5,1005.8,69.7,21.0,Clear
1027.0,2022-10-13,01:00,Post-Monsoon,10.0,Thursday,14.3,1007.7,44.9,14.1,Cloudy
1028.0,2022-10-13,08:00,Post-Monsoon,10.0,Thursday,26.3,1012.9,65.5,12.8,Clear
1030.0,2022-10-14,02:00,Post-Monsoon,10.0,Friday,19.8,1015.7,45.7,14.9,Clear
1033.0,2022-10-14,02:00,Post-Monsoon,10.0,Friday,16.3,1005.3,83.9,16.9,Clear
1032.0,2022-10-14,14:00,Post-Monsoon,10.0,Friday,32.7,1011.9,71.5,10.3,Light Rain
1029.0,2022-10-14,23:00,Post-Monsoon,10.0,Friday,18.8,1007.9,59.9,10.9,Clear
1031.0,2022-10-14,23:00,Post-Monsoon,10.0,Friday,17.5,1013.0,71.5,20.7,Clear
1039.0,2022-10-15,06:00,Post-Monsoon,10.0,Saturday,23.1,1016.2,71.4,12.0,Haze
1040.0,2022-10-15,06:00,Post-Monsoon,10.0,Saturday,27.1,1015.4,53.0,21.9,Clear
1036.0,2022-10-15,07:00,Post-Monsoon,10.0,Saturday,25.1,1010.3,67.4,18.1,Cloudy
1038.0,2022-10-15,07:00,Post-Monsoon,10.0,Saturday,23.6,1014.6,55.3,17.8,Partly Cloudy
1037.0,2022-10-15,16:00,Post-Monsoon,10.0,Saturday,28.0,1008.0,47.5,11.7,Cloudy
1035.0,2022-10-15,17:00,Post-Monsoon,10.0,Saturday,26.2,1017.1,66.9,16.5,Haze
1034.0,2022-10-15,18:00,Post-Monsoon,10.0,Saturday,24.2,1013.5,81.8,17.0,Cloudy
1042.0,2022-10-16,00:00,Post-Monsoon,10.0,Sunday,19.4,1012.6,49.4,14.4,Light Rain
1045.0,2022-10-16,00:00,Post-Monsoon,10.0,Sunday,22.8,1012.8,85.1,16.3,Light Rain
1041.0,2022-10-16,02:00,Post-Monsoon,10.0,Sunday,15.0,1016.8,60.3,14.2,Clear
1043.0,2022-10-16,03:00,Post-Monsoon,10.0,Sunday,16.7,1008.0,58.2,12.7,Partly Cloudy
1044.0,2022-10-16,04:00,Post-Monsoon,10.0,Sunday,20.3,1007.2,61.1,10.2,Clear
1047.0,2022-10-16,04:00,Post-Monsoon,10.0,Sunday,22.5,1012.0,74.0,15.1,Clear
1048.0,2022-10-16,12:00,Post-Monsoon,10.0,Sunday,28.0,1011.4,56.4,11.4,Light Rain
1046.0,2022-10-16,14:00,Post-Monsoon,10.0,Sunday,26.6,1014.6,73.8,10.5,Cloudy
1051.0,2022-10-18,04:00,Post-Monsoon,10.0,Tuesday,19.4,1014.6,65.5,14.5,Clear
1049.0,2022-10-18,07:00,Post-Monsoon,10.0,Tuesday,25.9,1017.4,69.4,17.8,Partly Cloudy
1050.0,2022-10-18,07:00,Post-Monsoon,10.0,Tuesday,25.8,1004.3,62.5,19.9,Partly Cloudy
1053.0,2022-10-19,00:00,Post-Monsoon,10.0,Wednesday,19.9,1009.6,70.2,15.2,Partly Cloudy
1052.0,2022-10-19,08:00,Post-Monsoon,10.0,Wednesday,28.9,1015.8,68.1,15.1,Clear
1056.0,2022-10-20,01:00,Post-Monsoon,10.0,Thursday,22.6,1010.2,76.2,11.4,Cloudy
1055.0,2022-10-20,02:00,Post-Monsoon,10.0,Thursday,19.2,1014.5,66.2,10.8,Light Rain
1054.0,2022-10-20,03:00,Post-Monsoon,10.0,Thursday,16.7,1007.3,76.0,11.9,Clear
1057.0,2022-10-20,07:00,Post-Monsoon,10.0,Thursday,28.0,1009.4,66.0,13.0,Light Rain
1058.0,2022-10-20,22:00,Post-Monsoon,10.0,Thursday,17.5,1008.4,76.4,17.7,Partly Cloudy
1060.0,2022-10-21,01:00,Post-Monsoon,10.0,Friday,19.1,1008.5,63.1,14.0,Partly Cloudy
1059.0,2022-10-21,08:00,Post-Monsoon,10.0,Friday,23.3,1011.9,73.1,23.2,Cloudy
1063.0,2022-10-22,03:00,Post-Monsoon,10.0,Saturday,16.3,1011.3,57.6,15.3,Cloudy
1061.0,2022-10-22,13:00,Post-Monsoon,10.0,Saturday,29.9,1010.6,55.85,10.0,Cloudy
1062.0,2022-10-22,13:00,Post-Monsoon,10.0,Saturday,24.2,1015.6,54.1,15.0,Cloudy
1066.0,2022-10-23,02:00,Post-Monsoon,10.0,Sunday,18.7,1016.2,85.2,18.2,Partly Cloudy
1068.0,2022-10-23,02:00,Post-Monsoon,10.0,Sunday,19.0,1009.4,52.5,17.0,Haze
1064.0,2022-10-23,05:00,Post-Monsoon,10.0,Sunday,24.8,1013.6,56.4,13.5,Cloudy
1067.0,2022-10-23,07:00,Post-Monsoon,10.0,Sunday,24.6,1012.0,54.7,13.2,Partly Cloudy
1065.0,2022-10-23,10:00,Post-Monsoon,10.0,Sunday,28.6,1020.0,60.2,15.5,Clear
1069.0,2022-10-23,13:00,Post-Monsoon,10.0,Sunday,31.0,1011.7,72.4,11.9,Clear
1070.0,2022-10-24,12:00,Post-Monsoon,10.0,Monday,30.4,1014.8,60.7,17.6,Clear
1071.0,2022-10-25,12:00,Post-Monsoon,10.0,Tuesday,29.4,1012.0,66.8,15.7,Clear
1073.0,2022-10-25,12:00,Post-Monsoon,10.0,Tuesday,34.7,1017.0,48.6,14.8,Partly Cloudy
1075.0,2022-10-27,05:00,Post-Monsoon,10.0,Thursday,21.7,1007.2,48.1,10.6,Cloudy
1074.0,2022-10-27,18:00,Post-Monsoon,10.0,Thursday,25.2,1015.3,66.6,12.0,Partly Cloudy
1077.0,2022-10-28,01:00,Post-Monsoon,10.0,Friday,14.2,1007.0,71.8,11.9,Cloudy
1078.0,2022-10-28,07:00,Post-Monsoon,10.0,Friday,22.5,1013.5,47.6,11.9,Partly Cloudy
1076.0,2022-10-28,15:00,Post-Monsoon,10.0,Friday,30.8,1007.5,40.5,20.6,Haze
1079.0,2022-10-28,16:00,Post-Monsoon,10.0,Friday,28.3,1007.85,66.0,20.5,Partly Cloudy
1080.0,2022-10-28,22:00,Post-Monsoon,10.0,Friday,23.4,1008.2,62.9,10.7,Cloudy
1081.0,2022-10-29,01:00,Post-Monsoon,10.0,Saturday,14.1,1011.0,61.8,11.0,Clear
1085.0,2022-10-29,01:00,Post-Monsoon,10.0,Saturday,17.4,1010.2,67.2,11.1,Clear
1084.0,2022-10-29,05:00,Post-Monsoon,10.0,Saturday,21.8,1008.6,70.5,12.6,Cloudy
1082.0,2022-10-29,09:00,Post-Monsoon,10.0,Saturday,27.2,1018.3,70.7,20.4,Haze
1083.0,2022-10-29,15:00,Post-Monsoon,10.0,Saturday,27.7,1012.2,55.6,12.3,Haze
1086.0,2022-10-30,01:00,Post-Monsoon,10.0,Sunday,17.8,1011.6,75.8,12.5,Cloudy
1090.0,2022-10-30,01:00,Post-Monsoon,10.0,Sunday,18.7,1019.0,65.4,12.2,Clear
1091.0,2022-10-30,06:00,Post-Monsoon,10.0,Sunday,21.4,1013.2,69.1,12.1,Cloudy
1087.0,2022-10-30,12:00,Post-Monsoon,10.0,Sunday,28.8,1013.0,52.2,16.7,Partly Cloudy
1089.0,2022-10-30,14:00,Post-Monsoon,10.0,Sunday,28.8,1013.5,71.9,12.7,Clear
1088.0,2022-10-30,23:00,Post-Monsoon,10.0,Sunday,16.4,1007.0,66.0,13.5,Cloudy
1092.0,2022-10-31,02:00,Post-Monsoon,10.0,Monday,17.6,1013.5,40.2,11.1,Partly Cloudy
1093.0,2022-10-31,07:00,Post-Monsoon,10.0,Monday,26.1,1009.5,65.6,17.8,Clear
1094.0,2022-10-31,22:00,Post-Monsoon,10.0,Monday,16.5,1016.7,55.5,16.0,Partly Cloudy
1099.0,2022-11-01,06:00,Post-Monsoon,11.0,Tuesday,17.0,1013.5,79.7,15.2,Partly Cloudy
1095.0,2022-11-01,13:00,Post-Monsoon,11.0,Tuesday,28.3,1012.0,56.5,15.3,Partly Cloudy
1100.0,2022-11-01,20:00,Post-Monsoon,11.0,Tuesday,22.5,1007.8,74.9,18.2,Cloudy
1098.0,2022-11-01,21:00,Post-Monsoon,11.0,Tuesday,17.1,1006.4,60.050000000000004,14.3,Clear
1097.0,2022-11-01,22:00,Post-Monsoon,11.0,Tuesday,18.3,1007.1,45.2,10.4,Cloudy
1096.0,2022-11-01,23:00,Post-Monsoon,11.0,Tuesday,22.1,1011.9,73.8,17.3,Light Rain
1102.0,2022-11-02,00:00,Post-Monsoon,11.0,Wednesday,16.7,1008.6,80.1,11.3,Cloudy
1101.0,2022-11-02,06:00,Post-Monsoon,11.0,Wednesday,25.7,1012.2,82.1,16.2,Clear
1104.0,2022-11-02,08:00,Post-Monsoon,11.0,Wednesday,29.3,1016.9,62.4,16.2,Clear
1103.0,2022-11-02,16:00,Post-Monsoon,11.0,Wednesday,23.7,1008.9,54.8,12.4,Partly Cloudy
1105.0,2022-11-03,20:00,Post-Monsoon,11.0,Thursday,22.3,1016.2,43.5,15.100000000000001,Clear
1106.0,2022-11-04,12:00,Post-Monsoon,11.0,Friday,30.1,1014.2,45.1,17.8,Partly Cloudy
1108.0,2022-11-04,18:00,Post-Monsoon,11.0,Friday,26.9,1016.8,76.6,10.1,Clear
1107.0,2022-11-04,20:00,Post-Monsoon,11.0,Friday,20.7,1010.1,66.1,18.6,Partly Cloudy
1112.0,2022-11-05,16:00,Post-Monsoon,11.0,Saturday,26.8,1016.8,56.3,15.0,Light Rain
1110.0,2022-11-05,18:00,Post-Monsoon,11.0,Saturday,18.7,1017.4,54.9,10.6,Partly Cloudy
1109.0,2022-11-05,20:00,Post-Monsoon,11.0,Saturday,16.6,1010.3,67.5,12.3,Cloudy
1111.0,2022-11-05,21:00,Post-Monsoon,11.0,Saturday,23.0,1010.9,59.3,13.5,Partly Cloudy
1115.0,2022-11-06,09:00,Post-Monsoon,11.0,Sunday,30.2,1008.4,57.7,13.3,Partly Cloudy
1113.0,2022-11-06,22:00,Post-Monsoon,11.0,Sunday,20.0,1011.6,63.8,14.8,Partly Cloudy
1114.0,2022-11-06,22:00,Post-Monsoon,11.0,Sunday,15.5,1010.2,79.7,13.2,Partly Cloudy
1117.0,2022-11-07,03:00,Post-Monsoon,11.0,Monday,21.2,1016.3,79.4,11.1,Cloudy
1118.0,2022-11-07,07:00,Post-Monsoon,11.0,Monday,23.5,1010.0,70.9,11.2,Clear
1116.0,2022-11-07,09:00,Post-Monsoon,11.0,Monday,28.1,1016.9,46.1,11.8,Cloudy
1119.0,2022-11-07,21:00,Post-Monsoon,11.0,Monday,19.1,1006.9,58.9,15.5,Clear
1123.0,2022-11-08,13:00,Post-Monsoon,11.0,Tuesday,30.1,1011.8,60.2,16.3,Haze
1122.0,2022-11-08,17:00,Post-Monsoon,11.0,Tuesday,21.4,1019.1,75.6,11.6,Cloudy
1120.0,2022-11-08,19:00,Post-Monsoon,11.0,Tuesday,18.7,1021.0,59.8,22.9,Haze
1121.0,2022-11-08,19:00,Post-Monsoon,11.0,Tuesday,16.0,1009.7,59.0,14.1,Clear
1125.0,2022-11-09,13:00,Post-Monsoon,11.0,Wednesday,27.1,1018.5,69.5,11.7,Haze
1126.0,2022-11-09,19:00,Post-Monsoon,11.0,Wednesday,19.6,1010.3,58.0,12.6,cloudy
1129.0,2022-11-10,14:00,Post-Monsoon,11.0,Thursday,25.3,1013.8,55.8,13.2,Partly Cloudy
1127.0,2022-11-10,20:00,Post-Monsoon,11.0,Thursday,18.1,1010.8,76.5,16.2,Clear
1128.0,2022-11-10,23:00,Post-Monsoon,11.0,Thursday,19.1,1018.2,57.0,19.6,Partly Cloudy
1130.0,2022-11-11,21:00,Post-Monsoon,11.0,Friday,21.0,1014.6,66.2,19.9,Light Rain
1131.0,2022-11-12,03:00,Post-Monsoon,11.0,Saturday,21.7,1012.7,68.9,28.3,Clear
1134.0,2022-11-12,07:00,Post-Monsoon,11.0,Saturday,25.7,1016.6,66.1,21.55,Clear
1132.0,2022-11-12,12:00,Post-Monsoon,11.0,Saturday,27.2,1012.6,68.8,14.8,Haze
1133.0,2022-11-12,22:00,Post-Monsoon,11.0,Saturday,18.3,1010.8,62.4,15.7,Cloudy
1135.0,2022-11-13,17:00,Post-Monsoon,11.0,Sunday,24.2,1012.8,63.8,17.3,Clear
1139.0,2022-11-14,01:00,Post-Monsoon,11.0,Monday,16.7,1014.0,72.6,14.9,Cloudy
1142.0,2022-11-14,01:00,Post-Monsoon,11.0,Monday,15.2,1014.6,62.6,13.0,Clear
1144.0,2022-11-14,08:00,Post-Monsoon,11.0,Monday,31.1,1013.3,63.0,17.1,Cloudy
1143.0,2022-11-14,10:00,Post-Monsoon,11.0,Monday,24.1,1015.0,79.0,11.6,Clear
1136.0,2022-11-14,11:00,Post-Monsoon,11.0,Monday,29.6,1019.5,56.9,11.0,Clear
1138.0,2022-11-14,13:00,Post-Monsoon,11.0,Monday,29.0,1014.1,45.9,12.4,Cloudy
1140.0,2022-11-14,17:00,Post-Monsoon,11.0,Monday,22.7,1020.7,49.5,12.9,Cloudy
1137.0,2022-11-14,22:00,Post-Monsoon,11.0,Monday,20.7,1006.5,57.4,10.3,Haze
1141.0,2022-11-14,23:00,Post-Monsoon,11.0,Monday,23.95,1010.2,74.4,15.8,Clear
1145.0,2022-11-15,11:00,Post-Monsoon,11.0,Tuesday,27.2,1003.8,80.6,11.0,Clear
1146.0,2022-11-15,16:00,Post-Monsoon,11.0,Tuesday,28.9,1016.2,73.8,15.4,Cloudy
1151.0,2022-11-16,05:00,Post-Monsoon,11.0,Wednesday,25.8,1017.4,65.2,15.6,Cloudy
1147.0,2022-11-16,14:00,Post-Monsoon,11.0,Wednesday,29.7,1006.2,66.0,13.1,Clear
1148.0,2022-11-16,16:00,Post-Monsoon,11.0,Wednesday,27.6,1011.7,60.7,20.2,Partly Cloudy
1152.0,2022-11-16,16:00,Post-Monsoon,11.0,Wednesday,28.0,1014.4,55.4,22.7,Clear
1149.0,2022-11-16,17:00,Post-Monsoon,11.0,Wednesday,18.6,1018.5,52.7,11.7,Light Rain
1150.0,2022-11-16,21:00,Post-Monsoon,11.0,Wednesday,21.4,1011.4,63.7,12.6,Partly Cloudy
1155.0,2022-11-17,17:00,Post-Monsoon,11.0,Thursday,24.4,1014.55,71.3,18.1,Clear
1153.0,2022-11-17,22:00,Post-Monsoon,11.0,Thursday,15.8,1017.7,61.3,11.7,Clear
1154.0,2022-11-17,23:00,Post-Monsoon,11.0,Thursday,15.6,1013.4,71.2,13.3,Clear
1156.0,2022-11-18,07:00,Post-Monsoon,11.0,Friday,27.7,1012.7,64.15,11.9,Cloudy
1159.0,2022-11-19,04:00,Post-Monsoon,11.0,Saturday,17.4,1008.7,57.1,13.3,Cloudy
1158.0,2022-11-19,05:00,Post-Monsoon,11.0,Saturday,19.3,1014.1,72.4,21.6,Partly Cloudy
1157.0,2022-11-19,08:00,Post-Monsoon,11.0,Saturday,23.4,1013.7,66.7,13.6,Cloudy
1160.0,2022-11-19,11:00,Post-Monsoon,11.0,Saturday,31.1,1007.3,45.3,16.9,Cloudy
1162.0,2022-11-20,00:00,Post-Monsoon,11.0,Sunday,16.9,1016.1,66.7,13.6,Clear
1166.0,2022-11-20,01:00,Post-Monsoon,11.0,Sunday,15.9,1011.3,84.3,10.4,Clear
1165.0,2022-11-20,08:00,Post-Monsoon,11.0,Sunday,25.7,1015.3,72.2,10.7,Clear
1161.0,2022-11-20,10:00,Post-Monsoon,11.0,Sunday,29.7,1014.55,65.1,13.2,Partly Cloudy
1163.0,2022-11-20,10:00,Post-Monsoon,11.0,Sunday,33.2,1013.8,58.0,16.0,Cloudy
1164.0,2022-11-20,18:00,Post-Monsoon,11.0,Sunday,26.9,1013.7,64.8,11.1,Clear
1167.0,2022-11-21,11:00,Post-Monsoon,11.0,Monday,31.9,1010.0,49.3,15.0,Partly Cloudy
1168.0,2022-11-22,03:00,Post-Monsoon,11.0,Tuesday,20.3,1016.9,64.6,12.9,Cloudy
1169.0,2022-11-22,03:00,Post-Monsoon,11.0,Tuesday,24.7,1014.0,66.75,12.4,Partly Cloudy
1171.0,2022-11-22,14:00,Post-Monsoon,11.0,Tuesday,26.75,1006.8,68.9,10.5,Haze
1170.0,2022-11-22,17:00,Post-Monsoon,11.0,Tuesday,28.8,1007.2,57.7,16.5,Haze
1173.0,2022-11-23,12:00,Post-Monsoon,11.0,Wednesday,27.066666666666666,1014.3,70.6,18.9,Clear
1172.0,2022-11-23,18:00,Post-Monsoon,11.0,Wednesday,25.333333333333336,1015.6,75.8,12.6,Cloudy
1176.0,2022-11-24,05:00,Post-Monsoon,11.0,Thursday,23.6,1008.7,67.8,14.9,Clear
1175.0,2022-11-24,16:00,Post-Monsoon,11.0,Thursday,28.8,1016.7,70.5,12.3,Cloudy
1174.0,2022-11-24,18:00,Post-Monsoon,11.0,Thursday,30.4,1006.3,65.9,16.2,Partly Cloudy
1179.0,2022-11-25,11:00,Post-Monsoon,11.0,Friday,32.0,1010.0,57.1,20.1,Cloudy
1177.0,2022-11-25,15:00,Post-Monsoon,11.0,Friday,28.6,1009.8,66.3,13.1,Clear
1180.0,2022-11-25,18:00,Post-Monsoon,11.0,Friday,26.1,1017.3,55.2,16.3,Haze
1178.0,2022-11-25,23:00,Post-Monsoon,11.0,Friday,18.1,1015.7,70.2,12.4,Clear
1184.0,2022-11-26,00:00,Post-Monsoon,11.0,Saturday,20.2,1007.6,62.8,13.5,Cloudy
1181.0,2022-11-26,04:00,Post-Monsoon,11.0,Saturday,21.0,1013.2,71.3,14.9,Clear
1182.0,2022-11-26,16:00,Post-Monsoon,11.0,Saturday,28.3,1014.9,56.6,12.2,Partly Cloudy
1183.0,2022-11-26,22:00,Post-Monsoon,11.0,Saturday,20.1,1013.5,55.1,12.3,Partly Cloudy
1185.0,2022-11-26,23:00,Post-Monsoon,11.0,Saturday,15.2,1011.5,80.2,13.4,Haze
1187.0,2022-11-27,09:00,Post-Monsoon,11.0,Sunday,27.8,1008.1,68.2,16.7,Partly Cloudy
1188.0,2022-11-27,14:00,Post-Monsoon,11.0,Sunday,33.5,1007.7,63.5,10.4,Cloudy
1186.0,2022-11-27,22:00,Post-Monsoon,11.0,Sunday,18.9,1016.8,73.8,13.8,Cloudy
1190.0,2022-11-28,20:00,Post-Monsoon,11.0,Monday,19.3,1012.5,54.2,11.2,Clear
1189.0,2022-11-28,22:00,Post-Monsoon,11.0,Monday,19.1,1008.6,58.9,12.5,Clear
1194.0,2022-11-30,04:00,Post-Monsoon,11.0,Wednesday,20.9,1012.9,55.9,12.0,Partly Cloudy
1192.0,2022-11-30,10:00,Post-Monsoon,11.0,Wednesday,26.8,1005.9,66.65,16.5,Partly Cloudy
1193.0,2022-11-30,12:00,Post-Monsoon,11.0,Wednesday,30.9,1011.8,77.4,19.4,Cloudy
1191.0,2022-11-30,20:00,Post-Monsoon,11.0,Wednesday,21.5,1011.4,72.1,12.4,Cloudy
1195.0,2022-12-01,00:00,Winter,12.0,Thursday,24.6,1011.2,67.0,9.6,Clear
1198.0,2022-12-01,10:00,Winter,12.0,Thursday,27.7,1024.1,44.8,9.6,Cloudy
1197.0,2022-12-01,11:00,Winter,12.0,Thursday,26.2,1015.3,48.9,9.6,Haze
1199.0,2022-12-01,16:00,Winter,12.0,Thursday,20.1,1011.5,50.0,9.4,Haze
1196.0,2022-12-01,23:00,Winter,12.0,Thursday,13.2,1022.1,65.0,8.2,Cloudy
1200.0,2022-12-02,03:00,Winter,12.0,Friday,18.0,1021.3,46.8,20.6,Clear
1202.0,2022-12-02,08:00,Winter,12.0,Friday,16.4,1014.8,51.5,12.1,Partly Cloudy
1201.0,2022-12-02,14:00,Winter,12.0,Friday,22.4,1019.0,56.1,10.2,Partly Cloudy
1204.0,2022-12-02,19:00,Winter,12.0,Friday,19.4,1016.5,45.8,13.8,Fog
1203.0,2022-12-02,20:00,Winter,12.0,Friday,17.1,1026.3,48.3,18.1,Cloudy
1205.0,2022-12-03,18:00,Winter,12.0,Saturday,22.8,1014.4,42.3,11.8,Fog
1206.0,2022-12-03,18:00,Winter,12.0,Saturday,15.2,1018.8,36.2,11.5,Fog
1208.0,2022-12-04,04:00,Winter,12.0,Sunday,14.2,1022.4,51.9,9.8,Cloudy
1211.0,2022-12-04,04:00,Winter,12.0,Sunday,17.5,1018.4,43.5,12.8,Haze
1209.0,2022-12-04,09:00,Winter,12.0,Sunday,18.5,1018.9,56.6,8.2,Cloudy
1207.0,2022-12-04,11:00,Winter,12.0,Sunday,24.6,1017.4,43.7,13.2,Haze
1210.0,2022-12-04,16:00,Winter,12.0,Sunday,18.6,1018.8,39.3,11.3,Clear
1213.0,2022-12-05,15:00,Winter,12.0,Monday,22.2,1020.1,53.9,13.9,Haze
1212.0,2022-12-05,21:00,Winter,12.0,Monday,14.0,1018.6,51.2,9.9,Clear
1216.0,2022-12-06,02:00,Winter,12.0,Tuesday,11.7,1013.5,60.6,11.4,Partly Cloudy
1214.0,2022-12-06,06:00,Winter,12.0,Tuesday,17.5,1018.2,47.0,9.8,Partly Cloudy
1215.0,2022-12-06,08:00,Winter,12.0,Tuesday,23.3,1003.0,53.1,11.6,Fog
1217.0,2022-12-07,14:00,Winter,12.0,Wednesday,27.2,1015.0,56.45,8.2,Cloudy
1218.0,2022-12-07,15:00,Winter,12.0,Wednesday,18.6,1013.3,59.8,17.3,Partly Cloudy
1219.0,2022-12-07,17:00,Winter,12.0,Wednesday,20.2,1016.5,43.0,11.9,Fog
1221.0,2022-12-08,02:00,Winter,12.0,Thursday,8.1,1016.6,50.2,8.7,Clear
1224.0,2022-12-08,06:00,Winter,12.0,Thursday,15.2,1013.0,46.9,10.1,Clear
1223.0,2022-12-08,08:00,Winter,12.0,Thursday,21.4,1024.4,48.3,14.9,Fog
1225.0,2022-12-08,08:00,Winter,12.0,Thursday,23.6,1011.1,56.0,8.5,Cloudy
1222.0,2022-12-08,11:00,Winter,12.0,Thursday,24.3,1022.3,62.9,10.9,Fog
1226.0,2022-12-08,12:00,Winter,12.0,Thursday,28.4,1018.7,51.3,8.6,Partly Cloudy
1220.0,2022-12-08,13:00,Winter,12.0,Thursday,25.5,1026.3,46.9,15.3,Fog
1227.0,2022-12-09,17:00,Winter,12.0,Friday,15.2,1020.6,69.8,32.3,Clear
1231.0,2022-12-10,01:00,Winter,12.0,Saturday,9.6,1021.5,51.3,8.9,Cloudy
1230.0,2022-12-10,03:00,Winter,12.0,Saturday,17.2,1017.6,47.0,13.3,Clear
1228.0,2022-12-10,04:00,Winter,12.0,Saturday,18.3,1014.9,38.6,8.4,Clear
1233.0,2022-12-10,08:00,Winter,12.0,Saturday,17.9,1015.6,53.0,10.7,Fog
1229.0,2022-12-10,12:00,Winter,12.0,Saturday,24.2,1022.5,60.6,8.2,Clear
1232.0,2022-12-10,15:00,Winter,12.0,Saturday,23.0,1021.3,57.3,9.5,Cloudy
1235.0,2022-12-11,05:00,Winter,12.0,Sunday,12.1,1016.7,31.5,18.1,Haze
1234.0,2022-12-11,08:00,Winter,12.0,Sunday,18.3,1022.1,59.6,15.9,Haze
1236.0,2022-12-11,10:00,Winter,12.0,Sunday,22.2,1017.2,59.4,12.7,Clear
1237.0,2022-12-11,21:00,Winter,12.0,Sunday,14.8,1021.2,61.1,10.9,Clear
1240.0,2022-12-12,00:00,Winter,12.0,Monday,10.4,1017.6,53.3,15.5,Cloudy
1241.0,2022-12-12,03:00,Winter,12.0,Monday,15.6,1009.0,48.099999999999994,14.5,Partly Cloudy
1242.0,2022-12-12,12:00,Winter,12.0,Monday,24.8,1020.0,42.9,9.9,Clear
1244.0,2022-12-12,12:00,Winter,12.0,Monday,23.6,1018.6,51.3,9.4,Fog
1239.0,2022-12-12,21:00,Winter,12.0,Monday,10.8,1021.9,48.3,16.4,Fog
1243.0,2022-12-12,22:00,Winter,12.0,Monday,8.1,1022.3,61.3,12.6,Clear
1238.0,2022-12-12,23:00,Winter,12.0,Monday,12.3,1023.3,54.3,9.7,Fog
1245.0,2022-12-13,12:00,Winter,12.0,Tuesday,22.1,1020.2,62.0,10.5,Partly Cloudy
1246.0,2022-12-14,01:00,Winter,12.0,Wednesday,12.1,1017.7,55.5,10.8,Fog
1250.0,2022-12-14,06:00,Winter,12.0,Wednesday,18.8,1013.5,48.9,10.9,Cloudy
1249.0,2022-12-14,07:00,Winter,12.0,Wednesday,25.5,1023.8,40.5,12.4,Haze
1247.0,2022-12-14,08:00,Winter,12.0,Wednesday,21.1,1019.2,42.4,15.3,Fog
1248.0,2022-12-14,23:00,Winter,12.0,Wednesday,10.5,1018.6,47.2,11.8,Clear
1253.0,2022-12-15,02:00,Winter,12.0,Thursday,14.3,1016.5,70.4,9.4,Haze
1251.0,2022-12-15,03:00,Winter,12.0,Thursday,15.0,1016.1,38.6,10.6,Clear
1254.0,2022-12-15,05:00,Winter,12.0,Thursday,17.3,1020.4,54.2,11.0,Cloudy
1255.0,2022-12-15,11:00,Winter,12.0,Thursday,25.5,1018.5,51.2,13.0,Clear
1256.0,2022-12-15,11:00,Winter,12.0,Thursday,23.9,1020.7,58.5,13.5,fog
1257.0,2022-12-15,20:00,Winter,12.0,Thursday,18.2,1022.0,69.3,8.4,Partly Cloudy
1261.0,2022-12-16,00:00,Winter,12.0,Friday,8.8,1022.05,47.8,13.7,Clear
1262.0,2022-12-16,03:00,Winter,12.0,Friday,15.5,1022.1,63.9,23.2,Clear
1258.0,2022-12-16,07:00,Winter,12.0,Friday,18.9,1022.1500000000001,41.9,11.2,Clear
1263.0,2022-12-16,20:00,Winter,12.0,Friday,17.5,1022.2,51.0,17.3,Haze
1259.0,2022-12-16,21:00,Winter,12.0,Friday,12.4,1019.6666666666667,64.1,13.3,Haze
1260.0,2022-12-16,21:00,Winter,12.0,Friday,12.7,1017.1333333333333,59.5,13.5,Cloudy
1265.0,2022-12-17,02:00,Winter,12.0,Saturday,12.4,1014.6,63.2,9.0,Clear
1264.0,2022-12-17,10:00,Winter,12.0,Saturday,21.8,1020.5,66.8,12.1,Haze
1266.0,2022-12-18,12:00,Winter,12.0,Sunday,23.2,1019.0,47.0,12.8,Partly Cloudy
1267.0,2022-12-18,16:00,Winter,12.0,Sunday,22.5,1015.5,60.0,12.2,Partly Cloudy
1268.0,2022-12-18,21:00,Winter,12.0,Sunday,16.3,1019.6,50.6,9.6,Haze
1270.0,2022-12-19,09:00,Winter,12.0,Monday,23.5,1009.2,50.7,16.0,Haze
1272.0,2022-12-19,11:00,Winter,12.0,Monday,30.2,1015.5,55.2,8.5,Cloudy
1271.0,2022-12-19,20:00,Winter,12.0,Monday,13.3,1021.5,66.1,10.6,Cloudy
1269.0,2022-12-19,21:00,Winter,12.0,Monday,9.0,1011.2,32.9,10.6,Haze
1273.0,2022-12-20,14:00,Winter,12.0,Tuesday,25.5,1022.2,51.3,18.6,Fog
1274.0,2022-12-20,20:00,Winter,12.0,Tuesday,13.7,1017.9,48.9,10.8,Partly Cloudy
1278.0,2022-12-22,04:00,Winter,12.0,Thursday,14.4,1011.6,82.3,13.2,Cloudy
1279.0,2022-12-22,05:00,Winter,12.0,Thursday,19.1,1023.0,45.8,8.4,Fog
1275.0,2022-12-22,09:00,Winter,12.0,Thursday,20.5,1016.3,58.6,12.1,Clear
1277.0,2022-12-22,12:00,Winter,12.0,Thursday,19.8,1022.5,47.9,8.5,Cloudy
1276.0,2022-12-22,13:00,Winter,12.0,Thursday,14.9,1021.75,50.5,11.3,Haze
1280.0,2022-12-23,23:00,Winter,12.0,Friday,10.0,1021.0,53.1,13.3,Partly Cloudy
1283.0,2022-12-24,16:00,Winter,12.0,Saturday,18.6,1015.9,57.8,10.9,Fog
1282.0,2022-12-24,21:00,Winter,12.0,Saturday,14.0,1015.6,63.1,13.3,Haze
1287.0,2022-12-25,02:00,Winter,12.0,Sunday,11.1,1023.4,46.6,10.4,Clear
1288.0,2022-12-25,02:00,Winter,12.0,Sunday,11.7,1021.7,57.6,11.1,Fog
1284.0,2022-12-25,03:00,Winter,12.0,Sunday,15.9,1016.3,59.9,23.2,Cloudy
1286.0,2022-12-25,09:00,Winter,12.0,Sunday,26.9,1018.7,46.6,11.6,Clear
1285.0,2022-12-25,13:00,Winter,12.0,Sunday,25.2,1021.8,34.5,14.1,Cloudy
1290.0,2022-12-26,05:00,Winter,12.0,Monday,21.1,1013.1,39.2,10.1,Haze
1292.0,2022-12-26,11:00,Winter,12.0,Monday,25.2,1022.2,35.9,16.5,Fog
1289.0,2022-12-26,14:00,Winter,12.0,Monday,23.8,1013.8,56.3,15.8,Fog
1291.0,2022-12-26,16:00,Winter,12.0,Monday,20.2,1021.7,52.6,15.1,Fog
1297.0,2022-12-27,03:00,Winter,12.0,Tuesday,16.8,1013.9,65.2,11.5,Clear
1296.0,2022-12-27,10:00,Winter,12.0,Tuesday,24.3,1016.7,46.7,12.0,Clear
1294.0,2022-12-27,19:00,Winter,12.0,Tuesday,16.5,1019.2,55.7,12.45,Partly Cloudy
1293.0,2022-12-27,21:00,Winter,12.0,Tuesday,13.0,1017.8,60.0,12.9,Fog
1295.0,2022-12-27,23:00,Winter,12.0,Tuesday,17.35,1021.8,69.6,11.3,Clear
1298.0,2022-12-28,05:00,Winter,12.0,Wednesday,21.7,1018.5,58.449999999999996,9.7,Haze
1299.0,2022-12-29,00:00,Winter,12.0,Thursday,14.4,1015.2,47.3,12.0,Clear
1303.0,2022-12-29,14:00,Winter,12.0,Thursday,19.7,1019.5,51.4,9.7,Clear
1302.0,2022-12-29,15:00,Winter,12.0,Thursday,23.0,1020.0,29.5,9.5,Fog
1300.0,2022-12-29,19:00,Winter,12.0,Thursday,14.9,1026.5,69.8,12.2,Partly Cloudy
1305.0,2022-12-30,07:00,Winter,12.0,Friday,15.8,1016.1,63.3,8.3,Cloudy
1306.0,2022-12-30,11:00,Winter,12.0,Friday,22.0,1025.8,53.8,8.3,Haze
1304.0,2022-12-30,16:00,Winter,12.0,Friday,21.1,1017.8,67.8,20.3,Haze
1308.0,2022-12-30,20:00,Winter,12.0,Friday,14.7,1015.0,63.5,13.1,Haze
1307.0,2022-12-30,21:00,Winter,12.0,Friday,8.8,1020.8,60.6,11.3,Clear
1312.0,2022-12-31,01:00,Winter,12.0,Saturday,13.7,1019.2,47.9,15.3,Cloudy
1314.0,2022-12-31,05:00,Winter,12.0,Saturday,15.3,1014.3,39.5,8.6,Haze
1311.0,2022-12-31,08:00,Winter,12.0,Saturday,25.5,1015.4,62.7,10.8,Fog
1309.0,2022-12-31,09:00,Winter,12.0,Saturday,20.5,1022.4,61.2,10.5,Clear
1310.0,2022-12-31,14:00,Winter,12.0,Saturday,25.0,1016.9,53.6,10.6,Clear
1317.0,2023-01-01,00:00,Winter,1.0,Sunday,13.2,1022.9,56.9,13.3,Fog
1316.0,2023-01-01,20:00,Winter,1.0,Sunday,16.1,1016.7,50.2,11.6,Clear
1319.0,2023-01-02,06:00,Winter,1.0,Monday,19.8,1021.4,47.9,18.5,Partly Cloudy
1320.0,2023-01-02,19:00,Winter,1.0,Monday,14.8,1013.7,70.0,8.6,Cloudy
1318.0,2023-01-02,22:00,Winter,1.0,Monday,11.1,1020.6,43.0,9.0,Partly Cloudy
1321.0,2023-01-03,11:00,Winter,1.0,Tuesday,19.4,1024.1,59.6,15.4,Fog
1324.0,2023-01-04,10:00,Winter,1.0,Wednesday,23.8,1023.4,55.6,15.2,haze
1322.0,2023-01-04,15:00,Winter,1.0,Wednesday,20.9,1016.8,52.8,11.6,Haze
1323.0,2023-01-04,15:00,Winter,1.0,Wednesday,21.3,1019.6,36.1,15.9,Fog
1326.0,2023-01-05,03:00,Winter,1.0,Thursday,12.3,1014.9,54.3,15.2,Partly Cloudy
1327.0,2023-01-05,12:00,Winter,1.0,Thursday,24.0,1020.0,60.0,14.2,Partly Cloudy
1325.0,2023-01-05,20:00,Winter,1.0,Thursday,18.2,1017.0,57.1,11.9,Cloudy
1329.0,2023-01-06,03:00,Winter,1.0,Friday,13.7,1022.5,60.4,19.5,Clear
1328.0,2023-01-06,06:00,Winter,1.0,Friday,19.8,1021.7,62.3,16.5,Fog
1330.0,2023-01-06,14:00,Winter,1.0,Friday,22.9,1012.9,52.1,12.2,Fog
1331.0,2023-01-06,18:00,Winter,1.0,Friday,12.7,1009.2,61.6,10.7,fog
1332.0,2023-01-07,08:00,Winter,1.0,Saturday,19.4,1015.9,50.2,9.2,Clear
1335.0,2023-01-08,00:00,Winter,1.0,Sunday,13.6,1022.8,49.5,15.5,Clear
1334.0,2023-01-08,07:00,Winter,1.0,Sunday,17.5,1019.6,55.3,14.3,Clear
1333.0,2023-01-08,10:00,Winter,1.0,Sunday,27.2,1023.7,70.9,9.1,Clear
1336.0,2023-01-08,22:00,Winter,1.0,Sunday,10.1,1022.7,60.5,8.5,Clear
1337.0,2023-01-08,23:00,Winter,1.0,Sunday,11.3,1011.8,51.3,17.9,Clear
1343.0,2023-01-09,02:00,Winter,1.0,Monday,11.100000000000001,1014.0,43.9,14.1,Fog
1341.0,2023-01-09,03:00,Winter,1.0,Monday,10.9,1011.9,52.7,13.5,Haze
1338.0,2023-01-09,07:00,Winter,1.0,Monday,20.7,1015.9,64.0,19.5,Clear
1342.0,2023-01-09,07:00,Winter,1.0,Monday,19.0,1019.1,26.9,8.9,Partly Cloudy
1339.0,2023-01-09,12:00,Winter,1.0,Monday,24.2,1018.4,60.6,8.9,Haze
1340.0,2023-01-09,21:00,Winter,1.0,Monday,15.5,1014.5,59.6,16.1,Cloudy
1345.0,2023-01-10,01:00,Winter,1.0,Tuesday,10.5,1009.1,54.7,8.8,Fog
1346.0,2023-01-10,01:00,Winter,1.0,Tuesday,11.8,1016.9,72.1,12.0,Haze
1344.0,2023-01-10,08:00,Winter,1.0,Tuesday,19.0,1010.8,56.2,8.6,Partly Cloudy
1350.0,2023-01-11,11:00,Winter,1.0,Wednesday,27.5,1017.7,70.0,8.7,FOG
1347.0,2023-01-11,12:00,Winter,1.0,Wednesday,25.4,1014.3,51.7,15.1,Haze
1348.0,2023-01-11,14:00,Winter,1.0,Wednesday,25.6,1016.3,56.9,11.3,Clear
1349.0,2023-01-11,22:00,Winter,1.0,Wednesday,13.5,1012.0,55.0,11.7,Fog
1351.0,2023-01-12,03:00,Winter,1.0,Thursday,11.7,1013.4,54.9,12.9,Clear
1352.0,2023-01-12,07:00,Winter,1.0,Thursday,18.7,1023.2,42.9,9.5,Partly Cloudy
1353.0,2023-01-12,08:00,Winter,1.0,Thursday,23.4,1023.9,52.7,10.4,Haze
1355.0,2023-01-13,04:00,Winter,1.0,Friday,16.4,1018.2,58.5,10.600000000000001,Clear
1358.0,2023-01-13,17:00,Winter,1.0,Friday,24.0,1020.9,38.5,10.8,Fog
1357.0,2023-01-13,19:00,Winter,1.0,Friday,12.9,1021.9,41.4,9.1,Clear
1354.0,2023-01-13,22:00,Winter,1.0,Friday,12.0,1017.9,55.8,8.4,Haze
1356.0,2023-01-13,23:00,Winter,1.0,Friday,15.5,1010.8,57.7,18.1,Fog
1359.0,2023-01-14,10:00,Winter,1.0,Saturday,20.2,1016.5,64.9,14.7,Fog
1360.0,2023-01-14,14:00,Winter,1.0,Saturday,24.1,1018.7,42.8,13.1,Haze
1365.0,2023-01-15,06:00,Winter,1.0,Sunday,24.2,1013.3,57.9,16.5,Fog
1362.0,2023-01-15,08:00,Winter,1.0,Sunday,20.3,1017.8,44.5,16.7,Fog
1364.0,2023-01-15,11:00,Winter,1.0,Sunday,24.4,1013.4,43.5,22.2,Cloudy
1363.0,2023-01-15,16:00,Winter,1.0,Sunday,19.5,1016.5,42.9,8.2,Haze
1361.0,2023-01-15,21:00,Winter,1.0,Sunday,18.5,1010.3,66.5,8.3,Haze
1366.0,2023-01-16,09:00,Winter,1.0,Monday,22.8,1016.4,67.1,11.7,Fog
1367.0,2023-01-16,09:00,Winter,1.0,Monday,17.9,1022.3,66.5,12.6,Fog
1370.0,2023-01-16,10:00,Winter,1.0,Monday,19.4,1012.1,54.7,10.0,Clear
1368.0,2023-01-16,12:00,Winter,1.0,Monday,22.4,1015.6,59.2,13.1,Fog
1371.0,2023-01-16,12:00,Winter,1.0,Monday,24.7,1029.1,56.75,15.0,Clear
1369.0,2023-01-16,18:00,Winter,1.0,Monday,14.6,1010.2,54.3,12.1,Cloudy
1375.0,2023-01-17,03:00,Winter,1.0,Tuesday,13.3,1011.9,52.4,8.9,Fog
1373.0,2023-01-17,07:00,Winter,1.0,Tuesday,21.9,1012.2,55.5,16.0,Cloudy
1374.0,2023-01-17,07:00,Winter,1.0,Tuesday,16.7,1013.6,67.3,14.0,Partly Cloudy
1372.0,2023-01-17,20:00,Winter,1.0,Tuesday,19.8,1018.6,57.3,12.7,Partly Cloudy
1376.0,2023-01-18,14:00,Winter,1.0,Wednesday,19.7,1014.9,45.5,16.3,Partly Cloudy
1377.0,2023-01-19,10:00,Winter,1.0,Thursday,21.049999999999997,1021.6,51.9,12.6,Fog
1378.0,2023-01-19,10:00,Winter,1.0,Thursday,22.4,1020.1,47.6,14.899999999999999,Partly Cloudy
1379.0,2023-01-20,00:00,Winter,1.0,Friday,13.8,1010.5,38.5,17.2,Clear
1383.0,2023-01-20,05:00,Winter,1.0,Friday,14.7,1021.8,48.7,16.3,Fog
1381.0,2023-01-20,14:00,Winter,1.0,Friday,21.5,1011.3,48.7,13.9,Fog
1380.0,2023-01-20,16:00,Winter,1.0,Friday,24.0,1018.5,66.0,17.3,Haze
1382.0,2023-01-20,19:00,Winter,1.0,Friday,18.4,1007.9,64.7,16.5,Haze
1387.0,2023-01-21,08:00,Winter,1.0,Saturday,23.7,1016.5,69.3,14.3,Fog
1388.0,2023-01-21,13:00,Winter,1.0,Saturday,20.9,1020.9,30.5,9.4,Clear
1386.0,2023-01-21,14:00,Winter,1.0,Saturday,22.2,1013.8,56.6,13.3,Clear
1390.0,2023-01-21,16:00,Winter,1.0,Saturday,22.4,1022.5,79.7,14.3,Fog
1389.0,2023-01-21,17:00,Winter,1.0,Saturday,19.3,1027.4,52.9,18.6,Cloudy
1391.0,2023-01-21,17:00,Winter,1.0,Saturday,18.8,1014.2,79.0,12.4,Partly Cloudy
1385.0,2023-01-21,21:00,Winter,1.0,Saturday,15.3,1026.0,35.3,8.3,Fog
1384.0,2023-01-21,23:00,Winter,1.0,Saturday,14.9,1020.7,62.0,9.7,Clear
1392.0,2023-01-22,04:00,Winter,1.0,Sunday,13.7,1019.7,63.9,14.2,Partly Cloudy
1393.0,2023-01-22,19:00,Winter,1.0,Sunday,19.7,1018.4,65.2,9.2,Cloudy
1394.0,2023-01-22,19:00,Winter,1.0,Sunday,18.7,1025.8,49.1,17.8,Clear
1396.0,2023-01-23,10:00,Winter,1.0,Monday,24.8,1010.6,50.0,9.6,Clear
1397.0,2023-01-23,23:00,Winter,1.0,Monday,13.1,1016.7,64.9,14.0,Haze
1399.0,2023-01-24,00:00,Winter,1.0,Tuesday,10.2,1018.5,38.5,8.2,fog
1398.0,2023-01-24,21:00,Winter,1.0,Tuesday,15.7,1013.6,53.3,9.7,Partly Cloudy
1402.0,2023-01-25,01:00,Winter,1.0,Wednesday,14.7,1016.7,67.6,13.5,Clear
1401.0,2023-01-25,05:00,Winter,1.0,Wednesday,16.3,1013.1,59.9,11.2,Haze
1403.0,2023-01-25,14:00,Winter,1.0,Wednesday,22.1,1016.7,64.7,8.9,Clear
1400.0,2023-01-25,17:00,Winter,1.0,Wednesday,21.2,1019.5,68.2,22.6,Partly Cloudy
1406.0,2023-01-26,04:00,Winter,1.0,Thursday,14.2,1016.0,51.9,14.1,Clear
1407.0,2023-01-26,05:00,Winter,1.0,Thursday,15.1,1018.5,61.0,11.6,Cloudy
1405.0,2023-01-26,13:00,Winter,1.0,Thursday,21.4,1021.0,55.3,9.6,Haze
1404.0,2023-01-26,20:00,Winter,1.0,Thursday,17.6,1016.5,68.9,11.9,Clear
1408.0,2023-01-27,05:00,Winter,1.0,Friday,14.8,1017.9,40.6,18.2,Clear
1412.0,2023-01-27,09:00,Winter,1.0,Friday,22.4,1018.1,56.2,12.4,Cloudy
1411.0,2023-01-27,13:00,Winter,1.0,Friday,22.1,1013.6,49.9,15.9,Haze
1410.0,2023-01-27,17:00,Winter,1.0,Friday,16.7,1019.6,72.4,8.3,Clear
1409.0,2023-01-27,21:00,Winter,1.0,Friday,11.5,1025.9,46.5,8.3,Cloudy
1415.0,2023-01-28,02:00,Winter,1.0,Saturday,15.0,1020.7,67.0,15.3,Haze
1416.0,2023-01-28,05:00,Winter,1.0,Saturday,10.8,1018.9,45.8,14.3,Fog
1417.0,2023-01-28,07:00,Winter,1.0,Saturday,15.4,1016.0,46.2,11.0,Cloudy
1414.0,2023-01-28,12:00,Winter,1.0,Saturday,23.3,1015.4,59.5,10.6,Cloudy
1413.0,2023-01-28,13:00,Winter,1.0,Saturday,27.6,1019.5,62.3,20.8,Fog
1420.0,2023-01-29,10:00,Winter,1.0,Sunday,23.9,1014.4,70.7,13.4,Haze
1418.0,2023-01-29,11:00,Winter,1.0,Sunday,28.2,1023.5,49.9,14.3,Clear
1419.0,2023-01-29,12:00,Winter,1.0,Sunday,25.6,1014.7,42.3,11.0,Clear
1422.0,2023-01-30,00:00,Winter,1.0,Monday,11.5,1028.1,61.2,12.5,Clear
1421.0,2023-01-30,11:00,Winter,1.0,Monday,28.2,1015.4,59.3,8.1,Clear
1424.0,2023-01-30,15:00,Winter,1.0,Monday,24.3,1021.1,58.1,14.8,Partly Cloudy
1423.0,2023-01-30,16:00,Winter,1.0,Monday,17.2,1012.3,50.8,17.2,Fog
1425.0,2023-01-31,10:00,Winter,1.0,Tuesday,23.0,1014.1,61.3,16.5,Clear
1428.0,2023-01-31,10:00,Winter,1.0,Tuesday,24.2,1011.05,46.5,9.3,Partly Cloudy
1426.0,2023-01-31,12:00,Winter,1.0,Tuesday,24.4,1008.0,54.7,8.7,Clear
1427.0,2023-01-31,17:00,Winter,1.0,Tuesday,24.0,1012.6,48.1,13.7,Partly Cloudy
1434.0,2023-02-01,02:00,Winter,2.0,Wednesday,11.6,1019.5,52.0,14.4,Cloudy
1433.0,2023-02-01,03:00,Winter,2.0,Wednesday,9.4,1020.2,58.3,12.9,Partly Cloudy
1430.0,2023-02-01,05:00,Winter,2.0,Wednesday,16.8,1018.2,69.8,24.1,Clear
1431.0,2023-02-01,08:00,Winter,2.0,Wednesday,21.5,1023.8,82.2,17.3,Fog
1429.0,2023-02-01,11:00,Winter,2.0,Wednesday,24.3,1015.3,70.4,20.4,Clear
1432.0,2023-02-01,15:00,Winter,2.0,Wednesday,23.7,1022.2,51.5,13.1,Clear
1437.0,2023-02-02,11:00,Winter,2.0,Thursday,23.8,1010.4,58.1,10.3,Partly Cloudy
1436.0,2023-02-02,23:00,Winter,2.0,Thursday,18.7,1012.4,57.3,12.6,Clear
1439.0,2023-02-03,04:00,Winter,2.0,Friday,15.3,1014.4,71.2,12.0,Fog
1438.0,2023-02-03,10:00,Winter,2.0,Friday,22.8,1016.8,56.5,9.5,Clear
1440.0,2023-02-03,17:00,Winter,2.0,Friday,15.1,1010.9,52.2,13.9,Clear
1441.0,2023-02-03,18:00,Winter,2.0,Friday,15.3,1015.7,52.4,11.0,Partly Cloudy
1444.0,2023-02-04,05:00,Winter,2.0,Saturday,17.9,1009.0,56.6,10.4,Haze
1442.0,2023-02-04,22:00,Winter,2.0,Saturday,13.8,1023.5,42.8,15.1,Haze
1443.0,2023-02-04,22:00,Winter,2.0,Saturday,10.9,1011.6,47.3,12.8,Cloudy
1451.0,2023-02-05,01:00,Winter,2.0,Sunday,13.1,1015.6,66.9,22.8,Fog
1448.0,2023-02-05,03:00,Winter,2.0,Sunday,16.1,1018.3,64.4,11.9,Haze
1447.0,2023-02-05,05:00,Winter,2.0,Sunday,16.0,1016.4,68.6,16.9,Clear
1449.0,2023-02-05,11:00,Winter,2.0,Sunday,23.2,1017.2,60.3,13.3,Haze
1452.0,2023-02-05,16:00,Winter,2.0,Sunday,22.2,1013.7,57.6,14.3,Haze
1446.0,2023-02-05,17:00,Winter,2.0,Sunday,21.3,1010.6,57.5,9.9,Haze
1450.0,2023-02-05,18:00,Winter,2.0,Sunday,19.0,1013.1,49.5,19.1,Clear
1445.0,2023-02-05,21:00,Winter,2.0,Sunday,14.9,1018.9,61.3,16.4,Fog
1457.0,2023-02-06,01:00,Winter,2.0,Monday,13.7,1020.2,49.0,12.2,Partly Cloudy
1453.0,2023-02-06,10:00,Winter,2.0,Monday,26.7,1021.4,59.1,14.3,Clear
1454.0,2023-02-06,10:00,Winter,2.0,Monday,24.3,1017.1,66.6,9.1,Clear
1456.0,2023-02-06,15:00,Winter,2.0,Monday,25.4,1018.7,81.8,12.0,Haze
1455.0,2023-02-06,20:00,Winter,2.0,Monday,16.9,1016.9,51.4,12.3,Cloudy
1458.0,2023-02-07,01:00,Winter,2.0,Tuesday,13.3,1022.7,60.1,10.5,Fog
1460.0,2023-02-07,07:00,Winter,2.0,Tuesday,21.0,1021.0,75.3,13.6,Clear
1459.0,2023-02-07,22:00,Winter,2.0,Tuesday,12.7,1017.4,45.6,13.0,Haze
1462.0,2023-02-08,09:00,Winter,2.0,Wednesday,19.6,1013.3,63.7,13.0,Fog
1461.0,2023-02-08,12:00,Winter,2.0,Wednesday,20.0,1016.2,43.5,13.2,Fog
1466.0,2023-02-09,00:00,Winter,2.0,Thursday,8.5,1015.5,37.2,18.0,Clear
1464.0,2023-02-09,03:00,Winter,2.0,Thursday,10.7,1015.8,52.4,9.5,Haze
1463.0,2023-02-09,07:00,Winter,2.0,Thursday,18.7,1024.9,74.4,20.7,Partly Cloudy
1467.0,2023-02-09,10:00,Winter,2.0,Thursday,24.4,1014.8,53.3,8.7,Fog
1465.0,2023-02-09,14:00,Winter,2.0,Thursday,18.5,1020.9,51.5,13.9,Cloudy
1468.0,2023-02-10,06:00,Winter,2.0,Friday,13.6,1018.2,65.3,8.5,Partly Cloudy
1469.0,2023-02-10,16:00,Winter,2.0,Friday,20.3,1016.0,44.2,13.1,Fog
1470.0,2023-02-10,19:00,Winter,2.0,Friday,17.4,1016.7,51.4,12.0,Cloudy
1475.0,2023-02-11,11:00,Winter,2.0,Saturday,28.2,1017.4,41.5,9.8,Haze
1472.0,2023-02-11,17:00,Winter,2.0,Saturday,20.3,1019.3,58.6,11.2,Clear
1473.0,2023-02-11,21:00,Winter,2.0,Saturday,11.5,1010.4,60.3,11.9,Fog
1474.0,2023-02-11,21:00,Winter,2.0,Saturday,16.8,1018.9,53.7,10.3,Clear
1471.0,2023-02-11,23:00,Winter,2.0,Saturday,10.3,1016.9,60.4,16.7,Clear
1477.0,2023-02-12,04:00,Winter,2.0,Sunday,9.3,1018.1,56.8,9.0,Fog
1478.0,2023-02-12,09:00,Winter,2.0,Sunday,25.1,1010.3,65.0,15.1,Fog
1479.0,2023-02-13,03:00,Winter,2.0,Monday,12.3,1020.8,37.2,23.0,Clear
1481.0,2023-02-14,09:00,Winter,2.0,Tuesday,25.9,1013.6,49.2,18.6,Clear
1482.0,2023-02-14,10:00,Winter,2.0,Tuesday,23.0,1014.2,37.9,9.3,Haze
1485.0,2023-02-15,09:00,Winter,2.0,Wednesday,23.5,1021.1,48.2,13.6,Fog
1483.0,2023-02-15,20:00,Winter,2.0,Wednesday,12.4,1022.3,47.6,11.9,Fog
1484.0,2023-02-15,23:00,Winter,2.0,Wednesday,12.6,1023.6,69.2,20.2,Haze
1486.0,2023-02-16,07:00,Winter,2.0,Thursday,21.8,1026.4,64.2,19.3,Partly Cloudy
1487.0,2023-02-17,01:00,Winter,2.0,Friday,11.7,1020.2,64.80000000000001,12.2,Fog
1489.0,2023-02-18,07:00,Winter,2.0,Saturday,17.0,1015.3,65.4,19.0,Clear
1490.0,2023-02-18,15:00,Winter,2.0,Saturday,22.3,1010.2,57.4,17.3,Clear
1488.0,2023-02-18,22:00,Winter,2.0,Saturday,12.7,1019.0,45.1,15.95,Fog
1493.0,2023-02-19,02:00,Winter,2.0,Sunday,14.1,1011.3,46.7,14.6,Partly Cloudy
1492.0,2023-02-19,04:00,Winter,2.0,Sunday,11.3,1017.7,62.8,14.3,Clear
1494.0,2023-02-19,11:00,Winter,2.0,Sunday,21.1,1019.2,46.3,12.0,Fog
1498.0,2023-02-20,03:00,Winter,2.0,Monday,16.4,1017.2,42.0,10.2,Clear
1497.0,2023-02-20,09:00,Winter,2.0,Monday,27.2,1014.2,51.4,11.6,Fog
1495.0,2023-02-20,12:00,Winter,2.0,Monday,20.7,1021.4,69.4,12.3,Partly Cloudy
1496.0,2023-02-20,12:00,Winter,2.0,Monday,23.3,1018.1,44.6,18.0,Clear
1499.0,2023-02-21,08:00,Winter,2.0,Tuesday,18.5,1014.7,45.3,11.4,Fog
1500.0,2023-02-21,21:00,Winter,2.0,Tuesday,13.7,1019.1,57.7,8.5,Clear
1503.0,2023-02-22,01:00,Winter,2.0,Wednesday,16.2,1019.7,61.6,8.5,Cloudy
1504.0,2023-02-22,18:00,Winter,2.0,Wednesday,16.6,1018.7,61.8,9.5,Fog
1502.0,2023-02-22,22:00,Winter,2.0,Wednesday,9.7,1012.0,69.3,9.6,Cloudy
1501.0,2023-02-22,23:00,Winter,2.0,Wednesday,15.0,1017.0,56.6,12.0,Clear
1505.0,2023-02-23,00:00,Winter,2.0,Thursday,10.8,1021.6,74.1,13.4,Haze
1508.0,2023-02-23,02:00,Winter,2.0,Thursday,12.1,1016.4,53.5,13.4,Clear
1506.0,2023-02-23,06:00,Winter,2.0,Thursday,17.2,1019.8,63.9,14.2,Clear
1507.0,2023-02-23,16:00,Winter,2.0,Thursday,20.0,1017.9,59.2,13.0,Cloudy
1509.0,2023-02-23,19:00,Winter,2.0,Thursday,20.6,1016.2,54.3,13.7,Haze
1512.0,2023-02-24,02:00,Winter,2.0,Friday,10.1,1014.7,49.4,8.9,Cloudy
1513.0,2023-02-24,02:00,Winter,2.0,Friday,8.3,1019.9,49.7,15.0,Haze
1515.0,2023-02-24,06:00,Winter,2.0,Friday,19.1,1023.4,53.8,17.4,Fog
1516.0,2023-02-24,13:00,Winter,2.0,Friday,24.5,1021.0,67.3,18.7,Fog
1514.0,2023-02-24,16:00,Winter,2.0,Friday,22.8,1017.6,58.9,12.9,Clear
1510.0,2023-02-24,19:00,Winter,2.0,Friday,15.9,1020.3,62.7,19.0,Clear
1511.0,2023-02-24,20:00,Winter,2.0,Friday,17.5,1019.9,74.5,10.7,Haze
1519.0,2023-02-26,12:00,Winter,2.0,Sunday,22.5,1018.9,62.75,8.6,Partly Cloudy
1517.0,2023-02-26,16:00,Winter,2.0,Sunday,21.7,1023.8,51.0,11.2,Cloudy
1518.0,2023-02-26,17:00,Winter,2.0,Sunday,20.7,1016.1,53.3,10.8,Fog
1523.0,2023-02-26,17:00,Winter,2.0,Sunday,23.5,1021.7,78.2,16.7,Haze
1520.0,2023-02-26,19:00,Winter,2.0,Sunday,17.4,1020.8,67.6,13.1,Fog
1521.0,2023-02-26,19:00,Winter,2.0,Sunday,19.5,1009.4,56.2,9.4,Haze
1522.0,2023-02-26,20:00,Winter,2.0,Sunday,13.5,1023.2,48.9,17.4,Clear
1524.0,2023-02-27,03:00,Winter,2.0,Monday,14.6,1019.0,59.4,8.8,Haze
1525.0,2023-02-28,00:00,Winter,2.0,Tuesday,13.7,1021.9,55.9,18.7,Cloudy
1527.0,2023-03-01,00:00,Summer,3.0,Wednesday,26.0,1011.0,39.7,14.4,Clear
1528.0,2023-03-01,12:00,Summer,3.0,Wednesday,41.5,1012.4,45.1,12.1,Clear
1529.0,2023-03-01,19:00,Summer,3.0,Wednesday,29.1,1003.6,43.2,26.6,Clear
1530.0,2023-03-01,19:00,Summer,3.0,Wednesday,31.1,1010.5,36.4,16.0,Clear
1532.0,2023-03-02,09:00,Summer,3.0,Thursday,44.2,1004.5,46.7,14.2,Haze
1531.0,2023-03-02,22:00,Summer,3.0,Thursday,31.7,1006.8,59.0,13.2,Haze
1536.0,2023-03-03,04:00,Summer,3.0,Friday,27.2,999.0,31.2,12.1,Cloudy
1534.0,2023-03-03,08:00,Summer,3.0,Friday,34.8,1009.6,33.6,15.6,Clear
1535.0,2023-03-03,08:00,Summer,3.0,Friday,36.7,1004.0,20.5,23.6,Fog
1533.0,2023-03-03,10:00,Summer,3.0,Friday,34.6,1005.9,41.2,12.5,Clear
1537.0,2023-03-04,00:00,Summer,3.0,Saturday,24.7,1006.2,35.6,13.2,Clear
1540.0,2023-03-04,01:00,Summer,3.0,Saturday,28.7,1006.7,45.4,21.8,Clear
1538.0,2023-03-04,16:00,Summer,3.0,Saturday,34.6,1001.8,51.9,12.0,Clear
1539.0,2023-03-04,21:00,Summer,3.0,Saturday,32.9,1009.4,58.5,14.7,Partly Cloudy
1543.0,2023-03-05,08:00,Summer,3.0,Sunday,37.1,999.2,57.2,18.2,Clear
1542.0,2023-03-05,12:00,Summer,3.0,Sunday,37.4,1002.6,41.7,14.3,Clear
1541.0,2023-03-05,23:00,Summer,3.0,Sunday,30.1,1013.1,50.3,13.2,Partly Cloudy
1544.0,2023-03-06,03:00,Summer,3.0,Monday,27.2,1004.1,48.0,13.6,Clear
1545.0,2023-03-06,04:00,Summer,3.0,Monday,27.4,1002.2,52.8,13.9,Partly Cloudy
1546.0,2023-03-07,10:00,Summer,3.0,Tuesday,38.5,1008.0,48.4,15.8,Partly Cloudy
1548.0,2023-03-08,18:00,Summer,3.0,Wednesday,37.9,1007.2,43.3,23.9,Partly Cloudy
1549.0,2023-03-08,20:00,Summer,3.0,Wednesday,34.8,1002.1,29.9,16.7,Partly Cloudy
1550.0,2023-03-11,02:00,Summer,3.0,Saturday,31.4,1011.9,105.0,19.3,Cloudy
1555.0,2023-03-11,06:00,Summer,3.0,Saturday,30.6,1002.2,47.7,18.5,Cloudy
1551.0,2023-03-11,11:00,Summer,3.0,Saturday,43.4,1003.4,44.3,13.4,Clear
1554.0,2023-03-11,12:00,Summer,3.0,Saturday,36.2,1006.9,51.9,14.1,Clear
1556.0,2023-03-11,14:00,Summer,3.0,Saturday,40.8,1009.3,39.7,12.8,Cloudy
1552.0,2023-03-11,18:00,Summer,3.0,Saturday,34.8,1011.0,28.7,19.4,Clear
1553.0,2023-03-11,18:00,Summer,3.0,Saturday,36.4,1012.7,51.4,16.7,Cloudy
1560.0,2023-03-12,04:00,Summer,3.0,Sunday,31.0,996.5,45.4,12.1,Clear
1558.0,2023-03-12,06:00,Summer,3.0,Sunday,32.7,1008.6,51.9,18.6,Clear
1559.0,2023-03-12,07:00,Summer,3.0,Sunday,34.4,992.8,33.2,14.7,Clear
1561.0,2023-03-12,20:00,Summer,3.0,Sunday,30.0,1007.7,56.5,25.4,Haze
1557.0,2023-03-12,22:00,Summer,3.0,Sunday,32.5,996.8,46.0,17.5,Haze
1563.0,2023-03-13,03:00,Summer,3.0,Monday,30.0,999.1,28.5,13.6,Clear
1562.0,2023-03-13,13:00,Summer,3.0,Monday,37.9,1003.6500000000001,31.95,14.366666666666667,Clear
1564.0,2023-03-13,22:00,Summer,3.0,Monday,30.9,1008.2,35.4,15.133333333333333,Haze
1565.0,2023-03-14,09:00,Summer,3.0,Tuesday,43.0,1004.3,45.5,15.9,Clear
1566.0,2023-03-14,19:00,Summer,3.0,Tuesday,30.5,998.9,56.3,12.3,Clear
1567.0,2023-03-15,14:00,Summer,3.0,Wednesday,36.7,1015.2,58.9,12.1,Clear
1568.0,2023-03-15,17:00,Summer,3.0,Wednesday,39.1,1002.6,63.8,15.899999999999999,Partly Cloudy
1571.0,2023-03-16,07:00,Summer,3.0,Thursday,34.8,1009.1,45.4,19.7,Clear
1570.0,2023-03-16,12:00,Summer,3.0,Thursday,37.2,1000.5,37.7,18.5,Clear
1569.0,2023-03-16,19:00,Summer,3.0,Thursday,33.8,1003.7,45.0,14.5,Cloudy
1572.0,2023-03-17,08:00,Summer,3.0,Friday,38.8,1001.4,37.1,13.5,Cloudy
1573.0,2023-03-17,15:00,Summer,3.0,Friday,34.3,1006.5,41.0,13.9,Clear
1575.0,2023-03-17,15:00,Summer,3.0,Friday,43.0,1007.1,46.7,15.3,Clear
1574.0,2023-03-17,18:00,Summer,3.0,Friday,33.4,1000.8,49.2,17.6,Partly Cloudy
1579.0,2023-03-18,03:00,Summer,3.0,Saturday,29.7,1009.6,51.5,26.0,Cloudy
1576.0,2023-03-18,06:00,Summer,3.0,Saturday,36.8,1004.4,41.2,16.9,Haze
1577.0,2023-03-18,13:00,Summer,3.0,Saturday,42.6,1008.0,36.5,14.6,Fog
1578.0,2023-03-18,13:00,Summer,3.0,Saturday,43.1,1004.9,41.6,18.0,Clear
1580.0,2023-03-18,14:00,Summer,3.0,Saturday,37.1,1001.8,36.6,19.4,Clear
1583.0,2023-03-19,00:00,Summer,3.0,Sunday,30.7,1006.2,28.3,20.7,Cloudy
1581.0,2023-03-19,02:00,Summer,3.0,Sunday,26.4,1007.6,36.4,18.2,Partly Cloudy
1582.0,2023-03-19,04:00,Summer,3.0,Sunday,34.2,1003.8,32.5,14.8,Clear
1584.0,2023-03-20,02:00,Summer,3.0,Monday,27.3,997.9,27.4,13.3,Cloudy
1588.0,2023-03-21,03:00,Summer,3.0,Tuesday,27.3,1004.3,47.6,14.4,Clear
1587.0,2023-03-21,07:00,Summer,3.0,Tuesday,32.7,1005.5,72.8,16.8,Partly Cloudy
1585.0,2023-03-21,14:00,Summer,3.0,Tuesday,33.1,1000.5,40.5,17.1,Partly Cloudy
1586.0,2023-03-21,23:00,Summer,3.0,Tuesday,27.8,1004.3,60.8,19.7,Cloudy
1589.0,2023-03-22,01:00,Summer,3.0,Wednesday,28.1,1005.7,47.2,13.5,Cloudy
1590.0,2023-03-22,23:00,Summer,3.0,Wednesday,26.7,1007.4,62.2,21.1,Clear
1591.0,2023-03-22,23:00,Summer,3.0,Wednesday,26.5,1001.4,73.3,26.9,Partly Cloudy
1594.0,2023-03-23,02:00,Summer,3.0,Thursday,29.7,1013.5,38.1,15.7,Cloudy
1593.0,2023-03-23,03:00,Summer,3.0,Thursday,28.9,1005.0,52.1,23.0,Haze
1592.0,2023-03-23,09:00,Summer,3.0,Thursday,39.0,1005.7,39.8,16.2,Clear
1595.0,2023-03-24,01:00,Summer,3.0,Friday,25.9,1001.1,34.4,13.5,Haze
1596.0,2023-03-24,16:00,Summer,3.0,Friday,39.8,1007.6,37.4,14.7,Haze
1600.0,2023-03-25,19:00,Summer,3.0,Saturday,37.3,1005.7,45.5,12.6,Haze
1598.0,2023-03-25,20:00,Summer,3.0,Saturday,27.5,1001.8,34.1,14.2,Clear
1597.0,2023-03-25,22:00,Summer,3.0,Saturday,24.8,1003.5,56.4,17.6,Cloudy
1599.0,2023-03-25,23:00,Summer,3.0,Saturday,32.7,1005.7,40.6,22.9,Haze
1603.0,2023-03-26,04:00,Summer,3.0,Sunday,31.1,1004.7,51.7,17.9,Clear
1605.0,2023-03-26,08:00,Summer,3.0,Sunday,35.2,1008.1,43.5,14.8,Partly Cloudy
1602.0,2023-03-26,12:00,Summer,3.0,Sunday,39.3,1002.0,52.0,20.2,Clear
1604.0,2023-03-26,20:00,Summer,3.0,Sunday,30.1,1008.3,30.3,16.9,Cloudy
1601.0,2023-03-26,22:00,Summer,3.0,Sunday,29.0,1001.1,37.5,19.1,Clear
1606.0,2023-03-27,21:00,Summer,3.0,Monday,29.5,1006.3,48.8,14.0,Partly Cloudy
1608.0,2023-03-28,04:00,Summer,3.0,Tuesday,31.3,995.9,57.2,15.6,Fog
1607.0,2023-03-28,05:00,Summer,3.0,Tuesday,31.5,1005.8,46.9,14.0,Clear
1613.0,2023-03-29,05:00,Summer,3.0,Wednesday,33.4,1001.5,40.5,12.4,Clear
1611.0,2023-03-29,06:00,Summer,3.0,Wednesday,37.9,998.9,42.8,17.1,Clear
1612.0,2023-03-29,06:00,Summer,3.0,Wednesday,34.5,1009.9,56.0,18.9,Partly Cloudy
1610.0,2023-03-29,07:00,Summer,3.0,Wednesday,34.8,1007.9,53.5,16.8,Partly Cloudy
1609.0,2023-03-29,09:00,Summer,3.0,Wednesday,34.8,1007.3,49.85,15.05,Partly Cloudy
1616.0,2023-03-30,02:00,Summer,3.0,Thursday,25.6,1006.7,46.2,13.3,Partly Cloudy
1615.0,2023-03-30,19:00,Summer,3.0,Thursday,30.7,1001.3,45.1,17.3,Clear
1614.0,2023-03-30,20:00,Summer,3.0,Thursday,30.3,1004.4,43.0,12.4,Haze
1620.0,2023-03-31,03:00,Summer,3.0,Friday,29.1,1014.9,36.8,12.1,Clear
1624.0,2023-03-31,03:00,Summer,3.0,Friday,26.3,1005.9,45.5,14.2,Haze
1622.0,2023-03-31,05:00,Summer,3.0,Friday,32.4,1003.7,61.1,24.7,Partly Cloudy
1621.0,2023-03-31,11:00,Summer,3.0,Friday,37.8,997.9,55.4,13.6,Clear
1619.0,2023-03-31,14:00,Summer,3.0,Friday,38.0,1017.5,32.4,12.3,Haze
1617.0,2023-03-31,18:00,Summer,3.0,Friday,32.2,1003.8,62.9,22.4,Fog
1623.0,2023-03-31,18:00,Summer,3.0,Friday,37.6,1003.3,47.7,18.049999999999997,Clear
1618.0,2023-03-31,21:00,Summer,3.0,Friday,34.3,1002.8,32.5,13.7,Haze
1627.0,2023-04-01,04:00,Summer,4.0,Saturday,27.1,1003.7,27.3,13.3,Cloudy
1626.0,2023-04-01,08:00,Summer,4.0,Saturday,41.9,997.0,41.9,15.7,Clear
1628.0,2023-04-01,12:00,Summer,4.0,Saturday,38.5,1009.2,42.5,21.3,Haze
1625.0,2023-04-01,14:00,Summer,4.0,Saturday,36.9,1006.6,43.1,13.1,Cloudy
1631.0,2023-04-02,04:00,Summer,4.0,Sunday,30.9,1000.7,63.8,13.4,Fog
1630.0,2023-04-02,17:00,Summer,4.0,Sunday,33.2,1005.7,47.3,20.1,Clear
1629.0,2023-04-02,22:00,Summer,4.0,Sunday,33.2,1001.3,35.8,17.1,Partly Cloudy
1632.0,2023-04-03,15:00,Summer,4.0,Monday,33.2,999.5,56.0,14.6,Clear
1633.0,2023-04-03,18:00,Summer,4.0,Monday,37.2,1001.5,33.9,15.0,Clear
1638.0,2023-04-04,03:00,Summer,4.0,Tuesday,30.8,1011.6,45.6,21.3,Haze
1639.0,2023-04-04,06:00,Summer,4.0,Tuesday,32.4,1005.5,44.7,14.8,Cloudy
1634.0,2023-04-04,13:00,Summer,4.0,Tuesday,33.1,1003.1,44.4,16.7,Clear
1636.0,2023-04-04,14:00,Summer,4.0,Tuesday,43.3,1004.8,26.7,13.1,Clear
1635.0,2023-04-04,15:00,Summer,4.0,Tuesday,40.6,993.4,42.2,22.0,Clear
1640.0,2023-04-04,15:00,Summer,4.0,Tuesday,38.8,1003.6,54.0,14.9,Partly Cloudy
1637.0,2023-04-04,21:00,Summer,4.0,Tuesday,28.6,1006.3,34.8,14.3,Clear
1646.0,2023-04-05,07:00,Summer,4.0,Wednesday,35.5,1000.6,63.2,14.0,Clear
1643.0,2023-04-05,20:00,Summer,4.0,Wednesday,28.8,1003.5,46.9,13.4,Cloudy
1645.0,2023-04-05,20:00,Summer,4.0,Wednesday,30.9,1005.5,61.2,13.6,Partly Cloudy
1642.0,2023-04-05,21:00,Summer,4.0,Wednesday,31.4,1006.2,49.2,13.0,CLEAR
1644.0,2023-04-05,21:00,Summer,4.0,Wednesday,28.6,1003.35,57.9,12.5,Clear
1648.0,2023-04-06,15:00,Summer,4.0,Thursday,38.8,1000.5,32.0,16.6,Clear
1647.0,2023-04-06,16:00,Summer,4.0,Thursday,35.849999999999994,1011.2,38.8,21.3,Clear
1649.0,2023-04-06,22:00,Summer,4.0,Thursday,32.9,1001.9,45.6,17.8,Clear
1652.0,2023-04-07,01:00,Summer,4.0,Friday,25.6,1009.7,63.6,21.0,Clear
1653.0,2023-04-07,08:00,Summer,4.0,Friday,40.1,1002.2,33.9,13.6,Partly Cloudy
1650.0,2023-04-07,09:00,Summer,4.0,Friday,43.2,1009.0,46.6,18.8,Clear
1651.0,2023-04-07,09:00,Summer,4.0,Friday,40.4,1006.4,61.3,17.1,Partly Cloudy
1656.0,2023-04-08,09:00,Summer,4.0,Saturday,37.8,1008.8,51.0,12.3,Clear
1655.0,2023-04-08,10:00,Summer,4.0,Saturday,43.9,1002.5,45.5,19.9,Clear
1654.0,2023-04-08,16:00,Summer,4.0,Saturday,36.8,1009.1,41.8,14.9,Clear
1657.0,2023-04-08,21:00,Summer,4.0,Saturday,32.0,1002.4,52.9,15.2,Clear
1658.0,2023-04-09,16:00,Summer,4.0,Sunday,41.4,1006.3,39.1,14.9,Partly Cloudy
1659.0,2023-04-10,03:00,Summer,4.0,Monday,28.1,996.6,44.2,14.0,Partly Cloudy
1662.0,2023-04-11,14:00,Summer,4.0,Tuesday,39.4,1004.9,53.5,15.1,Clear
1660.0,2023-04-11,15:00,Summer,4.0,Tuesday,39.6,1008.6,45.6,23.7,Haze
1661.0,2023-04-11,19:00,Summer,4.0,Tuesday,30.3,1008.3,46.25,22.45,Haze
1663.0,2023-04-11,20:00,Summer,4.0,Tuesday,29.4,999.7,46.9,21.2,Partly Cloudy
1667.0,2023-04-12,00:00,Summer,4.0,Wednesday,29.1,1005.7,56.9,14.8,Fog
1669.0,2023-04-12,03:00,Summer,4.0,Wednesday,34.8,1006.9,41.0,21.8,Cloudy
1665.0,2023-04-12,05:00,Summer,4.0,Wednesday,32.7,1008.5,53.5,13.8,Partly Cloudy
1666.0,2023-04-12,16:00,Summer,4.0,Wednesday,37.6,1010.1,62.7,13.2,Clear
1668.0,2023-04-12,18:00,Summer,4.0,Wednesday,36.6,1008.75,40.4,17.4,Haze
1670.0,2023-04-13,16:00,Summer,4.0,Thursday,38.4,1007.4,39.6,12.3,Haze
1673.0,2023-04-14,01:00,Summer,4.0,Friday,29.5,998.8,41.1,12.3,Clear
1671.0,2023-04-14,08:00,Summer,4.0,Friday,39.5,1009.7,61.1,15.8,Clear
1672.0,2023-04-14,23:00,Summer,4.0,Friday,29.4,1008.3,52.0,15.9,Clear
1676.0,2023-04-15,06:00,Summer,4.0,Saturday,35.0,1003.3,38.2,13.7,Partly Cloudy
1674.0,2023-04-15,07:00,Summer,4.0,Saturday,36.5,1009.6,51.8,12.2,Clear
1675.0,2023-04-15,14:00,Summer,4.0,Saturday,41.3,1001.8,40.2,20.3,Fog
1678.0,2023-04-16,00:00,Summer,4.0,Sunday,26.5,1000.5,52.2,13.0,Cloudy
1677.0,2023-04-16,05:00,Summer,4.0,Sunday,31.2,992.8,50.4,18.3,Haze
1681.0,2023-04-16,06:00,Summer,4.0,Sunday,34.5,1008.5,38.3,16.9,Clear
1679.0,2023-04-16,14:00,Summer,4.0,Sunday,41.7,1001.4,51.5,15.5,Haze
1680.0,2023-04-16,22:00,Summer,4.0,Sunday,29.3,1005.2,52.1,19.6,Clear
1683.0,2023-04-17,01:00,Summer,4.0,Monday,26.5,1004.7,36.7,12.5,Partly Cloudy
1682.0,2023-04-17,16:00,Summer,4.0,Monday,34.8,1011.8,39.4,13.9,Haze
1687.0,2023-04-18,05:00,Summer,4.0,Tuesday,31.8,1000.1,32.8,21.7,Partly Cloudy
1684.0,2023-04-18,08:00,Summer,4.0,Tuesday,39.2,1013.2,40.9,16.2,Haze
1685.0,2023-04-18,08:00,Summer,4.0,Tuesday,34.2,1006.9,31.5,12.4,Haze
1686.0,2023-04-18,12:00,Summer,4.0,Tuesday,38.6,996.9,57.4,20.8,Clear
1692.0,2023-04-19,02:00,Summer,4.0,Wednesday,31.3,1016.7,40.0,13.4,Partly Cloudy
1688.0,2023-04-19,05:00,Summer,4.0,Wednesday,31.7,1006.9,43.5,19.4,Clear
1689.0,2023-04-19,19:00,Summer,4.0,Wednesday,32.5,1000.3,34.3,14.7,Cloudy
1690.0,2023-04-19,19:00,Summer,4.0,Wednesday,26.4,1008.5,61.6,19.5,Clear
1691.0,2023-04-19,20:00,Summer,4.0,Wednesday,31.9,1009.1,49.45,18.8,Clear
1695.0,2023-04-20,11:00,Summer,4.0,Thursday,38.5,1000.6,37.3,16.8,Haze
1693.0,2023-04-20,16:00,Summer,4.0,Thursday,36.4,1002.1,46.6,18.0,Clear
1694.0,2023-04-20,16:00,Summer,4.0,Thursday,37.3,1003.6,39.3,13.9,Clear
1700.0,2023-04-21,00:00,Summer,4.0,Friday,29.4,994.2,34.9,26.5,Partly Cloudy
1698.0,2023-04-21,12:00,Summer,4.0,Friday,39.1,1006.5,43.3,15.6,Cloudy
1697.0,2023-04-21,14:00,Summer,4.0,Friday,37.2,1009.7,54.7,18.7,Cloudy
1696.0,2023-04-21,15:00,Summer,4.0,Friday,41.1,1000.3,46.5,14.9,Partly Cloudy
1701.0,2023-04-21,16:00,Summer,4.0,Friday,35.8,1011.9,48.8,17.7,Partly Cloudy
1699.0,2023-04-21,22:00,Summer,4.0,Friday,27.5,1003.3,35.3,20.9,Haze
1702.0,2023-04-22,02:00,Summer,4.0,Saturday,31.6,1012.1,51.6,19.4,Clear
1705.0,2023-04-22,03:00,Summer,4.0,Saturday,31.9,1005.5,45.7,13.3,Fog
1703.0,2023-04-22,14:00,Summer,4.0,Saturday,39.8,1007.5,42.8,16.950000000000003,Partly Cloudy
1707.0,2023-04-22,16:00,Summer,4.0,Saturday,40.0,1004.4,50.6,20.6,Clear
1706.0,2023-04-22,17:00,Summer,4.0,Saturday,31.4,1013.1,35.0,18.9,Clear
1708.0,2023-04-22,18:00,Summer,4.0,Saturday,32.7,1000.7,33.5,17.2,Clear
1711.0,2023-04-23,02:00,Summer,4.0,Sunday,27.6,1002.8,41.0,16.9,Fog
1709.0,2023-04-23,10:00,Summer,4.0,Sunday,42.6,1002.7,48.5,16.1,Clear
1710.0,2023-04-23,19:00,Summer,4.0,Sunday,29.7,1004.2,41.6,14.0,Clear
1714.0,2023-04-26,00:00,Summer,4.0,Wednesday,29.9,1003.3,46.75,28.3,Clear
1712.0,2023-04-26,07:00,Summer,4.0,Wednesday,38.3,1004.1,51.9,12.9,Cloudy
1713.0,2023-04-26,13:00,Summer,4.0,Wednesday,42.7,1010.2,41.7,13.5,Clear
1716.0,2023-04-27,01:00,Summer,4.0,Thursday,27.1,1007.2,42.0,15.9,Haze
1718.0,2023-04-27,03:00,Summer,4.0,Thursday,26.5,1009.3,50.7,18.3,Haze
1715.0,2023-04-27,13:00,Summer,4.0,Thursday,40.0,1006.9,42.4,12.1,Haze
1717.0,2023-04-27,22:00,Summer,4.0,Thursday,34.9,1006.7,25.9,15.7,Clear
1722.0,2023-04-28,00:00,Summer,4.0,Friday,29.8,1003.9,45.1,14.6,Haze
1720.0,2023-04-28,18:00,Summer,4.0,Friday,36.0,1001.7,53.9,13.7,Fog
1719.0,2023-04-28,23:00,Summer,4.0,Friday,28.6,997.0,50.7,14.4,Clear
1724.0,2023-04-29,07:00,Summer,4.0,Saturday,34.7,1006.6,42.2,14.1,Haze
1723.0,2023-04-29,16:00,Summer,4.0,Saturday,32.5,1002.9,19.4,13.6,Clear
1727.0,2023-04-30,00:00,Summer,4.0,Sunday,27.4,1004.6,55.7,15.9,Fog
1728.0,2023-04-30,04:00,Summer,4.0,Sunday,30.1,1000.6,48.8,14.5,Haze
1730.0,2023-04-30,05:00,Summer,4.0,Sunday,28.8,999.9,34.5,21.5,Clear
1729.0,2023-04-30,15:00,Summer,4.0,Sunday,35.9,1001.0,47.8,19.4,Haze
1725.0,2023-04-30,18:00,Summer,4.0,Sunday,34.2,1002.5,41.3,13.6,Clear
1726.0,2023-04-30,20:00,Summer,4.0,Sunday,31.2,1004.1,50.6,22.9,Cloudy
1734.0,2023-05-03,02:00,Summer,5.0,Wednesday,31.2,1000.7,69.1,21.1,Clear
1731.0,2023-05-03,07:00,Summer,5.0,Wednesday,38.7,1003.4,45.9,13.9,Partly Cloudy
1732.0,2023-05-03,12:00,Summer,5.0,Wednesday,45.6,1007.4,44.7,13.5,Clear
1733.0,2023-05-03,15:00,Summer,5.0,Wednesday,38.8,1004.8,32.8,20.8,Haze
1738.0,2023-05-04,10:00,Summer,5.0,Thursday,40.0,1009.5,42.6,27.6,Cloudy
1736.0,2023-05-04,11:00,Summer,5.0,Thursday,36.4,1005.4,43.4,17.5,Clear
1737.0,2023-05-04,15:00,Summer,5.0,Thursday,39.7,1005.9,51.1,14.6,Cloudy
1735.0,2023-05-04,18:00,Summer,5.0,Thursday,34.2,1007.0,40.4,17.1,Partly Cloudy
1744.0,2023-05-05,01:00,Summer,5.0,Friday,28.4,1006.3,35.2,13.8,Clear
1741.0,2023-05-05,03:00,Summer,5.0,Friday,30.5,1004.7,74.7,13.65,Partly Cloudy
1739.0,2023-05-05,09:00,Summer,5.0,Friday,36.1,1003.0,47.3,13.5,Partly Cloudy
1742.0,2023-05-05,11:00,Summer,5.0,Friday,35.9,1004.7,51.7,12.3,Clear
1740.0,2023-05-05,19:00,Summer,5.0,Friday,28.0,1004.9,43.0,12.5,Haze
1743.0,2023-05-05,22:00,Summer,5.0,Friday,30.0,1009.0,46.5,12.5,Fog
1747.0,2023-05-06,18:00,Summer,5.0,Saturday,36.0,1004.2,38.5,15.4,Haze
1746.0,2023-05-06,21:00,Summer,5.0,Saturday,26.6,1003.4,29.8,13.4,Fog
1745.0,2023-05-06,23:00,Summer,5.0,Saturday,34.8,1011.7,40.5,23.3,Partly Cloudy
1748.0,2023-05-07,04:00,Summer,5.0,Sunday,31.9,1010.8,35.4,13.8,Clear
1750.0,2023-05-07,06:00,Summer,5.0,Sunday,34.0,998.9,49.4,14.7,Partly Cloudy
1749.0,2023-05-07,07:00,Summer,5.0,Sunday,33.9,1006.2,42.2,15.3,Partly Cloudy
1754.0,2023-05-08,02:00,Summer,5.0,Monday,31.2,1005.6,57.0,20.1,Clear
1751.0,2023-05-08,13:00,Summer,5.0,Monday,38.5,1007.3,22.3,28.0,Cloudy
1755.0,2023-05-08,17:00,Summer,5.0,Monday,39.6,1001.3,41.8,16.1,Clear
1753.0,2023-05-08,22:00,Summer,5.0,Monday,32.9,1002.2,52.7,12.1,Partly Cloudy
1752.0,2023-05-08,23:00,Summer,5.0,Monday,29.2,1004.3,64.6,15.4,Clear
1756.0,2023-05-09,15:00,Summer,5.0,Tuesday,36.5,1005.6,55.0,18.3,Clear
1758.0,2023-05-09,18:00,Summer,5.0,Tuesday,33.1,1006.8,29.1,17.7,Clear
1759.0,2023-05-09,18:00,Summer,5.0,Tuesday,31.6,1001.9,46.6,13.7,Clear
1757.0,2023-05-09,22:00,Summer,5.0,Tuesday,28.8,1008.9,33.3,15.5,Clear
1762.0,2023-05-10,15:00,Summer,5.0,Wednesday,36.1,1004.9,41.0,16.0,Clear
1760.0,2023-05-10,17:00,Summer,5.0,Wednesday,31.4,1005.7,50.2,14.9,Clear
1761.0,2023-05-10,19:00,Summer,5.0,Wednesday,28.2,1001.95,41.3,13.1,Cloudy
1763.0,2023-05-11,07:00,Summer,5.0,Thursday,36.8,998.2,44.7,16.8,cloudy
1764.0,2023-05-12,00:00,Summer,5.0,Friday,26.6,1000.9,59.6,22.6,Cloudy
1769.0,2023-05-12,04:00,Summer,5.0,Friday,29.3,1005.5,49.4,21.3,Clear
1768.0,2023-05-12,10:00,Summer,5.0,Friday,36.2,1009.7,65.5,12.6,Haze
1766.0,2023-05-12,11:00,Summer,5.0,Friday,35.4,1006.4,35.0,12.8,Cloudy
1770.0,2023-05-12,11:00,Summer,5.0,Friday,37.8,1002.0,47.3,21.8,Haze
1765.0,2023-05-12,16:00,Summer,5.0,Friday,37.15,1004.3,34.1,15.2,Partly Cloudy
1771.0,2023-05-12,16:00,Summer,5.0,Friday,36.5,1008.1,47.1,15.6,Cloudy
1767.0,2023-05-12,20:00,Summer,5.0,Friday,32.1,1004.1,55.9,16.0,Clear
1773.0,2023-05-13,00:00,Summer,5.0,Saturday,29.5,1006.4,45.2,17.0,Haze
1774.0,2023-05-13,04:00,Summer,5.0,Saturday,26.7,998.2,44.3,15.1,Partly Cloudy
1772.0,2023-05-13,05:00,Summer,5.0,Saturday,33.7,1008.6,32.4,16.2,Clear
1776.0,2023-05-14,04:00,Summer,5.0,Sunday,28.1,1008.1,21.6,17.2,Cloudy
1775.0,2023-05-14,13:00,Summer,5.0,Sunday,42.4,1004.1,36.6,14.3,Partly Cloudy
1777.0,2023-05-14,21:00,Summer,5.0,Sunday,27.0,1006.4,56.3,12.0,Partly Cloudy
1779.0,2023-05-15,00:00,Summer,5.0,Monday,30.0,1003.7,54.9,14.3,Clear
1782.0,2023-05-15,08:00,Summer,5.0,Monday,42.1,1010.9,72.3,19.3,Clear
1781.0,2023-05-15,15:00,Summer,5.0,Monday,41.3,1005.7,39.8,17.6,Cloudy
1780.0,2023-05-15,17:00,Summer,5.0,Monday,34.5,1001.4,62.7,26.2,Haze
1778.0,2023-05-15,23:00,Summer,5.0,Monday,27.0,1007.6,48.0,14.7,Partly Cloudy
1786.0,2023-05-16,01:00,Summer,5.0,Tuesday,27.8,1004.7,49.4,18.5,Cloudy
1785.0,2023-05-16,04:00,Summer,5.0,Tuesday,35.1,1003.4,28.6,13.9,Partly Cloudy
1783.0,2023-05-16,18:00,Summer,5.0,Tuesday,34.2,1005.0,39.3,12.5,Partly Cloudy
1784.0,2023-05-16,21:00,Summer,5.0,Tuesday,27.0,1003.7,41.9,14.2,Cloudy
1789.0,2023-05-17,03:00,Summer,5.0,Wednesday,32.7,1008.6,51.3,13.7,Clear
1788.0,2023-05-17,06:00,Summer,5.0,Wednesday,36.1,999.7,46.6,12.6,Clear
1787.0,2023-05-17,14:00,Summer,5.0,Wednesday,36.8,1010.8,46.0,17.7,Clear
1790.0,2023-05-18,00:00,Summer,5.0,Thursday,30.7,1000.6,40.7,13.1,Haze
1791.0,2023-05-18,12:00,Summer,5.0,Thursday,42.9,1007.9,66.4,16.5,Haze
1792.0,2023-05-18,19:00,Summer,5.0,Thursday,35.2,1004.4,42.1,16.9,Haze
1793.0,2023-05-18,21:00,Summer,5.0,Thursday,31.1,1002.8,53.2,18.3,Haze
1794.0,2023-05-19,06:00,Summer,5.0,Friday,30.6,999.1,36.8,12.0,Partly Cloudy
1795.0,2023-05-19,14:00,Summer,5.0,Friday,36.2,1002.4,36.8,15.4,Cloudy
1796.0,2023-05-19,22:00,Summer,5.0,Friday,31.4,1005.8,51.449999999999996,12.3,Clear
1797.0,2023-05-20,13:00,Summer,5.0,Saturday,37.2,1005.6,66.1,21.5,Haze
1799.0,2023-05-20,18:00,Summer,5.0,Saturday,34.3,1005.6,33.6,14.0,Partly Cloudy
1798.0,2023-05-20,22:00,Summer,5.0,Saturday,27.2,1004.2,43.4,24.9,Clear
1805.0,2023-05-21,09:00,Summer,5.0,Sunday,41.7,999.9,34.9,22.2,Clear
1804.0,2023-05-21,17:00,Summer,5.0,Sunday,38.1,1008.5,54.6,12.0,Fog
1802.0,2023-05-21,19:00,Summer,5.0,Sunday,32.1,1008.1,35.5,15.2,Clear
1800.0,2023-05-21,21:00,Summer,5.0,Sunday,30.1,998.9,44.3,18.5,Haze
1801.0,2023-05-21,23:00,Summer,5.0,Sunday,26.3,1004.6,15.6,20.6,Clear
1803.0,2023-05-21,23:00,Summer,5.0,Sunday,27.8,1001.1,32.9,15.8,Haze
1807.0,2023-05-22,07:00,Summer,5.0,Monday,32.4,1010.9,44.3,22.2,Clear
1806.0,2023-05-22,08:00,Summer,5.0,Monday,34.4,1007.9,38.2,13.2,Haze
1810.0,2023-05-23,01:00,Summer,5.0,Tuesday,24.3,1000.2,45.0,12.6,Partly Cloudy
1808.0,2023-05-23,09:00,Summer,5.0,Tuesday,34.6,997.2,56.3,17.4,Clear
1812.0,2023-05-24,04:00,Summer,5.0,Wednesday,29.7,1001.8,27.2,13.0,Clear
1811.0,2023-05-24,05:00,Summer,5.0,Wednesday,31.9,1003.4,48.5,21.0,Haze
1813.0,2023-05-24,08:00,Summer,5.0,Wednesday,38.9,1008.8,26.2,15.8,Partly Cloudy
1814.0,2023-05-25,04:00,Summer,5.0,Thursday,31.7,1005.8,25.4,17.0,Haze
1817.0,2023-05-25,08:00,Summer,5.0,Thursday,39.2,1002.5,38.3,17.7,Clear
1815.0,2023-05-25,17:00,Summer,5.0,Thursday,35.4,1004.0,39.3,14.7,Haze
1816.0,2023-05-25,19:00,Summer,5.0,Thursday,29.9,1005.5,43.3,14.1,Cloudy
1824.0,2023-05-26,01:00,Summer,5.0,Friday,33.6,1004.9,36.2,14.399999999999999,Clear
1821.0,2023-05-26,06:00,Summer,5.0,Friday,32.5,1011.7,43.6,14.7,Clear
1823.0,2023-05-26,09:00,Summer,5.0,Friday,35.4,1010.7,46.1,16.2,Clear
1820.0,2023-05-26,11:00,Summer,5.0,Friday,46.4,1010.0,58.8,14.5,Cloudy
1818.0,2023-05-26,16:00,Summer,5.0,Friday,38.8,1002.9,33.3,22.4,Fog
1819.0,2023-05-26,16:00,Summer,5.0,Friday,38.2,1004.9,45.3,13.8,Clear
1827.0,2023-05-27,01:00,Summer,5.0,Saturday,34.5,1006.25,53.5,21.1,Clear
1825.0,2023-05-27,02:00,Summer,5.0,Saturday,30.8,1007.6,27.9,20.9,Fog
1826.0,2023-05-27,15:00,Summer,5.0,Saturday,38.0,1005.7,50.6,19.7,Clear
1828.0,2023-05-27,23:00,Summer,5.0,Saturday,30.3,995.9,47.2,14.3,Clear
1830.0,2023-05-28,05:00,Summer,5.0,Sunday,34.4,1000.7,55.2,14.8,Clear
1829.0,2023-05-28,09:00,Summer,5.0,Sunday,39.4,1004.9,57.7,20.0,Clear
1832.0,2023-05-28,10:00,Summer,5.0,Sunday,35.8,1005.8,27.3,13.8,Clear
1831.0,2023-05-28,21:00,Summer,5.0,Sunday,24.6,1007.6,26.1,16.5,Clear
1833.0,2023-05-28,22:00,Summer,5.0,Sunday,25.4,998.1,65.7,13.1,Clear
1834.0,2023-05-29,06:00,Summer,5.0,Monday,34.8,1004.0,24.8,15.6,Clear
1836.0,2023-05-30,05:00,Summer,5.0,Tuesday,32.3,1003.8,31.4,19.3,Clear
1835.0,2023-05-30,14:00,Summer,5.0,Tuesday,42.2,999.4,25.0,14.3,Partly Cloudy
1838.0,2023-05-31,08:00,Summer,5.0,Wednesday,38.0,1001.6,45.3,14.4,Clear
1841.0,2023-05-31,11:00,Summer,5.0,Wednesday,41.4,1002.3,44.1,19.0,Partly Cloudy
1842.0,2023-05-31,18:00,Summer,5.0,Wednesday,36.0,1003.0,33.2,22.0,Clear
1840.0,2023-05-31,19:00,Summer,5.0,Wednesday,33.1,1005.1,39.5,16.5,Partly Cloudy
1839.0,2023-05-31,21:00,Summer,5.0,Wednesday,30.4,1014.3,27.5,27.9,Partly Cloudy
1846.0,2023-06-01,01:00,Monsoon,6.0,Thursday,17.4,999.7,51.9,26.2,Partly Cloudy
1848.0,2023-06-01,01:00,Monsoon,6.0,Thursday,15.8,1001.9,76.3,20.3,Cloudy
1844.0,2023-06-01,02:00,Monsoon,6.0,Thursday,25.4,994.4,60.0,21.5,Cloudy
1845.0,2023-06-01,14:00,Monsoon,6.0,Thursday,27.8,1001.7,74.7,28.4,Partly Cloudy
1843.0,2023-06-01,19:00,Monsoon,6.0,Thursday,28.2,1004.1,82.1,22.5,Heavy Rain
1847.0,2023-06-01,20:00,Monsoon,6.0,Thursday,21.0,1002.8,91.2,21.2,Cloudy
1849.0,2023-06-01,21:00,Monsoon,6.0,Thursday,21.8,999.5,70.0,21.6,Light Rain
1850.0,2023-06-02,02:00,Monsoon,6.0,Friday,23.1,1004.9,71.3,20.7,Heavy Rain
1851.0,2023-06-02,05:00,Monsoon,6.0,Friday,27.1,1001.0,74.3,20.3,Partly Cloudy
1852.0,2023-06-02,14:00,Monsoon,6.0,Friday,28.2,999.35,85.8,20.3,Partly Cloudy
1855.0,2023-06-03,00:00,Monsoon,6.0,Saturday,19.3,997.7,80.0,20.0,Thunderstorm
1854.0,2023-06-03,08:00,Monsoon,6.0,Saturday,29.9,999.4,80.0,21.3,Heavy Rain
1853.0,2023-06-03,09:00,Monsoon,6.0,Saturday,36.0,998.8,97.2,24.3,Partly Cloudy
1859.0,2023-06-04,03:00,Monsoon,6.0,Sunday,20.5,999.9,72.0,21.3,Cloudy
1857.0,2023-06-04,05:00,Monsoon,6.0,Sunday,26.2,1005.6,82.2,23.6,Heavy Rain
1858.0,2023-06-04,08:00,Monsoon,6.0,Sunday,30.4,999.5,68.6,29.5,Thunderstorm
1856.0,2023-06-04,15:00,Monsoon,6.0,Sunday,29.7,1005.3,93.1,29.5,Partly Cloudy
1862.0,2023-06-05,00:00,Monsoon,6.0,Monday,23.3,994.0,89.5,21.1,Light Rain
1860.0,2023-06-05,01:00,Monsoon,6.0,Monday,22.3,992.0,80.8,24.9,Thunderstorm
1861.0,2023-06-05,03:00,Monsoon,6.0,Monday,26.0,997.1,72.6,33.3,Cloudy
1864.0,2023-06-05,09:00,Monsoon,6.0,Monday,32.1,994.0,84.2,22.0,Cloudy
1863.0,2023-06-05,18:00,Monsoon,6.0,Monday,27.4,997.1,77.0,25.1,Heavy Rain
1865.0,2023-06-05,20:00,Monsoon,6.0,Monday,27.3,994.5,61.7,21.5,Partly Cloudy
1866.0,2023-06-06,14:00,Monsoon,6.0,Tuesday,33.6,1003.5,74.85,24.2,Light Rain
1868.0,2023-06-06,18:00,Monsoon,6.0,Tuesday,29.0,1000.4,88.0,29.8,Heavy Rain
1867.0,2023-06-06,21:00,Monsoon,6.0,Tuesday,22.2,1005.8,73.9,23.7,Cloudy
1869.0,2023-06-07,15:00,Monsoon,6.0,Wednesday,28.4,1005.9,81.2,21.6,Thunderstorm
1870.0,2023-06-07,20:00,Monsoon,6.0,Wednesday,26.6,997.9,93.9,23.3,Clear
1871.0,2023-06-07,23:00,Monsoon,6.0,Wednesday,24.8,998.5,61.4,21.6,Thunderstorm
1876.0,2023-06-08,00:00,Monsoon,6.0,Thursday,20.5,1003.2,89.6,22.1,Clear
1874.0,2023-06-08,01:00,Monsoon,6.0,Thursday,23.4,1003.6,99.6,24.1,Clear
1873.0,2023-06-08,03:00,Monsoon,6.0,Thursday,23.1,1002.8,78.5,21.1,Clear
1875.0,2023-06-08,12:00,Monsoon,6.0,Thursday,32.9,996.2,80.0,23.9,Light Rain
1877.0,2023-06-08,16:00,Monsoon,6.0,Thursday,22.2,1001.1,73.6,21.0,Light Rain
1872.0,2023-06-08,21:00,Monsoon,6.0,Thursday,21.3,1002.4,79.5,22.3,Cloudy
1879.0,2023-06-09,03:00,Monsoon,6.0,Friday,26.2,999.3,80.5,23.6,Thunderstorm
1880.0,2023-06-09,06:00,Monsoon,6.0,Friday,27.9,996.4,83.1,20.1,Thunderstorm
1882.0,2023-06-09,08:00,Monsoon,6.0,Friday,32.7,990.0,83.3,21.0,Heavy Rain
1878.0,2023-06-09,12:00,Monsoon,6.0,Friday,30.4,999.2,85.9,30.4,Thunderstorm
1881.0,2023-06-09,16:00,Monsoon,6.0,Friday,32.1,1007.5,57.7,31.4,Light Rain
1885.0,2023-06-10,00:00,Monsoon,6.0,Saturday,22.8,994.6,76.7,27.0,Partly Cloudy
1883.0,2023-06-10,03:00,Monsoon,6.0,Saturday,22.5,1004.9,70.7,27.5,Heavy Rain
1887.0,2023-06-10,03:00,Monsoon,6.0,Saturday,25.7,1003.4,66.5,30.45,Light Rain
1888.0,2023-06-10,08:00,Monsoon,6.0,Saturday,28.9,1001.9,77.1,33.4,Light Rain
1886.0,2023-06-10,09:00,Monsoon,6.0,Saturday,32.4,996.1,76.2,28.1,Heavy Rain
1891.0,2023-06-10,09:00,Monsoon,6.0,Saturday,35.5,995.6,57.2,22.9,Clear
1889.0,2023-06-10,12:00,Monsoon,6.0,Saturday,36.9,1002.8,90.5,20.9,Heavy Rain
1890.0,2023-06-10,13:00,Monsoon,6.0,Saturday,33.7,996.0,87.3,20.4,Light Rain
1884.0,2023-06-10,18:00,Monsoon,6.0,Saturday,21.2,999.9,66.0,20.4,Partly Cloudy
1892.0,2023-06-11,05:00,Monsoon,6.0,Sunday,22.8,996.2,84.0,27.9,Cloudy
1894.0,2023-06-11,05:00,Monsoon,6.0,Sunday,27.8,1008.6,73.0,25.2,Thunderstorm
1893.0,2023-06-11,15:00,Monsoon,6.0,Sunday,31.2,1001.3,68.7,21.9,Light Rain
1895.0,2023-06-13,16:00,Monsoon,6.0,Tuesday,31.7,993.4,70.5,21.6,Heavy Rain
1896.0,2023-06-14,09:00,Monsoon,6.0,Wednesday,31.2,998.8,75.5,21.2,Clear
1897.0,2023-06-15,17:00,Monsoon,6.0,Thursday,30.3,999.7,79.0,25.9,Clear
1899.0,2023-06-15,17:00,Monsoon,6.0,Thursday,31.4,1004.1,84.4,21.9,Heavy Rain
1898.0,2023-06-15,21:00,Monsoon,6.0,Thursday,23.8,1005.3,74.7,20.1,Thunderstorm
1900.0,2023-06-16,02:00,Monsoon,6.0,Friday,20.7,1002.7,84.5,29.1,Cloudy
1903.0,2023-06-16,14:00,Monsoon,6.0,Friday,36.8,1001.4,89.9,29.4,Cloudy
1904.0,2023-06-16,14:00,Monsoon,6.0,Friday,31.5,1004.8,79.2,20.3,Light Rain
1901.0,2023-06-16,19:00,Monsoon,6.0,Friday,22.4,998.5,67.2,29.3,Heavy Rain
1902.0,2023-06-16,20:00,Monsoon,6.0,Friday,27.4,1007.7,78.5,22.6,Cloudy
1905.0,2023-06-18,03:00,Monsoon,6.0,Sunday,26.6,1004.4,89.9,20.7,Thunderstorm
1906.0,2023-06-19,08:00,Monsoon,6.0,Monday,32.0,998.7,92.4,26.2,Partly Cloudy
1907.0,2023-06-20,18:00,Monsoon,6.0,Tuesday,32.0,997.4,76.9,29.8,Cloudy
1911.0,2023-06-21,08:00,Monsoon,6.0,Wednesday,26.9,996.8,81.3,26.2,Light Rain
1912.0,2023-06-21,09:00,Monsoon,6.0,Wednesday,31.7,1001.7,85.4,27.9,Partly Cloudy
1909.0,2023-06-21,16:00,Monsoon,6.0,Wednesday,31.7,1000.4,69.9,20.2,Heavy Rain
1913.0,2023-06-21,17:00,Monsoon,6.0,Wednesday,25.9,1003.2,92.3,29.2,Partly Cloudy
1914.0,2023-06-21,19:00,Monsoon,6.0,Wednesday,26.8,996.4,87.6,30.3,Thunderstorm
1908.0,2023-06-21,23:00,Monsoon,6.0,Wednesday,22.4,1001.0,72.5,21.7,Light Rain
1917.0,2023-06-22,06:00,Monsoon,6.0,Thursday,29.3,1001.5,82.4,21.7,Partly Cloudy
1916.0,2023-06-22,07:00,Monsoon,6.0,Thursday,30.4,999.1,82.65,24.0,Light Rain
1915.0,2023-06-22,12:00,Monsoon,6.0,Thursday,36.2,995.1,82.9,23.0,Thunderstorm
1918.0,2023-06-22,16:00,Monsoon,6.0,Thursday,33.7,1002.0,75.8,22.4,Partly Cloudy
1921.0,2023-06-23,14:00,Monsoon,6.0,Friday,29.0,995.9,82.5,30.7,Heavy Rain
1922.0,2023-06-23,19:00,Monsoon,6.0,Friday,18.9,999.3,74.1,28.8,Cloudy
1919.0,2023-06-23,20:00,Monsoon,6.0,Friday,19.9,1000.0,86.7,21.9,Heavy Rain
1920.0,2023-06-23,22:00,Monsoon,6.0,Friday,21.2,991.4,78.0,28.9,Heavy Rain
1924.0,2023-06-24,00:00,Monsoon,6.0,Saturday,19.5,1000.0,78.8,26.4,Cloudy
1923.0,2023-06-24,14:00,Monsoon,6.0,Saturday,31.3,997.3,78.4,23.8,Light Rain
1926.0,2023-06-25,04:00,Monsoon,6.0,Sunday,26.2,1001.2,75.1,27.4,Light Rain
1925.0,2023-06-25,13:00,Monsoon,6.0,Sunday,31.5,1003.8,97.5,24.7,Light Rain
1927.0,2023-06-26,10:00,Monsoon,6.0,Monday,29.9,994.8,53.3,21.2,Cloudy
1928.0,2023-06-26,15:00,Monsoon,6.0,Monday,30.1,996.0,100.0,28.2,Heavy Rain
1929.0,2023-06-27,01:00,Monsoon,6.0,Tuesday,23.4,1003.6,69.8,21.2,Heavy Rain
1930.0,2023-06-27,07:00,Monsoon,6.0,Tuesday,26.1,998.7,79.8,20.5,Heavy Rain
1931.0,2023-06-28,10:00,Monsoon,6.0,Wednesday,29.3,999.9,81.5,23.3,Light Rain
1932.0,2023-06-29,17:00,Monsoon,6.0,Thursday,27.4,999.8,89.4,24.700000000000003,Light Rain
1934.0,2023-06-30,00:00,Monsoon,6.0,Friday,24.2,991.2,69.5,26.1,Clear
1933.0,2023-06-30,02:00,Monsoon,6.0,Friday,21.7,998.3,82.6,25.1,Heavy Rain
1935.0,2023-06-30,10:00,Monsoon,6.0,Friday,32.1,999.7,68.4,20.1,Cloudy
1936.0,2023-06-30,15:00,Monsoon,6.0,Friday,34.0,992.0,90.3,25.2,Thunderstorm
1940.0,2023-07-01,09:00,Monsoon,7.0,Saturday,35.0,998.7,71.1,26.6,Heavy Rain
1938.0,2023-07-01,15:00,Monsoon,7.0,Saturday,30.6,999.1,71.1,23.9,Clear
1937.0,2023-07-01,17:00,Monsoon,7.0,Saturday,26.6,998.7,71.0,24.1,Cloudy
1939.0,2023-07-01,22:00,Monsoon,7.0,Saturday,22.4,1001.7,85.5,21.9,Light Rain
1944.0,2023-07-02,03:00,Monsoon,7.0,Sunday,23.65,996.3,100.0,34.6,Cloudy
1942.0,2023-07-02,05:00,Monsoon,7.0,Sunday,24.9,1001.9,75.3,21.2,Heavy Rain
1945.0,2023-07-02,12:00,Monsoon,7.0,Sunday,27.299999999999997,1000.2,90.2,31.7,Partly Cloudy
1941.0,2023-07-02,17:00,Monsoon,7.0,Sunday,29.7,994.1,76.0,20.6,Light Rain
1943.0,2023-07-02,18:00,Monsoon,7.0,Sunday,26.0,1003.9,84.3,29.5,Light Rain
1946.0,2023-07-03,23:00,Monsoon,7.0,Monday,23.35,1007.0,73.8,23.5,Cloudy
1951.0,2023-07-04,00:00,Monsoon,7.0,Tuesday,20.7,997.1,83.4,22.9,Partly Cloudy
1948.0,2023-07-04,02:00,Monsoon,7.0,Tuesday,24.7,992.8,65.5,22.9,Partly Cloudy
1950.0,2023-07-04,05:00,Monsoon,7.0,Tuesday,28.7,1005.0,70.0,22.7,Light Rain
1949.0,2023-07-04,09:00,Monsoon,7.0,Tuesday,30.2,1000.4,94.2,31.5,Cloudy
1952.0,2023-07-04,22:00,Monsoon,7.0,Tuesday,21.6,1001.3,82.0,26.9,Cloudy
1955.0,2023-07-05,07:00,Monsoon,7.0,Wednesday,33.0,992.2,86.0,21.1,Light Rain
1954.0,2023-07-05,13:00,Monsoon,7.0,Wednesday,31.3,1004.4,91.0,22.9,Light Rain
1956.0,2023-07-05,18:00,Monsoon,7.0,Wednesday,23.0,1004.0,89.0,21.7,Light Rain
1953.0,2023-07-05,23:00,Monsoon,7.0,Wednesday,23.4,995.7,88.7,25.5,Clear
1958.0,2023-07-06,09:00,Monsoon,7.0,Thursday,29.4,998.2,98.5,20.9,Heavy Rain
1957.0,2023-07-06,13:00,Monsoon,7.0,Thursday,37.9,1003.0,88.6,21.1,Light Rain
1959.0,2023-07-06,16:00,Monsoon,7.0,Thursday,30.3,1004.3,92.1,26.2,Light Rain
1961.0,2023-07-07,05:00,Monsoon,7.0,Friday,25.9,996.1,84.9,25.9,Light Rain
1960.0,2023-07-07,08:00,Monsoon,7.0,Friday,28.1,998.1,100.0,24.3,Heavy Rain
1962.0,2023-07-07,10:00,Monsoon,7.0,Friday,33.2,1002.1,89.5,26.4,Heavy Rain
1965.0,2023-07-08,00:00,Monsoon,7.0,Saturday,22.9,996.1,96.3,34.1,Thunderstorm
1967.0,2023-07-08,04:00,Monsoon,7.0,Saturday,21.5,999.5,68.6,26.5,Cloudy
1963.0,2023-07-08,06:00,Monsoon,7.0,Saturday,27.4,998.0,59.0,33.7,Light Rain
1964.0,2023-07-08,16:00,Monsoon,7.0,Saturday,29.8,1000.5,81.2,20.3,Partly Cloudy
1964.0,2023-07-08,16:00,Monsoon,7.0,Saturday,29.8,1000.5,81.2,20.3,Partly Cloudy
1969.0,2023-07-08,17:00,Monsoon,7.0,Saturday,28.9,995.1,72.1,22.8,Light Rain
1966.0,2023-07-08,21:00,Monsoon,7.0,Saturday,21.5,998.3,66.9,25.7,Clear
1972.0,2023-07-10,01:00,Monsoon,7.0,Monday,21.52,1005.6,69.4,25.5,Cloudy
1974.0,2023-07-10,05:00,Monsoon,7.0,Monday,21.54,997.7,74.7,20.3,Partly Cloudy
1973.0,2023-07-10,10:00,Monsoon,7.0,Monday,21.560000000000002,1004.9,87.4,22.6,Clear
1970.0,2023-07-10,23:00,Monsoon,7.0,Monday,21.580000000000002,997.4,82.9,28.9,Heavy Rain
1976.0,2023-07-11,03:00,Monsoon,7.0,Tuesday,21.6,1004.1,81.9,21.7,Heavy Rain
1975.0,2023-07-11,07:00,Monsoon,7.0,Tuesday,29.4,1002.9,74.0,22.2,Light Rain
1977.0,2023-07-11,17:00,Monsoon,7.0,Tuesday,27.5,996.2,90.2,21.4,Light Rain
1978.0,2023-07-12,10:00,Monsoon,7.0,Wednesday,32.6,995.9,84.0,27.0,Light Rain
1980.0,2023-07-12,14:00,Monsoon,7.0,Wednesday,32.5,998.1,80.1,26.4,Clear
1982.0,2023-07-13,01:00,Monsoon,7.0,Thursday,22.2,999.5,78.2,29.7,Clear
1981.0,2023-07-13,17:00,Monsoon,7.0,Thursday,30.8,1006.1,67.4,21.8,Light Rain
1984.0,2023-07-14,10:00,Monsoon,7.0,Friday,34.5,1005.5,91.2,23.9,Clear
1983.0,2023-07-14,21:00,Monsoon,7.0,Friday,18.7,1004.2,74.6,25.1,Cloudy
1986.0,2023-07-15,03:00,Monsoon,7.0,Saturday,22.366666666666667,993.4,72.0,28.1,Thunderstorm
1986.0,2023-07-15,03:00,Monsoon,7.0,Saturday,26.03333333333333,993.4,72.0,28.1,Thunderstorm
1988.0,2023-07-15,06:00,Monsoon,7.0,Saturday,29.7,1006.6,62.0,27.3,Heavy Rain
1989.0,2023-07-15,10:00,Monsoon,7.0,Saturday,31.0,1004.2,87.2,20.7,Light Rain
1985.0,2023-07-15,12:00,Monsoon,7.0,Saturday,30.2,998.3,75.6,25.1,Heavy Rain
1987.0,2023-07-15,21:00,Monsoon,7.0,Saturday,25.6,996.7,90.3,28.6,Thunderstorm
1990.0,2023-07-15,21:00,Monsoon,7.0,Saturday,21.9,1000.8,90.2,20.4,Heavy Rain
1994.0,2023-07-16,00:00,Monsoon,7.0,Sunday,23.0,995.2,68.0,26.7,Thunderstorm
1992.0,2023-07-16,03:00,Monsoon,7.0,Sunday,25.7,1002.1,72.7,22.5,Partly Cloudy
1993.0,2023-07-16,14:00,Monsoon,7.0,Sunday,34.4,1003.0,81.30000000000001,21.2,Cloudy
1991.0,2023-07-16,23:00,Monsoon,7.0,Sunday,23.2,1000.9,89.9,26.5,Heavy Rain
1996.0,2023-07-17,02:00,Monsoon,7.0,Monday,22.0,992.1,66.6,26.8,Cloudy
1998.0,2023-07-17,05:00,Monsoon,7.0,Monday,28.6,997.8,91.0,21.0,Thunderstorm
1997.0,2023-07-17,13:00,Monsoon,7.0,Monday,32.0,1000.0,73.9,25.3,Clear
1995.0,2023-07-17,22:00,Monsoon,7.0,Monday,20.9,999.0,73.9,31.2,Partly Cloudy
2000.0,2023-07-18,00:00,Monsoon,7.0,Tuesday,21.7,1001.6,69.2,22.5,Cloudy
2001.0,2023-07-18,05:00,Monsoon,7.0,Tuesday,22.1,1006.9,96.4,21.3,Cloudy
2002.0,2023-07-18,05:00,Monsoon,7.0,Tuesday,25.4,999.1,80.8,32.6,Partly Cloudy
2004.0,2023-07-18,15:00,Monsoon,7.0,Tuesday,31.4,999.6,93.0,24.4,Clear
1999.0,2023-07-18,17:00,Monsoon,7.0,Tuesday,30.5,1000.4,82.2,25.2,Light Rain
2003.0,2023-07-18,20:00,Monsoon,7.0,Tuesday,19.5,997.5,78.3,23.799999999999997,Light Rain
2005.0,2023-07-19,04:00,Monsoon,7.0,Wednesday,26.3,998.8,68.1,22.4,Cloudy
2007.0,2023-07-19,09:00,Monsoon,7.0,Wednesday,30.9,1000.9,69.9,21.1,Light Rain
2006.0,2023-07-19,16:00,Monsoon,7.0,Wednesday,27.3,998.7,77.1,20.4,Thunderstorm
2011.0,2023-07-20,02:00,Monsoon,7.0,Thursday,25.6,996.5,87.5,22.4,Heavy Rain
2010.0,2023-07-20,06:00,Monsoon,7.0,Thursday,23.9,999.6,84.9,21.6,Light Rain
2009.0,2023-07-20,17:00,Monsoon,7.0,Thursday,31.8,994.5,69.5,21.6,Partly Cloudy
2008.0,2023-07-20,20:00,Monsoon,7.0,Thursday,24.2,995.6,83.8,30.0,Light Rain
2012.0,2023-07-21,12:00,Monsoon,7.0,Friday,29.6,996.9,68.9,21.7,Light Rain
2013.0,2023-07-21,14:00,Monsoon,7.0,Friday,34.2,993.8,81.1,34.0,Thunderstorm
2014.0,2023-07-21,19:00,Monsoon,7.0,Friday,29.2,997.7,80.0,23.9,Light Rain
2015.0,2023-07-22,18:00,Monsoon,7.0,Saturday,30.0,1000.5,93.7,22.7,Partly Cloudy
2016.0,2023-07-23,02:00,Monsoon,7.0,Sunday,27.4,995.5,87.1,20.3,Thunderstorm
2017.0,2023-07-23,03:00,Monsoon,7.0,Sunday,24.25,999.2,90.8,20.0,Light Rain
2019.0,2023-07-24,00:00,Monsoon,7.0,Monday,21.1,1009.8,72.4,22.9,Clear
2020.0,2023-07-24,03:00,Monsoon,7.0,Monday,19.4,1003.3,84.3,28.3,Light Rain
2018.0,2023-07-24,04:00,Monsoon,7.0,Monday,20.9,999.2,90.5,23.0,Light Rain
2021.0,2023-07-24,11:00,Monsoon,7.0,Monday,35.0,998.3,82.2,26.0,Heavy Rain
2023.0,2023-07-25,09:00,Monsoon,7.0,Tuesday,31.9,1004.6,79.6,25.9,Clear
2025.0,2023-07-25,20:00,Monsoon,7.0,Tuesday,20.3,1000.1,81.9,24.1,Clear
2024.0,2023-07-25,22:00,Monsoon,7.0,Tuesday,25.1,996.6,94.2,24.3,Cloudy
2022.0,2023-07-25,23:00,Monsoon,7.0,Tuesday,22.6,1002.9,72.4,21.1,Thunderstorm
2028.0,2023-07-26,12:00,Monsoon,7.0,Wednesday,31.2,999.7,81.0,25.4,Clear
2030.0,2023-07-26,13:00,Monsoon,7.0,Wednesday,26.6,992.9,66.0,24.3,Heavy Rain
2026.0,2023-07-26,19:00,Monsoon,7.0,Wednesday,27.3,993.1,81.3,22.4,Thunderstorm
2029.0,2023-07-26,22:00,Monsoon,7.0,Wednesday,20.0,1000.5,100.0,28.9,Cloudy
2027.0,2023-07-26,23:00,Monsoon,7.0,Wednesday,21.1,994.7,75.1,33.4,Partly Cloudy
2032.0,2023-07-27,04:00,Monsoon,7.0,Thursday,24.1,1002.2,86.8,20.5,Clear
2031.0,2023-07-27,22:00,Monsoon,7.0,Thursday,21.0,993.7,68.4,25.5,Light Rain
2033.0,2023-07-28,03:00,Monsoon,7.0,Friday,25.6,1002.0,82.8,27.1,Cloudy
2038.0,2023-07-28,06:00,Monsoon,7.0,Friday,28.2,997.2,75.3,23.4,Cloudy
2035.0,2023-07-28,09:00,Monsoon,7.0,Friday,29.3,995.4,91.9,20.5,Heavy Rain
2037.0,2023-07-28,09:00,Monsoon,7.0,Friday,30.8,997.1,80.0,20.8,Cloudy
2034.0,2023-07-28,13:00,Monsoon,7.0,Friday,32.7,994.5,64.6,29.4,Light Rain
2036.0,2023-07-28,16:00,Monsoon,7.0,Friday,30.7,991.9,85.2,21.5,Thunderstorm
2040.0,2023-07-29,00:00,Monsoon,7.0,Saturday,22.3,994.6,79.2,25.5,Light Rain
2044.0,2023-07-29,05:00,Monsoon,7.0,Saturday,26.9,995.0,74.1,23.3,Heavy Rain
2043.0,2023-07-29,08:00,Monsoon,7.0,Saturday,27.4,1004.1,73.6,24.2,Light Rain
2039.0,2023-07-29,15:00,Monsoon,7.0,Saturday,33.9,996.2,80.9,27.5,Light Rain
2041.0,2023-07-29,16:00,Monsoon,7.0,Saturday,30.9,1004.1,84.5,20.8,Clear
2042.0,2023-07-29,20:00,Monsoon,7.0,Saturday,24.8,1008.6,64.3,28.7,Clear
2046.0,2023-07-30,12:00,Monsoon,7.0,Sunday,30.0,997.6,97.5,23.8,Thunderstorm
2045.0,2023-07-30,18:00,Monsoon,7.0,Sunday,26.8,1004.0,96.2,30.7,Light Rain
2047.0,2023-07-31,02:00,Monsoon,7.0,Monday,23.8,997.1,73.5,22.7,Light Rain
2048.0,2023-07-31,06:00,Monsoon,7.0,Monday,24.4,1001.2,89.1,22.2,Light Rain
2052.0,2023-08-01,04:00,Monsoon,8.0,Tuesday,26.6,1001.1,74.2,23.0,Light Rain
2050.0,2023-08-01,08:00,Monsoon,8.0,Tuesday,33.4,998.4,83.0,22.1,Partly Cloudy
2053.0,2023-08-01,09:00,Monsoon,8.0,Tuesday,31.4,1011.2,96.0,28.7,Cloudy
2049.0,2023-08-01,21:00,Monsoon,8.0,Tuesday,19.0,998.9,78.7,20.2,Clear
2051.0,2023-08-01,21:00,Monsoon,8.0,Tuesday,24.1,1001.1,79.1,27.6,Heavy Rain
2055.0,2023-08-02,16:00,Monsoon,8.0,Wednesday,31.0,1004.4,81.5,30.0,Heavy Rain
2054.0,2023-08-02,22:00,Monsoon,8.0,Wednesday,20.6,1007.6,75.0,20.1,Thunderstorm
2059.0,2023-08-03,02:00,Monsoon,8.0,Thursday,21.3,997.0,92.4,20.4,Thunderstorm
2061.0,2023-08-03,08:00,Monsoon,8.0,Thursday,27.3,997.7,76.1,24.1,Light Rain
2056.0,2023-08-03,11:00,Monsoon,8.0,Thursday,36.0,998.1,99.7,22.1,Heavy Rain
2058.0,2023-08-03,15:00,Monsoon,8.0,Thursday,32.2,998.5,83.2,20.2,Thunderstorm
2060.0,2023-08-03,21:00,Monsoon,8.0,Thursday,28.200000000000003,995.1,69.8,21.3,Light Rain
2057.0,2023-08-03,22:00,Monsoon,8.0,Thursday,24.2,1002.8,93.7,28.6,Heavy Rain
2063.0,2023-08-04,04:00,Monsoon,8.0,Friday,22.0,1005.7,80.7,35.9,Cloudy
2065.0,2023-08-04,12:00,Monsoon,8.0,Friday,28.8,998.7,96.7,24.8,Partly Cloudy
2062.0,2023-08-04,14:00,Monsoon,8.0,Friday,31.9,994.2,65.4,20.4,Heavy Rain
2064.0,2023-08-04,22:00,Monsoon,8.0,Friday,23.9,1002.6,66.6,26.8,Clear
2066.0,2023-08-05,13:00,Monsoon,8.0,Saturday,29.7,997.3,86.9,21.2,Cloudy
2067.0,2023-08-06,19:00,Monsoon,8.0,Sunday,25.2,1005.6,80.3,28.6,Light Rain
2071.0,2023-08-07,12:00,Monsoon,8.0,Monday,36.4,997.2,67.9,20.2,Light Rain
2068.0,2023-08-07,14:00,Monsoon,8.0,Monday,33.7,1001.2,75.7,31.7,Light Rain
2069.0,2023-08-07,15:00,Monsoon,8.0,Monday,32.6,997.5,85.9,23.6,Light Rain
2070.0,2023-08-07,22:00,Monsoon,8.0,Monday,21.2,1004.9,82.1,21.6,Light Rain
2074.0,2023-08-08,07:00,Monsoon,8.0,Tuesday,23.9,1004.4,86.6,25.5,Cloudy
2072.0,2023-08-08,16:00,Monsoon,8.0,Tuesday,29.6,1007.1,87.9,24.7,Light Rain
2073.0,2023-08-08,22:00,Monsoon,8.0,Tuesday,25.0,997.1,90.7,23.9,Thunderstorm
2076.0,2023-08-09,01:00,Monsoon,8.0,Wednesday,20.0,995.6,87.7,29.5,Cloudy
2075.0,2023-08-09,20:00,Monsoon,8.0,Wednesday,25.2,999.6,63.2,27.4,Thunderstorm
2077.0,2023-08-10,04:00,Monsoon,8.0,Thursday,26.8,1000.6,99.9,20.9,Cloudy
2078.0,2023-08-11,05:00,Monsoon,8.0,Friday,23.2,999.6,64.4,24.2,Light Rain
2079.0,2023-08-11,11:00,Monsoon,8.0,Friday,32.2,998.0,100.0,21.3,Cloudy
2080.0,2023-08-11,17:00,Monsoon,8.0,Friday,28.2,1008.7,92.6,20.8,Light Rain
2081.0,2023-08-11,21:00,Monsoon,8.0,Friday,23.3,994.9,80.3,24.1,Partly Cloudy
2082.0,2023-08-11,21:00,Monsoon,8.0,Friday,23.0,1006.5,69.0,30.4,Heavy Rain
2083.0,2023-08-12,00:00,Monsoon,8.0,Saturday,25.7,1000.3,71.3,21.2,Partly Cloudy
2086.0,2023-08-12,09:00,Monsoon,8.0,Saturday,32.4,994.6,91.0,25.2,Cloudy
2085.0,2023-08-12,10:00,Monsoon,8.0,Saturday,31.5,1002.0,82.1,21.8,Partly Cloudy
2084.0,2023-08-12,16:00,Monsoon,8.0,Saturday,30.8,1000.5,72.2,20.8,cloudy
2089.0,2023-08-13,09:00,Monsoon,8.0,Sunday,30.5,1004.8,70.4,27.9,Cloudy
2088.0,2023-08-13,13:00,Monsoon,8.0,Sunday,34.4,1000.2,76.1,30.8,Thunderstorm
2087.0,2023-08-13,18:00,Monsoon,8.0,Sunday,25.2,999.2,74.7,22.4,Partly Cloudy
2090.0,2023-08-14,14:00,Monsoon,8.0,Monday,34.5,998.9,79.5,21.5,Partly Cloudy
2091.0,2023-08-14,18:00,Monsoon,8.0,Monday,31.6,1000.3,80.7,23.5,Cloudy
2093.0,2023-08-15,01:00,Monsoon,8.0,Tuesday,20.2,1001.5,95.9,26.3,Clear
2092.0,2023-08-15,03:00,Monsoon,8.0,Tuesday,23.9,993.4,82.7,28.1,Clear
2094.0,2023-08-15,08:00,Monsoon,8.0,Tuesday,33.8,1001.8,70.6,25.9,Thunderstorm
2095.0,2023-08-16,09:00,Monsoon,8.0,Wednesday,34.0,997.6,83.6,26.1,Light Rain
2096.0,2023-08-16,10:00,Monsoon,8.0,Wednesday,35.4,1007.2,95.9,28.5,Partly Cloudy
2097.0,2023-08-16,13:00,Monsoon,8.0,Wednesday,31.7,995.7,63.8,23.9,Clear
2098.0,2023-08-17,06:00,Monsoon,8.0,Thursday,26.5,993.2,82.8,27.6,Cloudy
2100.0,2023-08-17,14:00,Monsoon,8.0,Thursday,32.8,1000.7,89.5,20.5,Heavy Rain
2102.0,2023-08-17,18:00,Monsoon,8.0,Thursday,26.6,1006.7,65.4,28.3,Cloudy
2101.0,2023-08-17,21:00,Monsoon,8.0,Thursday,21.2,998.0,70.1,22.8,Light Rain
2103.0,2023-08-17,21:00,Monsoon,8.0,Thursday,28.0,996.4,86.3,20.5,Cloudy
2099.0,2023-08-17,22:00,Monsoon,8.0,Thursday,20.2,1000.1,73.0,23.7,Heavy Rain
2104.0,2023-08-18,14:00,Monsoon,8.0,Friday,33.7,1005.4,83.8,27.2,Clear
2106.0,2023-08-19,07:00,Monsoon,8.0,Saturday,30.3,998.2,100.0,22.3,Cloudy
2107.0,2023-08-20,10:00,Monsoon,8.0,Sunday,37.0,999.9,66.7,33.0,Light Rain
2108.0,2023-08-21,08:00,Monsoon,8.0,Monday,32.8,995.8,85.7,27.8,Heavy Rain
2109.0,2023-08-21,14:00,Monsoon,8.0,Monday,32.2,996.1,74.3,20.2,Partly Cloudy
2110.0,2023-08-22,00:00,Monsoon,8.0,Tuesday,15.6,999.7,88.2,22.5,Cloudy
2111.0,2023-08-22,00:00,Monsoon,8.0,Tuesday,19.9,997.9,91.7,22.8,Light Rain
2113.0,2023-08-24,02:00,Monsoon,8.0,Thursday,22.7,1000.5,68.8,23.8,Heavy Rain
2115.0,2023-08-24,07:00,Monsoon,8.0,Thursday,27.2,1003.6,77.0,27.7,Cloudy
2114.0,2023-08-24,09:00,Monsoon,8.0,Thursday,37.1,1003.9,80.8,21.3,Heavy Rain
2114.0,2023-08-24,09:00,Monsoon,8.0,Thursday,37.1,1003.9,80.8,21.3,Heavy Rain
2112.0,2023-08-24,18:00,Monsoon,8.0,Thursday,25.8,997.8,66.2,23.9,Partly Cloudy
2118.0,2023-08-25,00:00,Monsoon,8.0,Friday,19.6,995.8,82.3,25.4,Partly Cloudy
2117.0,2023-08-25,09:00,Monsoon,8.0,Friday,32.7,1001.5,95.8,26.8,Thunderstorm
2116.0,2023-08-25,14:00,Monsoon,8.0,Friday,32.2,1001.7,94.7,26.7,Light Rain
2119.0,2023-08-25,17:00,Monsoon,8.0,Friday,28.900000000000002,1001.6,92.4,21.0,Light Rain
2124.0,2023-08-27,00:00,Monsoon,8.0,Sunday,25.6,992.7,74.9,20.4,Heavy Rain
2120.0,2023-08-27,01:00,Monsoon,8.0,Sunday,22.4,1002.2,97.7,22.1,Partly Cloudy
2122.0,2023-08-27,12:00,Monsoon,8.0,Sunday,30.7,1002.3,77.8,22.1,Light Rain
2121.0,2023-08-27,18:00,Monsoon,8.0,Sunday,23.8,1006.1,85.7,24.2,Cloudy
2123.0,2023-08-27,21:00,Monsoon,8.0,Sunday,20.2,1001.8,80.9,24.5,Heavy Rain
2125.0,2023-08-28,01:00,Monsoon,8.0,Monday,20.2,999.8,85.0,20.5,Light Rain
2128.0,2023-08-28,12:00,Monsoon,8.0,Monday,36.6,1003.0,91.7,27.4,Cloudy
2127.0,2023-08-28,14:00,Monsoon,8.0,Monday,27.5,1001.5,72.8,20.6,Clear
2126.0,2023-08-28,15:00,Monsoon,8.0,Monday,32.2,1001.5,71.5,27.9,Partly Cloudy
2129.0,2023-08-29,15:00,Monsoon,8.0,Tuesday,34.5,1000.4,63.1,23.7,Heavy Rain
2130.0,2023-08-29,16:00,Monsoon,8.0,Tuesday,29.7,1005.7,80.0,33.3,Heavy Rain
2132.0,2023-08-30,06:00,Monsoon,8.0,Wednesday,26.4,997.2,80.0,21.3,Light Rain
2134.0,2023-08-30,16:00,Monsoon,8.0,Wednesday,28.0,1002.9,86.8,25.7,Light Rain
2131.0,2023-08-30,20:00,Monsoon,8.0,Wednesday,23.0,997.2,86.6,28.5,Light Rain
2133.0,2023-08-30,23:00,Monsoon,8.0,Wednesday,25.5,1001.7,73.4,22.9,Light Rain
2139.0,2023-08-31,02:00,Monsoon,8.0,Thursday,19.6,1005.6,76.9,21.3,Thunderstorm
2137.0,2023-08-31,04:00,Monsoon,8.0,Thursday,23.6,999.7,78.5,25.8,Clear
2135.0,2023-08-31,06:00,Monsoon,8.0,Thursday,28.8,992.4,76.6,26.3,Cloudy
2136.0,2023-08-31,12:00,Monsoon,8.0,Thursday,29.9,997.9,81.6,22.1,Cloudy
2138.0,2023-08-31,16:00,Monsoon,8.0,Thursday,28.9,997.0,62.3,23.9,Light Rain
2140.0,2023-09-01,06:00,Monsoon,9.0,Friday,25.7,999.7,81.0,22.2,Cloudy
2142.0,2023-09-01,06:00,Monsoon,9.0,Friday,28.3,999.7,65.1,29.8,Thunderstorm
2141.0,2023-09-01,16:00,Monsoon,9.0,Friday,30.7,995.0,92.3,23.9,Heavy Rain
2143.0,2023-09-01,20:00,Monsoon,9.0,Friday,25.2,1004.7,70.7,28.8,Heavy Rain
2144.0,2023-09-02,00:00,Monsoon,9.0,Saturday,22.5,995.9,78.2,25.25,Cloudy
2148.0,2023-09-02,02:00,Monsoon,9.0,Saturday,21.5,1001.8,89.2,21.7,Light Rain
2147.0,2023-09-02,10:00,Monsoon,9.0,Saturday,31.6,1001.2,81.7,27.4,Heavy Rain
2149.0,2023-09-02,14:00,Monsoon,9.0,Saturday,31.5,996.3,71.8,24.7,Cloudy
2145.0,2023-09-02,16:00,Monsoon,9.0,Saturday,27.8,995.2,72.3,20.3,Cloudy
2146.0,2023-09-02,16:00,Monsoon,9.0,Saturday,27.4,995.8,77.6,25.7,Light Rain
2150.0,2023-09-03,20:00,Monsoon,9.0,Sunday,23.6,1004.2,72.1,25.2,Light Rain
2151.0,2023-09-04,10:00,Monsoon,9.0,Monday,33.3,998.4,82.3,27.5,Cloudy
2152.0,2023-09-04,15:00,Monsoon,9.0,Monday,31.6,1002.2,77.9,25.0,Partly Cloudy
2153.0,2023-09-04,21:00,Monsoon,9.0,Monday,23.9,1003.1,84.3,30.2,Heavy Rain
2157.0,2023-09-05,00:00,Monsoon,9.0,Tuesday,19.5,997.4,66.4,29.1,Heavy Rain
2154.0,2023-09-05,08:00,Monsoon,9.0,Tuesday,22.5,998.1,75.5,26.55,Thunderstorm
2160.0,2023-09-05,08:00,Monsoon,9.0,Tuesday,25.5,1004.9,77.8,24.0,Cloudy
2159.0,2023-09-05,15:00,Monsoon,9.0,Tuesday,29.8,1000.7,83.7,27.8,Partly Cloudy
2161.0,2023-09-05,18:00,Monsoon,9.0,Tuesday,26.0,1006.3,76.8,23.2,Light Rain
2158.0,2023-09-05,21:00,Monsoon,9.0,Tuesday,22.7,1005.0,93.0,27.6,Partly Cloudy
2155.0,2023-09-05,23:00,Monsoon,9.0,Tuesday,23.3,995.8,90.2,20.1,Light Rain
2156.0,2023-09-05,23:00,Monsoon,9.0,Tuesday,18.9,999.6,80.9,23.26666666666667,Thunderstorm
2162.0,2023-09-06,11:00,Monsoon,9.0,Wednesday,25.3,995.9,78.3,26.433333333333334,Clear
2163.0,2023-09-06,18:00,Monsoon,9.0,Wednesday,29.2,993.9,78.0,29.6,Cloudy
2166.0,2023-09-07,06:00,Monsoon,9.0,Thursday,25.3,1004.9,77.6,25.4,Thunderstorm
2164.0,2023-09-07,21:00,Monsoon,9.0,Thursday,18.6,1001.6,76.7,25.5,Heavy Rain
2170.0,2023-09-08,01:00,Monsoon,9.0,Friday,20.6,1008.4,78.6,33.2,Cloudy
2171.0,2023-09-08,08:00,Monsoon,9.0,Friday,33.3,996.4,72.9,25.1,Thunderstorm
2167.0,2023-09-08,13:00,Monsoon,9.0,Friday,33.2,1002.0,95.1,23.9,Heavy Rain
2168.0,2023-09-08,18:00,Monsoon,9.0,Friday,24.3,1001.1,72.1,22.7,Cloudy
2169.0,2023-09-08,18:00,Monsoon,9.0,Friday,24.8,1001.2,84.9,22.2,Clear
2174.0,2023-09-09,02:00,Monsoon,9.0,Saturday,27.4,999.6,81.7,27.9,Light Rain
2175.0,2023-09-09,10:00,Monsoon,9.0,Saturday,27.5,990.4,81.0,20.7,Heavy Rain
2172.0,2023-09-09,12:00,Monsoon,9.0,Saturday,31.6,997.2,95.2,25.5,Cloudy
2173.0,2023-09-09,14:00,Monsoon,9.0,Saturday,34.3,1006.6,70.7,32.0,Heavy Rain
2176.0,2023-09-10,20:00,Monsoon,9.0,Sunday,23.8,1006.8,71.7,22.5,Cloudy
2177.0,2023-09-11,13:00,Monsoon,9.0,Monday,31.1,994.7,84.3,26.3,Light Rain
2178.0,2023-09-12,07:00,Monsoon,9.0,Tuesday,30.950000000000003,998.4,69.3,21.7,Thunderstorm
2181.0,2023-09-12,15:00,Monsoon,9.0,Tuesday,30.8,995.6,77.6,22.0,Heavy Rain
2179.0,2023-09-12,17:00,Monsoon,9.0,Tuesday,30.2,997.6,86.1,25.1,Light Rain
2180.0,2023-09-12,18:00,Monsoon,9.0,Tuesday,25.8,1000.4,68.1,20.1,Heavy Rain
2182.0,2023-09-13,01:00,Monsoon,9.0,Wednesday,21.1,1001.6,84.0,31.5,Heavy Rain
2183.0,2023-09-13,07:00,Monsoon,9.0,Wednesday,28.0,1003.8,85.8,34.0,Light Rain
2185.0,2023-09-14,05:00,Monsoon,9.0,Thursday,23.1,1001.5,71.0,26.9,Heavy Rain
2184.0,2023-09-14,21:00,Monsoon,9.0,Thursday,25.4,991.6,76.8,26.1,Light Rain
2189.0,2023-09-15,03:00,Monsoon,9.0,Friday,17.2,994.6,55.1,25.2,Partly Cloudy
2188.0,2023-09-15,07:00,Monsoon,9.0,Friday,22.8,989.9,90.7,24.1,Thunderstorm
2186.0,2023-09-15,11:00,Monsoon,9.0,Friday,33.8,997.1,62.6,22.2,Partly Cloudy
2187.0,2023-09-15,14:00,Monsoon,9.0,Friday,33.7,1003.0,100.0,20.9,Partly Cloudy
2190.0,2023-09-15,14:00,Monsoon,9.0,Friday,34.0,1000.3,89.7,28.2,Heavy Rain
2192.0,2023-09-15,16:00,Monsoon,9.0,Friday,29.8,1000.9,76.9,23.9,Partly Cloudy
2191.0,2023-09-15,19:00,Monsoon,9.0,Friday,23.1,998.5,84.1,24.3,Light Rain
2195.0,2023-09-16,01:00,Monsoon,9.0,Saturday,18.8,992.4,72.5,21.2,Cloudy
2196.0,2023-09-16,12:00,Monsoon,9.0,Saturday,36.0,998.1,97.9,26.9,Heavy Rain
2197.0,2023-09-16,12:00,Monsoon,9.0,Saturday,33.3,1000.4,83.4,22.3,Cloudy
2194.0,2023-09-16,17:00,Monsoon,9.0,Saturday,31.5,996.8,89.4,21.8,Heavy Rain
2199.0,2023-09-17,14:00,Monsoon,9.0,Sunday,28.8,1003.0,87.5,29.0,Light Rain
2200.0,2023-09-17,19:00,Monsoon,9.0,Sunday,23.7,999.6,77.0,26.1,Thunderstorm
2198.0,2023-09-17,21:00,Monsoon,9.0,Sunday,26.6,1007.1,61.4,23.25,Cloudy
2203.0,2023-09-18,18:00,Monsoon,9.0,Monday,24.2,1006.9,99.4,20.4,Clear
2204.0,2023-09-19,02:00,Monsoon,9.0,Tuesday,19.3,996.7,70.0,21.6,Heavy Rain
2205.0,2023-09-19,21:00,Monsoon,9.0,Tuesday,22.7,996.5,73.5,21.1,Cloudy
2207.0,2023-09-20,07:00,Monsoon,9.0,Wednesday,27.8,999.9,81.6,27.6,Heavy Rain
2206.0,2023-09-20,13:00,Monsoon,9.0,Wednesday,25.75,994.2,83.3,32.0,Light Rain
2208.0,2023-09-20,22:00,Monsoon,9.0,Wednesday,23.7,1001.7,80.7,24.1,Cloudy
2209.0,2023-09-21,03:00,Monsoon,9.0,Thursday,24.2,1004.0,81.4,23.4,Cloudy
2211.0,2023-09-21,10:00,Monsoon,9.0,Thursday,28.4,1001.6,81.8,21.0,Thunderstorm
2212.0,2023-09-21,10:00,Monsoon,9.0,Thursday,34.6,1001.2,86.1,22.5,Heavy Rain
2210.0,2023-09-21,19:00,Monsoon,9.0,Thursday,25.2,996.8,82.8,22.9,Clear
2214.0,2023-09-22,01:00,Monsoon,9.0,Friday,22.1,1001.3,85.3,25.1,Cloudy
2213.0,2023-09-22,10:00,Monsoon,9.0,Friday,35.0,1001.3,79.2,21.6,Partly Cloudy
2215.0,2023-09-22,16:00,Monsoon,9.0,Friday,28.3,1003.1,76.8,22.75,Clear
2217.0,2023-09-23,01:00,Monsoon,9.0,Saturday,21.3,999.1,74.9,23.9,Light Rain
2216.0,2023-09-23,08:00,Monsoon,9.0,Saturday,34.6,1004.5,93.7,24.6,Heavy Rain
2218.0,2023-09-23,23:00,Monsoon,9.0,Saturday,24.2,1001.6,80.5,20.2,Clear
2219.0,2023-09-24,14:00,Monsoon,9.0,Sunday,30.6,996.7,82.0,20.5,Thunderstorm
2220.0,2023-09-24,15:00,Monsoon,9.0,Sunday,28.1,999.2,100.0,25.0,Light Rain
2221.0,2023-09-25,03:00,Monsoon,9.0,Monday,20.0,1000.1,71.3,20.6,Cloudy
2224.0,2023-09-25,04:00,Monsoon,9.0,Monday,22.9,997.7,82.2,20.2,Cloudy
2222.0,2023-09-25,07:00,Monsoon,9.0,Monday,27.7,1001.7,68.7,21.4,Light Rain
2223.0,2023-09-25,08:00,Monsoon,9.0,Monday,27.6,998.5,73.8,25.2,Thunderstorm
2227.0,2023-09-26,06:00,Monsoon,9.0,Tuesday,26.3,1003.7,90.1,21.5,Cloudy
2226.0,2023-09-26,12:00,Monsoon,9.0,Tuesday,28.15,1004.4,93.5,21.1,Heavy Rain
2225.0,2023-09-26,15:00,Monsoon,9.0,Tuesday,30.0,999.6,82.7,21.4,Heavy Rain
2229.0,2023-09-26,16:00,Monsoon,9.0,Tuesday,30.3,1000.9,66.5,20.2,Cloudy
2228.0,2023-09-26,19:00,Monsoon,9.0,Tuesday,26.9,999.9,63.4,21.1,Light Rain
2230.0,2023-09-27,02:00,Monsoon,9.0,Wednesday,22.3,1001.0,81.3,22.4,Light Rain
2231.0,2023-09-27,04:00,Monsoon,9.0,Wednesday,24.1,995.2,76.7,26.7,Clear
2232.0,2023-09-27,18:00,Monsoon,9.0,Wednesday,24.6,998.3,98.0,28.7,Cloudy
2233.0,2023-09-28,11:00,Monsoon,9.0,Thursday,34.4,998.0,54.6,27.0,Light Rain
2236.0,2023-09-29,05:00,Monsoon,9.0,Friday,26.4,1003.9,76.4,22.0,Light Rain
2234.0,2023-09-29,06:00,Monsoon,9.0,Friday,28.0,1001.2,75.7,21.5,Cloudy
2235.0,2023-09-29,08:00,Monsoon,9.0,Friday,29.2,1005.6,76.3,25.2,Heavy Rain
2240.0,2023-09-30,02:00,Monsoon,9.0,Saturday,19.1,995.7,54.7,22.6,Light Rain
2238.0,2023-09-30,15:00,Monsoon,9.0,Saturday,32.7,1006.9,85.1,27.1,Partly Cloudy
2241.0,2023-09-30,20:00,Monsoon,9.0,Saturday,26.0,1003.4,83.2,21.9,Heavy Rain
2239.0,2023-09-30,22:00,Monsoon,9.0,Saturday,19.4,1002.4,70.5,25.6,Heavy Rain
2242.0,2023-10-01,03:00,Post-Monsoon,10.0,Sunday,19.7,1018.1,63.0,12.1,Clear
2243.0,2023-10-01,09:00,Post-Monsoon,10.0,Sunday,33.4,1007.7,68.1,19.1,Light Rain
2244.0,2023-10-02,04:00,Post-Monsoon,10.0,Monday,22.3,1005.8,68.9,22.5,Partly Cloudy
2247.0,2023-10-02,09:00,Post-Monsoon,10.0,Monday,27.9,1011.4,68.1,17.1,Haze
2245.0,2023-10-02,20:00,Post-Monsoon,10.0,Monday,24.2,1013.0,72.1,12.7,Clear
2246.0,2023-10-02,21:00,Post-Monsoon,10.0,Monday,19.6,1005.9,61.5,12.5,Haze
2249.0,2023-10-03,09:00,Post-Monsoon,10.0,Tuesday,33.6,1011.5,54.2,11.4,Clear
2251.0,2023-10-03,10:00,Post-Monsoon,10.0,Tuesday,29.1,1010.2,75.8,13.1,Clear
2248.0,2023-10-03,11:00,Post-Monsoon,10.0,Tuesday,30.7,1005.5,69.5,16.7,Clear
2250.0,2023-10-03,12:00,Post-Monsoon,10.0,Tuesday,32.6,1014.3,64.3,12.2,Cloudy
2254.0,2023-10-04,07:00,Post-Monsoon,10.0,Wednesday,22.1,1010.7,50.4,11.7,Clear
2255.0,2023-10-04,07:00,Post-Monsoon,10.0,Wednesday,20.0,1015.7,56.8,13.2,Partly Cloudy
2256.0,2023-10-04,07:00,Post-Monsoon,10.0,Wednesday,26.3,1015.6,63.2,19.2,Light Rain
2253.0,2023-10-04,15:00,Post-Monsoon,10.0,Wednesday,27.9,1013.8,78.9,14.2,Cloudy
2252.0,2023-10-04,21:00,Post-Monsoon,10.0,Wednesday,25.0,1013.65,47.9,12.3,Partly Cloudy
2258.0,2023-10-05,01:00,Post-Monsoon,10.0,Thursday,20.6,1013.5,71.8,12.0,Partly Cloudy
2260.0,2023-10-05,09:00,Post-Monsoon,10.0,Thursday,27.3,1011.9,69.3,13.2,Partly Cloudy
2259.0,2023-10-05,11:00,Post-Monsoon,10.0,Thursday,26.9,1019.0,55.3,19.8,Cloudy
2257.0,2023-10-05,12:00,Post-Monsoon,10.0,Thursday,29.8,1012.4,52.8,10.8,Cloudy
2262.0,2023-10-06,10:00,Post-Monsoon,10.0,Friday,25.7,1014.7,71.9,10.3,Partly Cloudy
2261.0,2023-10-06,11:00,Post-Monsoon,10.0,Friday,31.3,1011.0,58.0,16.6,Clear
2263.0,2023-10-06,14:00,Post-Monsoon,10.0,Friday,28.7,1014.8,73.1,11.7,Partly Cloudy
2266.0,2023-10-07,01:00,Post-Monsoon,10.0,Saturday,16.4,1015.4,53.1,16.6,Partly Cloudy
2268.0,2023-10-07,11:00,Post-Monsoon,10.0,Saturday,28.6,1012.1,66.7,12.5,Partly Cloudy
2264.0,2023-10-07,15:00,Post-Monsoon,10.0,Saturday,32.0,1015.2,54.6,19.9,Haze
2265.0,2023-10-07,16:00,Post-Monsoon,10.0,Saturday,24.5,1008.8,58.3,20.5,Cloudy
2267.0,2023-10-07,17:00,Post-Monsoon,10.0,Saturday,25.5,1009.1,67.2,11.5,Cloudy
2273.0,2023-10-08,05:00,Post-Monsoon,10.0,Sunday,14.4,1008.6,63.3,11.8,Haze
2272.0,2023-10-08,16:00,Post-Monsoon,10.0,Sunday,24.4,1016.7,56.2,14.3,Clear
2271.0,2023-10-08,17:00,Post-Monsoon,10.0,Sunday,25.8,1013.7,70.2,16.5,Partly Cloudy
2269.0,2023-10-08,18:00,Post-Monsoon,10.0,Sunday,26.5,1015.6,68.1,13.8,Clear
2270.0,2023-10-08,22:00,Post-Monsoon,10.0,Sunday,19.4,1010.5,68.3,13.6,Light Rain
2274.0,2023-10-09,14:00,Post-Monsoon,10.0,Monday,28.4,1009.3,55.5,18.6,Cloudy
2278.0,2023-10-10,00:00,Post-Monsoon,10.0,Tuesday,20.6,1015.5,68.8,11.0,Clear
2277.0,2023-10-10,02:00,Post-Monsoon,10.0,Tuesday,17.3,1010.9,80.1,19.8,Cloudy
2283.0,2023-10-10,03:00,Post-Monsoon,10.0,Tuesday,21.3,1010.8,59.1,11.7,Clear
2276.0,2023-10-10,05:00,Post-Monsoon,10.0,Tuesday,23.0,1009.5,64.8,16.7,Clear
2279.0,2023-10-10,12:00,Post-Monsoon,10.0,Tuesday,31.1,1007.1,67.7,25.4,Clear
2282.0,2023-10-10,12:00,Post-Monsoon,10.0,Tuesday,28.9,1012.1,56.6,16.6,Haze
2281.0,2023-10-10,13:00,Post-Monsoon,10.0,Tuesday,29.1,1007.9,88.2,10.6,Cloudy
2280.0,2023-10-10,20:00,Post-Monsoon,10.0,Tuesday,22.8,1012.4,66.7,10.4,Cloudy
2284.0,2023-10-11,06:00,Post-Monsoon,10.0,Wednesday,25.2,1012.8,67.8,17.1,Partly Cloudy
2285.0,2023-10-11,21:00,Post-Monsoon,10.0,Wednesday,23.5,1016.5,59.0,19.2,Partly Cloudy
2287.0,2023-10-12,06:00,Post-Monsoon,10.0,Thursday,25.5,1009.6,69.1,10.8,Haze
2286.0,2023-10-12,09:00,Post-Monsoon,10.0,Thursday,28.2,1009.8,64.8,16.9,Partly Cloudy
2288.0,2023-10-12,20:00,Post-Monsoon,10.0,Thursday,22.1,1011.4,57.8,25.9,Clear
2289.0,2023-10-13,14:00,Post-Monsoon,10.0,Friday,30.4,1014.7,83.6,13.5,Clear
2291.0,2023-10-14,03:00,Post-Monsoon,10.0,Saturday,22.9,1009.3,81.4,13.8,Haze
2290.0,2023-10-14,14:00,Post-Monsoon,10.0,Saturday,27.4,1009.6,74.9,15.4,Partly Cloudy
2294.0,2023-10-15,05:00,Post-Monsoon,10.0,Sunday,25.5,1009.3,77.4,12.7,Haze
2292.0,2023-10-15,22:00,Post-Monsoon,10.0,Sunday,23.1,1009.6,41.7,11.8,Clear
2293.0,2023-10-15,22:00,Post-Monsoon,10.0,Sunday,20.7,1012.0,62.4,16.7,Haze
2295.0,2023-10-15,23:00,Post-Monsoon,10.0,Sunday,20.9,1010.6,59.1,26.6,Cloudy
2297.0,2023-10-16,04:00,Post-Monsoon,10.0,Monday,21.2,1003.9,57.5,13.7,Clear
2299.0,2023-10-16,11:00,Post-Monsoon,10.0,Monday,30.2,1008.9,64.4,11.8,Cloudy
2296.0,2023-10-16,19:00,Post-Monsoon,10.0,Monday,22.2,1004.1,71.4,15.5,Cloudy
2298.0,2023-10-16,19:00,Post-Monsoon,10.0,Monday,25.9,1011.3,74.6,12.2,Light Rain
2300.0,2023-10-17,00:00,Post-Monsoon,10.0,Tuesday,19.1,1007.1,68.5,17.7,Partly Cloudy
2302.0,2023-10-17,00:00,Post-Monsoon,10.0,Tuesday,16.1,1010.7,64.9,15.1,Partly Cloudy
2303.0,2023-10-17,04:00,Post-Monsoon,10.0,Tuesday,25.5,1013.4,56.8,12.5,Clear
2301.0,2023-10-17,07:00,Post-Monsoon,10.0,Tuesday,23.3,1015.2,53.6,11.3,Clear
2307.0,2023-10-18,02:00,Post-Monsoon,10.0,Wednesday,22.0,1005.0,83.0,13.8,Partly Cloudy
2305.0,2023-10-18,05:00,Post-Monsoon,10.0,Wednesday,23.4,1014.8,80.3,12.8,Partly Cloudy
2304.0,2023-10-18,21:00,Post-Monsoon,10.0,Wednesday,21.9,1011.5,55.4,13.7,Haze
2309.0,2023-10-19,04:00,Post-Monsoon,10.0,Thursday,20.7,1009.5,65.2,10.7,Cloudy
2311.0,2023-10-19,13:00,Post-Monsoon,10.0,Thursday,31.1,1009.0,64.7,12.7,Partly Cloudy
2308.0,2023-10-19,14:00,Post-Monsoon,10.0,Thursday,32.4,1010.9,71.6,15.1,Clear
2310.0,2023-10-19,23:00,Post-Monsoon,10.0,Thursday,18.8,1006.9,54.5,11.0,Cloudy
2314.0,2023-10-20,05:00,Post-Monsoon,10.0,Friday,19.4,1009.7,85.7,11.4,Partly Cloudy
2313.0,2023-10-20,15:00,Post-Monsoon,10.0,Friday,25.4,1009.9,60.2,16.7,Clear
2312.0,2023-10-20,17:00,Post-Monsoon,10.0,Friday,21.049999999999997,1011.2,64.0,15.9,Partly Cloudy
2315.0,2023-10-20,23:00,Post-Monsoon,10.0,Friday,16.7,1010.0,67.5,16.6,Cloudy
2319.0,2023-10-21,06:00,Post-Monsoon,10.0,Saturday,22.0,1016.8,70.8,10.4,Partly Cloudy
2318.0,2023-10-21,07:00,Post-Monsoon,10.0,Saturday,25.1,1011.6,51.8,11.5,Partly Cloudy
2320.0,2023-10-21,07:00,Post-Monsoon,10.0,Saturday,24.2,1015.2,73.1,12.5,Cloudy
2321.0,2023-10-21,12:00,Post-Monsoon,10.0,Saturday,34.2,1009.9,66.6,10.1,Cloudy
2316.0,2023-10-21,13:00,Post-Monsoon,10.0,Saturday,29.3,1008.7,71.5,16.3,Cloudy
2317.0,2023-10-21,23:00,Post-Monsoon,10.0,Saturday,17.2,1008.2,71.7,13.8,Haze
2324.0,2023-10-22,01:00,Post-Monsoon,10.0,Sunday,18.4,1009.2,54.3,14.8,Partly Cloudy
2322.0,2023-10-22,05:00,Post-Monsoon,10.0,Sunday,22.2,1006.8,68.5,19.1,Clear
2325.0,2023-10-22,07:00,Post-Monsoon,10.0,Sunday,23.8,1012.1,77.1,12.2,Partly Cloudy
2326.0,2023-10-22,10:00,Post-Monsoon,10.0,Sunday,26.5,1012.6,66.4,22.9,Haze
2323.0,2023-10-22,17:00,Post-Monsoon,10.0,Sunday,24.8,1010.7,80.5,10.4,Clear
2327.0,2023-10-23,00:00,Post-Monsoon,10.0,Monday,18.6,1009.6,78.4,11.3,Cloudy
2329.0,2023-10-23,05:00,Post-Monsoon,10.0,Monday,26.7,1012.4,60.3,20.9,Cloudy
2330.0,2023-10-23,15:00,Post-Monsoon,10.0,Monday,27.8,1008.3,59.5,18.4,Partly Cloudy
2328.0,2023-10-23,21:00,Post-Monsoon,10.0,Monday,16.6,1009.1,65.7,15.1,Light Rain
2335.0,2023-10-24,02:00,Post-Monsoon,10.0,Tuesday,17.5,1016.3,71.2,16.3,Cloudy
2334.0,2023-10-24,09:00,Post-Monsoon,10.0,Tuesday,26.8,1018.0,68.0,12.8,Partly Cloudy
2333.0,2023-10-24,10:00,Post-Monsoon,10.0,Tuesday,28.6,1009.7,52.9,18.7,Cloudy
2332.0,2023-10-24,11:00,Post-Monsoon,10.0,Tuesday,28.1,1009.6,70.3,11.9,Clear
2336.0,2023-10-24,12:00,Post-Monsoon,10.0,Tuesday,28.8,1003.9,75.6,18.2,Haze
2337.0,2023-10-25,02:00,Post-Monsoon,10.0,Wednesday,18.1,1009.2,85.6,16.7,Cloudy
2340.0,2023-10-25,12:00,Post-Monsoon,10.0,Wednesday,31.1,1011.2,72.2,15.2,Cloudy
2338.0,2023-10-25,14:00,Post-Monsoon,10.0,Wednesday,29.7,1015.1,73.3,15.8,Clear
2339.0,2023-10-25,15:00,Post-Monsoon,10.0,Wednesday,28.5,1009.4,55.6,12.1,Cloudy
2341.0,2023-10-25,16:00,Post-Monsoon,10.0,Wednesday,27.0,1010.8,67.8,14.3,Partly Cloudy
2342.0,2023-10-26,02:00,Post-Monsoon,10.0,Thursday,17.0,1015.6,45.2,10.0,Haze
2344.0,2023-10-26,10:00,Post-Monsoon,10.0,Thursday,24.3,1016.3,55.0,12.7,Clear
2348.0,2023-10-26,10:00,Post-Monsoon,10.0,Thursday,28.4,1013.9,56.3,10.9,Partly Cloudy
2349.0,2023-10-26,15:00,Post-Monsoon,10.0,Thursday,31.0,1009.6,66.5,17.4,Cloudy
2346.0,2023-10-26,18:00,Post-Monsoon,10.0,Thursday,22.1,1012.7,62.5,18.2,Partly Cloudy
2343.0,2023-10-26,19:00,Post-Monsoon,10.0,Thursday,27.2,1013.4,56.3,16.6,Partly Cloudy
2345.0,2023-10-26,20:00,Post-Monsoon,10.0,Thursday,21.5,1016.5,51.6,16.2,Cloudy
2350.0,2023-10-26,20:00,Post-Monsoon,10.0,Thursday,20.3,1008.9,64.3,15.1,Light Rain
2347.0,2023-10-26,21:00,Post-Monsoon,10.0,Thursday,18.6,1008.9,72.8,16.0,Partly Cloudy
2351.0,2023-10-27,02:00,Post-Monsoon,10.0,Friday,21.1,1008.9,70.5,16.0,Haze
2353.0,2023-10-27,05:00,Post-Monsoon,10.0,Friday,25.7,1013.7,62.6,10.9,Haze
2354.0,2023-10-27,13:00,Post-Monsoon,10.0,Friday,30.3,1012.4,77.2,16.4,Light Rain
2352.0,2023-10-27,21:00,Post-Monsoon,10.0,Friday,21.4,1010.8,45.0,10.4,Light Rain
2355.0,2023-10-27,23:00,Post-Monsoon,10.0,Friday,19.2,1011.6,56.1,16.8,Haze
2358.0,2023-10-28,03:00,Post-Monsoon,10.0,Saturday,14.2,1003.3,76.2,13.6,Clear
2361.0,2023-10-28,10:00,Post-Monsoon,10.0,Saturday,25.8,1010.7,70.7,14.5,Light Rain
2360.0,2023-10-28,14:00,Post-Monsoon,10.0,Saturday,27.3,1012.2,81.6,16.0,Haze
2357.0,2023-10-28,16:00,Post-Monsoon,10.0,Saturday,25.5,1013.8,64.3,11.4,Partly Cloudy
2356.0,2023-10-28,17:00,Post-Monsoon,10.0,Saturday,26.5,1009.8,66.6,14.1,Partly Cloudy
2359.0,2023-10-28,22:00,Post-Monsoon,10.0,Saturday,17.3,1015.7,52.9,15.1,Clear
2362.0,2023-10-29,02:00,Post-Monsoon,10.0,Sunday,17.7,1006.6,53.6,14.5,Cloudy
2363.0,2023-10-29,02:00,Post-Monsoon,10.0,Sunday,18.7,1017.7,61.8,18.0,Haze
2364.0,2023-10-29,15:00,Post-Monsoon,10.0,Sunday,25.4,1011.2,79.9,13.6,Light Rain
2365.0,2023-10-30,04:00,Post-Monsoon,10.0,Monday,26.8,1008.1,68.6,12.4,Partly Cloudy
2367.0,2023-10-31,09:00,Post-Monsoon,10.0,Tuesday,29.1,1013.5,71.3,11.7,Clear
2368.0,2023-10-31,18:00,Post-Monsoon,10.0,Tuesday,28.5,1013.7,66.9,10.6,Partly Cloudy
2366.0,2023-10-31,20:00,Post-Monsoon,10.0,Tuesday,21.8,1017.1,71.7,10.9,Clear
2372.0,2023-11-01,01:00,Post-Monsoon,11.0,Wednesday,15.2,1005.3,65.6,16.0,Light Rain
2369.0,2023-11-01,03:00,Post-Monsoon,11.0,Wednesday,18.3,1009.1,60.8,11.4,Cloudy
2373.0,2023-11-01,09:00,Post-Monsoon,11.0,Wednesday,31.4,1018.9,91.4,10.4,Partly Cloudy
2371.0,2023-11-01,10:00,Post-Monsoon,11.0,Wednesday,31.3,1015.1,78.6,10.2,Light Rain
2374.0,2023-11-01,10:00,Post-Monsoon,11.0,Wednesday,31.5,1017.1,60.3,14.8,Partly Cloudy
2376.0,2023-11-01,15:00,Post-Monsoon,11.0,Wednesday,28.1,1009.2,68.4,20.0,Cloudy
2370.0,2023-11-01,18:00,Post-Monsoon,11.0,Wednesday,24.3,1015.4,68.5,11.3,Partly Cloudy
2375.0,2023-11-01,19:00,Post-Monsoon,11.0,Wednesday,22.4,1013.8499999999999,57.6,18.6,Cloudy
2382.0,2023-11-03,01:00,Post-Monsoon,11.0,Friday,17.7,1012.3,41.2,25.9,Clear
2384.0,2023-11-03,04:00,Post-Monsoon,11.0,Friday,19.9,1015.5,46.2,13.9,CLOUDY
2380.0,2023-11-03,10:00,Post-Monsoon,11.0,Friday,31.2,1016.7,55.5,15.2,Cloudy
2381.0,2023-11-03,13:00,Post-Monsoon,11.0,Friday,28.7,1013.0,65.6,13.9,Cloudy
2377.0,2023-11-03,18:00,Post-Monsoon,11.0,Friday,23.9,1008.95,57.9,15.5,Clear
2378.0,2023-11-03,22:00,Post-Monsoon,11.0,Friday,21.0,1004.9,56.5,19.2,Cloudy
2383.0,2023-11-03,22:00,Post-Monsoon,11.0,Friday,19.9,1014.0,61.0,16.0,Clear
2379.0,2023-11-03,23:00,Post-Monsoon,11.0,Friday,17.6,1011.9,79.6,20.5,Partly Cloudy
2385.0,2023-11-04,04:00,Post-Monsoon,11.0,Saturday,26.2,1015.4,86.3,11.4,Cloudy
2388.0,2023-11-04,11:00,Post-Monsoon,11.0,Saturday,34.8,1007.6,64.3,12.2,Clear
2389.0,2023-11-04,17:00,Post-Monsoon,11.0,Saturday,28.6,1012.6,59.6,10.2,Clear
2386.0,2023-11-04,18:00,Post-Monsoon,11.0,Saturday,27.5,1009.4,52.4,13.6,Light Rain
2387.0,2023-11-04,20:00,Post-Monsoon,11.0,Saturday,20.0,1013.9,75.1,15.5,Clear
2390.0,2023-11-05,03:00,Post-Monsoon,11.0,Sunday,15.7,1016.0,53.1,11.5,Partly Cloudy
2393.0,2023-11-06,09:00,Post-Monsoon,11.0,Monday,27.5,1014.1,74.4,15.3,Haze
2392.0,2023-11-06,16:00,Post-Monsoon,11.0,Monday,26.1,1018.1,69.4,13.9,Cloudy
2394.0,2023-11-06,19:00,Post-Monsoon,11.0,Monday,24.1,1010.2,57.9,17.1,Clear
2391.0,2023-11-06,21:00,Post-Monsoon,11.0,Monday,22.4,1006.9,74.4,14.7,Clear
2395.0,2023-11-07,05:00,Post-Monsoon,11.0,Tuesday,18.6,1013.3,61.5,19.7,Partly Cloudy
2397.0,2023-11-07,10:00,Post-Monsoon,11.0,Tuesday,28.8,1009.9,60.6,12.2,Cloudy
2398.0,2023-11-07,10:00,Post-Monsoon,11.0,Tuesday,32.2,1009.0,79.7,11.8,Partly Cloudy
2396.0,2023-11-07,13:00,Post-Monsoon,11.0,Tuesday,30.1,1016.7,76.6,14.2,Clear
2399.0,2023-11-07,17:00,Post-Monsoon,11.0,Tuesday,28.5,1013.1,60.4,12.5,Partly Cloudy
2402.0,2023-11-07,17:00,Post-Monsoon,11.0,Tuesday,23.4,1016.4,73.5,10.8,Cloudy
2401.0,2023-11-07,21:00,Post-Monsoon,11.0,Tuesday,22.8,1014.5,81.2,11.2,Haze
2400.0,2023-11-07,22:00,Post-Monsoon,11.0,Tuesday,19.4,1015.0,82.0,12.5,Cloudy
2403.0,2023-11-07,23:00,Post-Monsoon,11.0,Tuesday,17.3,1019.8,66.3,13.1,Clear
2405.0,2023-11-08,10:00,Post-Monsoon,11.0,Wednesday,33.0,1014.3,70.9,15.3,Clear
2406.0,2023-11-08,20:00,Post-Monsoon,11.0,Wednesday,19.6,1007.7,71.1,13.7,Haze
2408.0,2023-11-09,04:00,Post-Monsoon,11.0,Thursday,24.3,1011.1,57.7,14.5,Clear
2407.0,2023-11-09,11:00,Post-Monsoon,11.0,Thursday,29.3,1017.0,61.3,12.1,Cloudy
2409.0,2023-11-09,22:00,Post-Monsoon,11.0,Thursday,21.1,1010.9,65.9,15.3,Clear
2410.0,2023-11-12,08:00,Post-Monsoon,11.0,Sunday,24.3,1011.7,56.4,15.7,Partly Cloudy
2411.0,2023-11-12,08:00,Post-Monsoon,11.0,Sunday,27.7,1011.1,79.0,18.049999999999997,Cloudy
2412.0,2023-11-12,21:00,Post-Monsoon,11.0,Sunday,26.6,1010.3,47.3,20.4,Clear
2416.0,2023-11-13,00:00,Post-Monsoon,11.0,Monday,15.0,1015.3,60.5,13.7,Partly Cloudy
2418.0,2023-11-13,03:00,Post-Monsoon,11.0,Monday,21.1,1006.2,55.3,15.1,Haze
2417.0,2023-11-13,06:00,Post-Monsoon,11.0,Monday,24.9,1018.1,74.3,15.5,Partly Cloudy
2413.0,2023-11-13,09:00,Post-Monsoon,11.0,Monday,28.9,1011.4,34.0,12.0,Clear
2415.0,2023-11-13,18:00,Post-Monsoon,11.0,Monday,19.1,1012.8,75.3,15.7,Cloudy
2414.0,2023-11-13,21:00,Post-Monsoon,11.0,Monday,18.5,1020.1,51.2,14.6,Clear
2419.0,2023-11-14,00:00,Post-Monsoon,11.0,Tuesday,16.7,1012.2,69.3,10.5,Partly Cloudy
2420.0,2023-11-14,14:00,Post-Monsoon,11.0,Tuesday,30.8,1005.1,61.8,10.4,Clear
2421.0,2023-11-15,07:00,Post-Monsoon,11.0,Wednesday,20.1,1016.6,70.8,13.9,Cloudy
2422.0,2023-11-15,11:00,Post-Monsoon,11.0,Wednesday,27.6,1010.0,80.9,16.4,Partly Cloudy
2423.0,2023-11-15,21:00,Post-Monsoon,11.0,Wednesday,20.9,1006.5,62.4,14.3,Clear
2428.0,2023-11-16,13:00,Post-Monsoon,11.0,Thursday,31.3,1009.9,60.8,19.3,Partly Cloudy
2429.0,2023-11-16,13:00,Post-Monsoon,11.0,Thursday,31.0,1009.2,69.3,21.4,Partly Cloudy
2426.0,2023-11-16,14:00,Post-Monsoon,11.0,Thursday,32.9,1007.5,80.2,12.4,Light Rain
2425.0,2023-11-16,17:00,Post-Monsoon,11.0,Thursday,23.9,1011.4,65.4,16.5,Partly Cloudy
2430.0,2023-11-16,17:00,Post-Monsoon,11.0,Thursday,25.2,1008.3,62.4,13.3,Haze
2424.0,2023-11-16,21:00,Post-Monsoon,11.0,Thursday,18.2,1014.1,60.7,11.6,Clear
2433.0,2023-11-17,15:00,Post-Monsoon,11.0,Friday,22.1,1013.9,75.0,14.5,Light Rain
2432.0,2023-11-17,17:00,Post-Monsoon,11.0,Friday,24.1,1013.6,67.3,17.8,Clear
2431.0,2023-11-17,19:00,Post-Monsoon,11.0,Friday,26.4,1013.9,51.8,11.9,Partly Cloudy
2434.0,2023-11-18,00:00,Post-Monsoon,11.0,Saturday,19.5,1013.8,63.9,16.0,Clear
2436.0,2023-11-18,10:00,Post-Monsoon,11.0,Saturday,28.0,1009.5,51.5,11.0,Partly Cloudy
2438.0,2023-11-18,11:00,Post-Monsoon,11.0,Saturday,29.0,1015.2,69.4,14.7,Partly Cloudy
2437.0,2023-11-18,14:00,Post-Monsoon,11.0,Saturday,36.0,1003.3,65.5,16.7,Clear
2435.0,2023-11-18,22:00,Post-Monsoon,11.0,Saturday,20.8,1012.0,70.4,17.0,Partly Cloudy
2442.0,2023-11-19,05:00,Post-Monsoon,11.0,Sunday,17.0,1013.3,53.7,14.8,Cloudy
2439.0,2023-11-19,07:00,Post-Monsoon,11.0,Sunday,22.9,1009.1,61.6,10.4,Haze
2441.0,2023-11-19,19:00,Post-Monsoon,11.0,Sunday,23.3,1011.2,85.8,10.0,Clear
2440.0,2023-11-19,21:00,Post-Monsoon,11.0,Sunday,19.3,1012.5,52.5,15.2,Clear
2447.0,2023-11-20,01:00,Post-Monsoon,11.0,Monday,18.6,1009.5,48.7,10.8,Clear
2443.0,2023-11-20,02:00,Post-Monsoon,11.0,Monday,15.9,1014.7,56.4,10.2,Clear
2448.0,2023-11-20,04:00,Post-Monsoon,11.0,Monday,21.9,1012.8,64.2,10.6,Haze
2445.0,2023-11-20,12:00,Post-Monsoon,11.0,Monday,32.6,1003.4,64.2,10.3,Light Rain
2446.0,2023-11-20,12:00,Post-Monsoon,11.0,Monday,27.2,1007.2,69.4,16.6,Partly Cloudy
2444.0,2023-11-20,23:00,Post-Monsoon,11.0,Monday,20.1,1013.6,70.5,16.8,Light Rain
2451.0,2023-11-21,01:00,Post-Monsoon,11.0,Tuesday,15.1,1009.5,68.6,16.8,Haze
2452.0,2023-11-21,03:00,Post-Monsoon,11.0,Tuesday,17.6,1015.7,65.8,13.2,Partly Cloudy
2450.0,2023-11-21,05:00,Post-Monsoon,11.0,Tuesday,22.3,1014.6,72.5,17.7,Cloudy
2454.0,2023-11-21,10:00,Post-Monsoon,11.0,Tuesday,24.65,1012.8,47.3,10.7,Partly Cloudy
2449.0,2023-11-21,16:00,Post-Monsoon,11.0,Tuesday,27.0,1010.6,47.8,10.7,Partly Cloudy
2453.0,2023-11-21,21:00,Post-Monsoon,11.0,Tuesday,17.7,1009.1,65.7,22.9,Clear
2455.0,2023-11-22,07:00,Post-Monsoon,11.0,Wednesday,29.1,1008.2,58.8,11.7,Haze
2457.0,2023-11-22,07:00,Post-Monsoon,11.0,Wednesday,23.1,1013.9,64.8,11.5,Cloudy
2458.0,2023-11-22,10:00,Post-Monsoon,11.0,Wednesday,29.3,1015.3,73.0,12.8,Clear
2456.0,2023-11-22,11:00,Post-Monsoon,11.0,Wednesday,23.6,1010.8,64.2,13.4,Partly Cloudy
2459.0,2023-11-22,21:00,Post-Monsoon,11.0,Wednesday,19.5,1012.5,53.9,16.0,Cloudy
2461.0,2023-11-23,07:00,Post-Monsoon,11.0,Thursday,27.5,1011.5,43.2,10.3,Haze
2462.0,2023-11-23,07:00,Post-Monsoon,11.0,Thursday,21.9,1010.4,59.7,12.7,Light Rain
2463.0,2023-11-23,16:00,Post-Monsoon,11.0,Thursday,22.2,1014.0,73.6,15.1,Cloudy
2460.0,2023-11-23,19:00,Post-Monsoon,11.0,Thursday,23.3,1012.5,55.7,20.3,Partly Cloudy
2470.0,2023-11-24,06:00,Post-Monsoon,11.0,Friday,23.0,1013.7,59.6,10.8,Clear
2469.0,2023-11-24,10:00,Post-Monsoon,11.0,Friday,26.7,1016.7,67.5,21.4,Partly Cloudy
2468.0,2023-11-24,13:00,Post-Monsoon,11.0,Friday,29.8,1013.5,65.8,14.2,Partly Cloudy
2467.0,2023-11-24,15:00,Post-Monsoon,11.0,Friday,26.4,1006.2,71.8,10.5,Partly Cloudy
2464.0,2023-11-24,19:00,Post-Monsoon,11.0,Friday,23.9,1014.0,73.65,12.9,Partly Cloudy
2465.0,2023-11-24,19:00,Post-Monsoon,11.0,Friday,20.6,1002.8,75.5,15.7,Haze
2466.0,2023-11-24,22:00,Post-Monsoon,11.0,Friday,20.4,1011.5,92.2,22.2,Partly Cloudy
2472.0,2023-11-26,12:00,Post-Monsoon,11.0,Sunday,29.1,1009.8,69.7,16.6,Haze
2471.0,2023-11-26,15:00,Post-Monsoon,11.0,Sunday,27.0,1012.8,51.3,12.8,Cloudy
2473.0,2023-11-27,14:00,Post-Monsoon,11.0,Monday,26.5,1015.5,74.3,15.9,Cloudy
2475.0,2023-11-28,15:00,Post-Monsoon,11.0,Tuesday,24.7,1005.3,79.2,13.7,Partly Cloudy
2476.0,2023-11-28,20:00,Post-Monsoon,11.0,Tuesday,24.3,1001.3,81.6,12.6,Light Rain
2479.0,2023-11-29,08:00,Post-Monsoon,11.0,Wednesday,28.6,1014.7,65.2,12.5,Clear
2477.0,2023-11-29,22:00,Post-Monsoon,11.0,Wednesday,20.9,1019.8,55.3,12.0,Haze
2478.0,2023-11-29,23:00,Post-Monsoon,11.0,Wednesday,24.1,1006.5,64.4,10.2,Light Rain
2480.0,2023-11-30,02:00,Post-Monsoon,11.0,Thursday,23.2,1013.6,68.7,14.3,Cloudy
2483.0,2023-11-30,04:00,Post-Monsoon,11.0,Thursday,19.1,1014.8,52.0,12.2,Haze
2481.0,2023-11-30,18:00,Post-Monsoon,11.0,Thursday,24.4,1017.4,52.5,17.3,Light Rain
2482.0,2023-11-30,19:00,Post-Monsoon,11.0,Thursday,16.9,1007.5,63.8,12.3,Light Rain
2488.0,2023-12-01,07:00,Winter,12.0,Friday,20.6,1015.1,64.6,9.0,Clear
2484.0,2023-12-01,09:00,Winter,12.0,Friday,25.9,1020.2,61.7,10.3,Partly Cloudy
2491.0,2023-12-01,13:00,Winter,12.0,Friday,23.2,1016.7,45.4,12.6,Cloudy
2486.0,2023-12-01,14:00,Winter,12.0,Friday,24.8,1013.2,56.4,10.3,Fog
2489.0,2023-12-01,14:00,Winter,12.0,Friday,23.5,1016.5,60.5,19.3,Haze
2485.0,2023-12-01,16:00,Winter,12.0,Friday,20.2,1021.8,60.1,12.3,Cloudy
2490.0,2023-12-01,20:00,Winter,12.0,Friday,19.8,1019.0,53.7,10.6,Clear
2487.0,2023-12-01,22:00,Winter,12.0,Friday,10.5,1022.8,69.3,13.0,Clear
2493.0,2023-12-02,06:00,Winter,12.0,Saturday,19.6,1016.6,51.3,10.4,Haze
2492.0,2023-12-02,19:00,Winter,12.0,Saturday,12.2,1011.0,34.0,16.5,Clear
2496.0,2023-12-03,11:00,Winter,12.0,Sunday,26.2,1019.5,63.8,14.5,Fog
2494.0,2023-12-03,20:00,Winter,12.0,Sunday,12.7,1010.7,48.4,12.3,Partly Cloudy
2495.0,2023-12-03,22:00,Winter,12.0,Sunday,10.1,1016.2,72.9,8.0,Clear
2499.0,2023-12-04,09:00,Winter,12.0,Monday,22.8,1022.6,52.1,13.8,Clear
2497.0,2023-12-04,16:00,Winter,12.0,Monday,17.0,1015.5,40.2,15.9,Cloudy
2498.0,2023-12-04,16:00,Winter,12.0,Monday,25.2,1016.2,51.1,8.4,Cloudy
2503.0,2023-12-05,01:00,Winter,12.0,Tuesday,15.1,1011.5,53.9,11.3,Clear
2502.0,2023-12-05,10:00,Winter,12.0,Tuesday,26.6,1018.1,45.3,9.9,Fog
2501.0,2023-12-05,13:00,Winter,12.0,Tuesday,23.5,1017.0,66.6,13.2,Clear
2500.0,2023-12-05,18:00,Winter,12.0,Tuesday,14.6,1021.5,51.4,13.5,Fog
2507.0,2023-12-06,01:00,Winter,12.0,Wednesday,13.7,1016.4,49.7,10.5,Clear
2506.0,2023-12-06,11:00,Winter,12.0,Wednesday,25.4,1011.3,39.1,11.6,Clear
2508.0,2023-12-07,19:00,Winter,12.0,Thursday,12.4,1017.1,30.9,9.4,Clear
2510.0,2023-12-08,05:00,Winter,12.0,Friday,13.9,1022.7,63.3,10.5,Partly Cloudy
2509.0,2023-12-08,17:00,Winter,12.0,Friday,18.0,1019.8,57.8,16.3,Cloudy
2511.0,2023-12-08,23:00,Winter,12.0,Friday,12.4,1018.3,57.9,15.6,Clear
2512.0,2023-12-09,09:00,Winter,12.0,Saturday,22.9,1015.3,68.5,19.9,Clear
2513.0,2023-12-09,19:00,Winter,12.0,Saturday,13.3,1020.9,40.2,24.4,Clear
2515.0,2023-12-10,04:00,Winter,12.0,Sunday,23.0,1014.5,60.2,10.4,Cloudy
2514.0,2023-12-10,14:00,Winter,12.0,Sunday,23.4,1022.2,51.0,14.95,Clear
2516.0,2023-12-10,19:00,Winter,12.0,Sunday,15.2,1021.1,32.0,19.5,Partly Cloudy
2517.0,2023-12-11,02:00,Winter,12.0,Monday,13.1,1020.3,50.9,11.7,Fog
2518.0,2023-12-11,04:00,Winter,12.0,Monday,14.8,1018.4,48.6,15.1,Partly Cloudy
2519.0,2023-12-11,07:00,Winter,12.0,Monday,25.1,1018.2,42.9,10.6,Clear
2520.0,2023-12-11,07:00,Winter,12.0,Monday,19.9,1018.4,32.7,8.6,Cloudy
2521.0,2023-12-11,07:00,Winter,12.0,Monday,18.9,1018.4,68.4,14.6,Haze
2522.0,2023-12-11,11:00,Winter,12.0,Monday,24.0,1017.3,67.6,14.8,haze
2525.0,2023-12-12,07:00,Winter,12.0,Tuesday,24.0,1009.3,61.4,13.1,Partly Cloudy
2526.0,2023-12-12,10:00,Winter,12.0,Tuesday,21.4,1021.9,68.9,14.8,Partly Cloudy
2524.0,2023-12-12,22:00,Winter,12.0,Tuesday,15.8,1011.9,65.05000000000001,10.1,Clear
2523.0,2023-12-12,23:00,Winter,12.0,Tuesday,15.2,1018.0,61.2,14.850000000000001,Clear
2528.0,2023-12-13,07:00,Winter,12.0,Wednesday,22.3,1020.3,72.5,19.6,Partly Cloudy
2527.0,2023-12-13,13:00,Winter,12.0,Wednesday,23.1,1016.6,57.9,14.8,Clear
2529.0,2023-12-14,23:00,Winter,12.0,Thursday,8.7,1019.3,59.0,20.6,Clear
2533.0,2023-12-15,03:00,Winter,12.0,Friday,17.1,1024.2,51.4,8.4,Clear
2535.0,2023-12-15,03:00,Winter,12.0,Friday,15.7,1020.9,48.15,13.4,Clear
2531.0,2023-12-15,06:00,Winter,12.0,Friday,12.6,1016.4,44.9,14.8,Clear
2530.0,2023-12-15,09:00,Winter,12.0,Friday,19.2,1023.9,60.1,9.2,Partly Cloudy
2534.0,2023-12-15,12:00,Winter,12.0,Friday,21.5,1020.5,56.4,11.3,Fog
2532.0,2023-12-15,16:00,Winter,12.0,Friday,19.4,1018.0,57.7,12.45,Clear
2538.0,2023-12-16,03:00,Winter,12.0,Saturday,14.7,1015.5,59.0,13.6,Clear
2536.0,2023-12-16,04:00,Winter,12.0,Saturday,12.6,1017.3,75.3,18.6,Clear
2537.0,2023-12-16,21:00,Winter,12.0,Saturday,13.1,1014.5,51.1,16.9,Cloudy
2540.0,2023-12-17,05:00,Winter,12.0,Sunday,18.75,1023.1,48.7,10.5,Fog
2539.0,2023-12-17,17:00,Winter,12.0,Sunday,24.4,1015.1,71.0,16.7,Partly Cloudy
2541.0,2023-12-18,23:00,Winter,12.0,Monday,11.4,1019.6,45.3,14.1,Haze
2542.0,2023-12-18,23:00,Winter,12.0,Monday,9.1,1021.6,51.4,9.5,Clear
2544.0,2023-12-19,21:00,Winter,12.0,Tuesday,11.3,1019.25,67.1,13.0,Clear
2543.0,2023-12-19,22:00,Winter,12.0,Tuesday,12.4,1016.9,51.7,12.5,Clear
2545.0,2023-12-20,01:00,Winter,12.0,Wednesday,12.6,1021.7,38.0,9.6,Cloudy
2546.0,2023-12-20,22:00,Winter,12.0,Wednesday,9.9,1019.0,53.4,16.7,Cloudy
2549.0,2023-12-21,04:00,Winter,12.0,Thursday,12.3,1013.6,63.4,8.2,Fog
2547.0,2023-12-21,10:00,Winter,12.0,Thursday,23.6,1019.9,38.3,8.2,Haze
2548.0,2023-12-21,13:00,Winter,12.0,Thursday,23.7,1019.5,59.9,17.8,Partly Cloudy
2550.0,2023-12-22,05:00,Winter,12.0,Friday,15.0,1016.1,69.0,9.2,Clear
2551.0,2023-12-22,09:00,Winter,12.0,Friday,28.5,1019.2,41.5,9.3,Partly Cloudy
2552.0,2023-12-23,07:00,Winter,12.0,Saturday,23.7,1019.9,32.1,16.0,Fog
2553.0,2023-12-24,13:00,Winter,12.0,Sunday,20.4,1014.6,43.5,14.5,Clear
2554.0,2023-12-24,23:00,Winter,12.0,Sunday,11.4,1021.6,63.9,9.0,Fog
2555.0,2023-12-25,02:00,Winter,12.0,Monday,12.1,1023.3,49.0,18.5,Fog
2556.0,2023-12-25,11:00,Winter,12.0,Monday,20.4,1015.0,66.3,10.7,Fog
2560.0,2023-12-26,00:00,Winter,12.0,Tuesday,12.7,1016.9,53.3,20.0,Partly Cloudy
2557.0,2023-12-26,15:00,Winter,12.0,Tuesday,15.6,1015.7,65.2,8.2,Haze
2559.0,2023-12-26,16:00,Winter,12.0,Tuesday,18.5,1013.1,44.6,12.3,Clear
2558.0,2023-12-26,22:00,Winter,12.0,Tuesday,13.8,1011.9,61.0,14.8,Clear
2562.0,2023-12-27,09:00,Winter,12.0,Wednesday,22.4,1017.9,55.9,9.5,Clear
2564.0,2023-12-27,09:00,Winter,12.0,Wednesday,19.3,1016.4,66.7,10.2,Haze
2565.0,2023-12-27,20:00,Winter,12.0,Wednesday,15.7,1027.8,46.5,21.4,Partly Cloudy
2561.0,2023-12-27,22:00,Winter,12.0,Wednesday,12.7,1017.3,59.4,14.7,Partly Cloudy
2563.0,2023-12-27,22:00,Winter,12.0,Wednesday,13.3,1013.9,65.7,15.4,Fog
2566.0,2023-12-27,23:00,Winter,12.0,Wednesday,11.1,1024.2,54.7,26.8,Haze
2567.0,2023-12-28,01:00,Winter,12.0,Thursday,15.3,1016.6,45.9,18.4,Partly Cloudy
2575.0,2023-12-28,07:00,Winter,12.0,Thursday,19.5,1017.3,52.4,11.7,Fog
2568.0,2023-12-28,08:00,Winter,12.0,Thursday,21.5,1015.3499999999999,49.7,12.0,Fog
2574.0,2023-12-28,11:00,Winter,12.0,Thursday,27.0,1013.4,45.3,16.0,Fog
2570.0,2023-12-28,12:00,Winter,12.0,Thursday,22.4,1011.2,80.5,10.2,Clear
2571.0,2023-12-28,15:00,Winter,12.0,Thursday,19.25,1013.5,55.5,13.0,Cloudy
2572.0,2023-12-28,17:00,Winter,12.0,Thursday,16.1,1013.4,56.7,13.0,Haze
2573.0,2023-12-28,18:00,Winter,12.0,Thursday,13.1,1017.7,40.5,14.4,Fog
2569.0,2023-12-28,21:00,Winter,12.0,Thursday,15.4,1021.4,49.7,11.9,Haze
2576.0,2023-12-29,16:00,Winter,12.0,Friday,20.1,1019.5,50.6,11.6,Haze
2578.0,2023-12-30,09:00,Winter,12.0,Saturday,23.8,1014.0,57.4,15.9,Haze
2577.0,2023-12-30,14:00,Winter,12.0,Saturday,24.7,1019.1,45.4,21.3,Haze
2579.0,2023-12-30,14:00,Winter,12.0,Saturday,22.9,1021.7,50.7,10.9,Clear
2582.0,2023-12-31,06:00,Winter,12.0,Sunday,13.0,1021.1,56.0,15.5,Clear
2580.0,2023-12-31,14:00,Winter,12.0,Sunday,29.3,1020.5,68.4,12.3,Clear
2581.0,2023-12-31,22:00,Winter,12.0,Sunday,26.35,1019.9,55.5,18.1,Clear
2585.0,2024-01-01,08:00,Winter,1.0,Monday,23.4,1017.7,45.2,17.4,Haze
2583.0,2024-01-01,12:00,Winter,1.0,Monday,22.6,1025.2,63.1,14.9,Clear
2584.0,2024-01-01,16:00,Winter,1.0,Monday,19.9,1020.4,68.5,16.5,Clear
2589.0,2024-01-02,17:00,Winter,1.0,Tuesday,16.0,1026.0,53.5,10.8,Cloudy
2587.0,2024-01-02,19:00,Winter,1.0,Tuesday,16.3,1017.5,71.6,16.0,Cloudy
2588.0,2024-01-02,20:00,Winter,1.0,Tuesday,14.1,1009.4,48.3,12.2,Clear
2592.0,2024-01-03,08:00,Winter,1.0,Wednesday,22.9,1022.0,52.5,15.0,Fog
2590.0,2024-01-03,12:00,Winter,1.0,Wednesday,22.5,1018.5,50.8,13.2,Haze
2591.0,2024-01-03,15:00,Winter,1.0,Wednesday,26.0,1025.0,57.5,13.6,Fog
2595.0,2024-01-04,05:00,Winter,1.0,Thursday,16.5,1013.0,53.9,9.1,Cloudy
2597.0,2024-01-04,06:00,Winter,1.0,Thursday,17.4,1017.2,37.3,8.2,Haze
2593.0,2024-01-04,11:00,Winter,1.0,Thursday,24.7,1022.2,49.9,11.4,Clear
2594.0,2024-01-04,11:00,Winter,1.0,Thursday,23.5,1025.4,55.5,8.6,Clear
2596.0,2024-01-04,18:00,Winter,1.0,Thursday,15.2,1014.3,51.6,8.7,Cloudy
2598.0,2024-01-05,02:00,Winter,1.0,Friday,9.9,1018.2,63.0,11.8,Partly Cloudy
2599.0,2024-01-05,15:00,Winter,1.0,Friday,18.1,1013.8,50.0,10.9,Clear
2600.0,2024-01-05,17:00,Winter,1.0,Friday,18.7,1017.2,50.4,9.5,Fog
2604.0,2024-01-06,03:00,Winter,1.0,Saturday,20.3,1021.3,43.9,11.8,Clear
2603.0,2024-01-06,06:00,Winter,1.0,Saturday,20.1,1015.5,58.0,11.9,Clear
2605.0,2024-01-06,07:00,Winter,1.0,Saturday,23.3,1014.2,62.4,12.4,Clear
2601.0,2024-01-06,15:00,Winter,1.0,Saturday,19.1,1017.0,59.3,14.7,Fog
2602.0,2024-01-06,22:00,Winter,1.0,Saturday,16.8,1011.3,52.6,13.6,Cloudy
2607.0,2024-01-07,12:00,Winter,1.0,Sunday,24.8,1028.2,60.6,13.6,Clear
2610.0,2024-01-08,04:00,Winter,1.0,Monday,16.8,1017.5,47.9,10.9,Fog
2611.0,2024-01-08,05:00,Winter,1.0,Monday,14.4,1022.1,62.6,15.0,Cloudy
2608.0,2024-01-08,16:00,Winter,1.0,Monday,21.1,1019.8,48.7,10.4,Partly Cloudy
2609.0,2024-01-08,16:00,Winter,1.0,Monday,17.5,1014.0,58.0,14.2,Clear
2612.0,2024-01-08,18:00,Winter,1.0,Monday,17.7,1020.4,67.9,14.6,Cloudy
2616.0,2024-01-09,03:00,Winter,1.0,Tuesday,11.1,1024.5,56.9,8.8,Clear
2617.0,2024-01-09,06:00,Winter,1.0,Tuesday,18.3,1018.95,46.349999999999994,9.9,Fog
2618.0,2024-01-09,07:00,Winter,1.0,Tuesday,21.4,1013.4,35.8,8.6,Haze
2613.0,2024-01-09,12:00,Winter,1.0,Tuesday,25.0,1016.6,48.8,8.2,Partly Cloudy
2619.0,2024-01-09,12:00,Winter,1.0,Tuesday,24.9,1015.9,45.6,12.2,Haze
2619.0,2024-01-09,12:00,Winter,1.0,Tuesday,24.9,1015.9,45.6,12.2,Haze
2614.0,2024-01-09,13:00,Winter,1.0,Tuesday,25.5,1020.0,52.5,9.1,Fog
2615.0,2024-01-09,21:00,Winter,1.0,Tuesday,15.3,1023.0,68.2,12.0,Clear
2620.0,2024-01-10,05:00,Winter,1.0,Wednesday,14.6,1018.0,55.2,13.7,Cloudy
2621.0,2024-01-10,05:00,Winter,1.0,Wednesday,13.8,1016.2,51.7,11.9,Haze
2623.0,2024-01-10,20:00,Winter,1.0,Wednesday,16.6,1014.4,52.8,11.1,Clear
2622.0,2024-01-10,23:00,Winter,1.0,Wednesday,14.3,1020.7,62.5,9.8,Partly Cloudy
2624.0,2024-01-11,02:00,Winter,1.0,Thursday,12.4,1019.6,60.7,18.2,Clear
2625.0,2024-01-11,02:00,Winter,1.0,Thursday,17.6,1020.9,65.4,14.6,Clear
2626.0,2024-01-11,12:00,Winter,1.0,Thursday,22.5,1015.4,42.8,13.8,Haze
2627.0,2024-01-11,21:00,Winter,1.0,Thursday,12.9,1009.8,46.2,16.5,Haze
2628.0,2024-01-12,01:00,Winter,1.0,Friday,12.6,1015.4,56.2,10.2,Clear
2631.0,2024-01-13,05:00,Winter,1.0,Saturday,17.3,1017.6,28.9,8.2,Partly Cloudy
2629.0,2024-01-13,15:00,Winter,1.0,Saturday,22.0,1027.1,71.3,13.6,Partly Cloudy
2630.0,2024-01-13,21:00,Winter,1.0,Saturday,14.8,1023.9,48.2,10.1,Cloudy
2635.0,2024-01-14,05:00,Winter,1.0,Sunday,13.4,1020.3,42.1,12.2,Fog
2632.0,2024-01-14,07:00,Winter,1.0,Sunday,22.4,1009.7,78.3,11.4,Partly Cloudy
2634.0,2024-01-14,07:00,Winter,1.0,Sunday,22.0,1019.0,64.6,10.6,Clear
2633.0,2024-01-14,22:00,Winter,1.0,Sunday,11.4,1013.8,64.1,8.2,Fog
2637.0,2024-01-15,02:00,Winter,1.0,Monday,15.0,1012.6,60.8,22.4,Haze
2639.0,2024-01-15,02:00,Winter,1.0,Monday,13.7,1017.8,56.3,11.8,Haze
2638.0,2024-01-15,09:00,Winter,1.0,Monday,20.2,1008.7,59.8,15.8,Cloudy
2636.0,2024-01-15,13:00,Winter,1.0,Monday,27.4,1014.1,59.9,9.5,Partly Cloudy
2640.0,2024-01-16,11:00,Winter,1.0,Tuesday,24.0,1021.6,35.1,17.0,Partly Cloudy
2641.0,2024-01-16,16:00,Winter,1.0,Tuesday,23.4,1016.6,58.2,19.5,Clear
2642.0,2024-01-17,04:00,Winter,1.0,Wednesday,16.4,1021.0,50.5,8.2,Fog
2643.0,2024-01-17,19:00,Winter,1.0,Wednesday,15.3,1012.3,59.0,11.2,Clear
2647.0,2024-01-18,06:00,Winter,1.0,Thursday,15.9,1015.7,73.2,15.9,Clear
2644.0,2024-01-18,08:00,Winter,1.0,Thursday,26.7,1026.7,57.6,12.6,Fog
2646.0,2024-01-18,19:00,Winter,1.0,Thursday,19.8,1023.9000000000001,36.4,13.45,Cloudy
2645.0,2024-01-18,20:00,Winter,1.0,Thursday,12.9,1021.1,55.9,14.3,Haze
2648.0,2024-01-18,21:00,Winter,1.0,Thursday,17.9,1013.6,59.6,10.7,Clear
2649.0,2024-01-19,03:00,Winter,1.0,Friday,10.3,1015.6,56.8,9.0,Fog
2652.0,2024-01-19,09:00,Winter,1.0,Friday,21.0,1014.8,44.5,8.5,Clear
2650.0,2024-01-19,12:00,Winter,1.0,Friday,26.6,1015.1,58.0,13.4,Partly Cloudy
2651.0,2024-01-19,12:00,Winter,1.0,Friday,21.4,1018.0,60.3,14.0,Fog
2654.0,2024-01-19,16:00,Winter,1.0,Friday,17.6,1020.9,55.3,14.8,Fog
2653.0,2024-01-19,17:00,Winter,1.0,Friday,18.9,1020.1,62.2,14.0,Partly Cloudy
2657.0,2024-01-20,12:00,Winter,1.0,Saturday,25.8,1015.0,45.1,10.9,Fog
2658.0,2024-01-20,16:00,Winter,1.0,Saturday,21.8,1014.9,48.9,22.3,Clear
2655.0,2024-01-20,19:00,Winter,1.0,Saturday,20.4,1021.3,62.5,9.0,Haze
2656.0,2024-01-20,19:00,Winter,1.0,Saturday,17.0,1017.4,58.8,11.0,Clear
2661.0,2024-01-21,00:00,Winter,1.0,Sunday,13.7,1013.5,53.7,13.0,Clear
2662.0,2024-01-21,00:00,Winter,1.0,Sunday,12.8,1018.1,51.4,22.1,Partly Cloudy
2660.0,2024-01-21,03:00,Winter,1.0,Sunday,14.1,1018.6,64.4,17.7,Fog
2663.0,2024-01-21,14:00,Winter,1.0,Sunday,25.3,1017.6,47.5,14.9,Fog
2659.0,2024-01-21,21:00,Winter,1.0,Sunday,16.9,1016.4,62.9,13.2,Cloudy
2667.0,2024-01-22,07:00,Winter,1.0,Monday,17.1,1013.2,64.8,8.9,Cloudy
2664.0,2024-01-22,12:00,Winter,1.0,Monday,21.5,1016.7,63.1,9.8,Cloudy
2665.0,2024-01-22,16:00,Winter,1.0,Monday,18.9,1012.4,41.9,18.9,Fog
2666.0,2024-01-22,23:00,Winter,1.0,Monday,11.4,1025.5,55.9,16.3,Fog
2669.0,2024-01-23,12:00,Winter,1.0,Tuesday,23.1,1018.7,42.9,10.2,Clear
2668.0,2024-01-23,17:00,Winter,1.0,Tuesday,18.7,1026.2,50.7,15.2,Haze
2670.0,2024-01-23,22:00,Winter,1.0,Tuesday,9.3,1020.1,60.9,10.2,Clear
2672.0,2024-01-24,07:00,Winter,1.0,Wednesday,18.5,1019.3,45.8,15.4,Clear
2671.0,2024-01-24,13:00,Winter,1.0,Wednesday,19.9,1024.4,52.9,16.1,Partly Cloudy
2675.0,2024-01-25,12:00,Winter,1.0,Thursday,22.1,1016.9,60.0,14.4,Cloudy
2674.0,2024-01-25,14:00,Winter,1.0,Thursday,22.2,1018.7,37.8,9.3,Partly Cloudy
2677.0,2024-01-27,04:00,Winter,1.0,Saturday,16.0,1016.8,62.1,12.4,Fog
2676.0,2024-01-27,06:00,Winter,1.0,Saturday,19.8,1011.0,48.3,17.1,Clear
2679.0,2024-01-28,15:00,Winter,1.0,Sunday,25.7,1013.1,66.9,15.7,Clear
2678.0,2024-01-28,16:00,Winter,1.0,Sunday,19.1,1020.7,57.6,16.2,Clear
2680.0,2024-01-28,22:00,Winter,1.0,Sunday,10.6,1023.4,50.8,10.0,Fog
2681.0,2024-01-29,01:00,Winter,1.0,Monday,6.2,1013.4,38.2,20.3,Partly Cloudy
2685.0,2024-01-29,06:00,Winter,1.0,Monday,12.9,1018.3,61.3,12.1,Cloudy
2686.0,2024-01-29,12:00,Winter,1.0,Monday,22.3,1014.7,59.5,9.8,Cloudy
2684.0,2024-01-29,16:00,Winter,1.0,Monday,19.1,1028.6,39.8,13.6,Haze
2683.0,2024-01-29,17:00,Winter,1.0,Monday,19.3,1022.7,41.9,15.2,Fog
2687.0,2024-01-29,17:00,Winter,1.0,Monday,19.0,1023.9,62.5,10.1,Haze
2682.0,2024-01-29,21:00,Winter,1.0,Monday,15.2,1015.3,33.3,15.8,Haze
2691.0,2024-01-31,10:00,Winter,1.0,Wednesday,20.7,1017.5,41.6,11.6,Clear
2690.0,2024-01-31,12:00,Winter,1.0,Wednesday,22.8,1021.1,48.4,14.2,Cloudy
2688.0,2024-01-31,13:00,Winter,1.0,Wednesday,23.0,1010.6,67.5,13.1,Clear
2689.0,2024-01-31,17:00,Winter,1.0,Wednesday,23.6,1021.5,59.5,13.6,Haze
2692.0,2024-01-31,20:00,Winter,1.0,Wednesday,15.6,1016.7,57.5,9.6,Clear
2694.0,2024-02-01,15:00,Winter,2.0,Thursday,23.0,1020.4,53.0,12.3,Haze
2693.0,2024-02-01,20:00,Winter,2.0,Thursday,16.6,1020.6,58.7,13.1,Fog
2695.0,2024-02-01,22:00,Winter,2.0,Thursday,11.9,1020.1,55.2,10.9,Fog
2697.0,2024-02-02,07:00,Winter,2.0,Friday,16.7,1019.6,55.1,9.0,Cloudy
2696.0,2024-02-02,16:00,Winter,2.0,Friday,22.8,1016.5,61.1,10.5,Clear
2698.0,2024-02-02,18:00,Winter,2.0,Friday,19.1,1014.4,55.7,13.2,Clear
2701.0,2024-02-03,08:00,Winter,2.0,Saturday,20.2,1020.5,32.7,10.9,Clear
2703.0,2024-02-03,09:00,Winter,2.0,Saturday,23.2,1018.5,46.8,12.9,Clear
2704.0,2024-02-03,11:00,Winter,2.0,Saturday,21.6,1023.3,45.0,10.3,Haze
2700.0,2024-02-03,14:00,Winter,2.0,Saturday,22.6,1014.6,76.8,12.2,Cloudy
2699.0,2024-02-03,19:00,Winter,2.0,Saturday,15.5,1015.2,68.5,13.6,Clear
2702.0,2024-02-03,19:00,Winter,2.0,Saturday,19.6,1019.3,64.2,14.8,Fog
2705.0,2024-02-03,20:00,Winter,2.0,Saturday,16.4,1016.9,37.3,11.0,Haze
2708.0,2024-02-06,00:00,Winter,2.0,Tuesday,13.0,1017.9,59.2,12.8,Fog
2710.0,2024-02-06,08:00,Winter,2.0,Tuesday,25.2,1017.5,60.9,12.2,Clear
2707.0,2024-02-06,19:00,Winter,2.0,Tuesday,21.4,1018.9,54.5,11.6,Fog
2709.0,2024-02-06,19:00,Winter,2.0,Tuesday,20.5,1018.3,59.7,11.6,Clear
2706.0,2024-02-06,22:00,Winter,2.0,Tuesday,14.95,1013.6,56.4,11.5,Fog
2713.0,2024-02-07,00:00,Winter,2.0,Wednesday,9.4,1020.4,50.4,11.9,Fog
2714.0,2024-02-07,11:00,Winter,2.0,Wednesday,24.8,1016.1,60.6,9.1,Cloudy
2712.0,2024-02-07,14:00,Winter,2.0,Wednesday,24.5,1016.5,59.1,14.3,Partly Cloudy
2711.0,2024-02-07,21:00,Winter,2.0,Wednesday,13.4,1023.7,60.5,9.5,Fog
2717.0,2024-02-08,01:00,Winter,2.0,Thursday,11.7,1015.2,52.6,11.9,Cloudy
2715.0,2024-02-08,02:00,Winter,2.0,Thursday,12.1,1020.1,37.0,12.5,Clear
2719.0,2024-02-08,08:00,Winter,2.0,Thursday,18.8,1013.7,65.4,8.9,Cloudy
2716.0,2024-02-08,10:00,Winter,2.0,Thursday,26.2,1019.6,52.4,10.9,Clear
2718.0,2024-02-08,15:00,Winter,2.0,Thursday,21.9,1014.3,71.3,8.1,Clear
2722.0,2024-02-09,00:00,Winter,2.0,Friday,13.8,1020.7,51.2,8.2,Clear
2721.0,2024-02-09,11:00,Winter,2.0,Friday,26.8,1014.4,29.3,12.0,Cloudy
2723.0,2024-02-09,12:00,Winter,2.0,Friday,26.2,1021.3,56.2,16.1,Partly Cloudy
2724.0,2024-02-09,13:00,Winter,2.0,Friday,25.4,1028.1,49.6,9.3,Cloudy
2720.0,2024-02-09,14:00,Winter,2.0,Friday,22.8,1014.6,53.4,8.6,Clear
2725.0,2024-02-10,07:00,Winter,2.0,Saturday,16.9,1019.9,67.6,18.3,Clear
2726.0,2024-02-10,07:00,Winter,2.0,Saturday,17.8,1012.1,46.9,12.8,Haze
2727.0,2024-02-10,11:00,Winter,2.0,Saturday,28.9,1016.6,56.2,10.1,Haze
2728.0,2024-02-11,00:00,Winter,2.0,Sunday,13.0,1022.1,50.0,13.4,Cloudy
2730.0,2024-02-11,07:00,Winter,2.0,Sunday,17.6,1016.1,66.6,11.5,Clear
2731.0,2024-02-11,09:00,Winter,2.0,Sunday,19.7,1019.1,59.9,8.4,Clear
2729.0,2024-02-11,10:00,Winter,2.0,Sunday,25.2,1019.0,56.0,11.8,Partly Cloudy
2734.0,2024-02-12,06:00,Winter,2.0,Monday,15.3,1026.6,79.6,18.2,Clear
2733.0,2024-02-12,10:00,Winter,2.0,Monday,22.9,1019.0,53.2,19.7,Fog
2732.0,2024-02-12,18:00,Winter,2.0,Monday,17.8,1016.1,37.9,11.9,Fog
2737.0,2024-02-13,00:00,Winter,2.0,Tuesday,14.4,1023.2,73.6,11.4,Clear
2740.0,2024-02-13,07:00,Winter,2.0,Tuesday,17.1,1013.8,51.4,13.4,Fog
2735.0,2024-02-13,10:00,Winter,2.0,Tuesday,24.0,1024.0,56.9,8.6,Clear
2736.0,2024-02-13,16:00,Winter,2.0,Tuesday,19.1,1023.8,36.5,9.2,Clear
2738.0,2024-02-13,20:00,Winter,2.0,Tuesday,15.9,1019.5,55.3,10.3,Partly Cloudy
2739.0,2024-02-13,20:00,Winter,2.0,Tuesday,13.8,1013.7,43.3,16.2,Clear
2741.0,2024-02-14,22:00,Winter,2.0,Wednesday,10.5,1016.9,39.6,24.0,Haze
2742.0,2024-02-14,23:00,Winter,2.0,Wednesday,11.5,1017.4,57.3,8.3,Clear
2747.0,2024-02-15,04:00,Winter,2.0,Thursday,12.5,1017.9,57.6,11.7,Fog
2743.0,2024-02-15,05:00,Winter,2.0,Thursday,15.8,1018.1,57.3,13.9,Clear
2746.0,2024-02-15,05:00,Winter,2.0,Thursday,14.6,1015.9,42.9,10.0,Haze
2751.0,2024-02-15,07:00,Winter,2.0,Thursday,21.7,1022.7,51.8,10.9,Cloudy
2752.0,2024-02-15,08:00,Winter,2.0,Thursday,23.1,1017.7,48.2,13.6,Cloudy
2748.0,2024-02-15,12:00,Winter,2.0,Thursday,21.6,1016.7,63.9,11.5,Clear
2745.0,2024-02-15,17:00,Winter,2.0,Thursday,19.6,1016.4,51.8,9.3,Partly Cloudy
2749.0,2024-02-15,18:00,Winter,2.0,Thursday,9.3,1013.0,66.6,11.6,Clear
2744.0,2024-02-15,21:00,Winter,2.0,Thursday,13.3,1021.3,57.2,16.6,Cloudy
2750.0,2024-02-15,21:00,Winter,2.0,Thursday,10.1,1014.5,58.9,11.5,Clear
2754.0,2024-02-16,02:00,Winter,2.0,Friday,9.9,1013.2,76.0,10.8,Clear
2753.0,2024-02-16,16:00,Winter,2.0,Friday,17.0,1022.4,67.2,14.7,Partly Cloudy
2755.0,2024-02-16,18:00,Winter,2.0,Friday,18.6,1020.7,62.8,9.5,Partly Cloudy
2756.0,2024-02-17,10:00,Winter,2.0,Saturday,21.5,1025.0,44.2,12.4,Partly Cloudy
2758.0,2024-02-17,16:00,Winter,2.0,Saturday,24.4,1022.5,54.4,13.7,Partly Cloudy
2760.0,2024-02-17,18:00,Winter,2.0,Saturday,15.5,1017.2,57.1,10.2,Fog
2759.0,2024-02-17,20:00,Winter,2.0,Saturday,16.9,1015.3,44.0,12.2,Clear
2757.0,2024-02-17,23:00,Winter,2.0,Saturday,14.0,1017.5,62.4,8.7,Clear
2761.0,2024-02-18,01:00,Winter,2.0,Sunday,14.9,1013.5,40.4,10.5,Fog
2766.0,2024-02-18,05:00,Winter,2.0,Sunday,17.0,1024.5,47.9,19.4,Partly Cloudy
2762.0,2024-02-18,07:00,Winter,2.0,Sunday,20.5,1017.6,43.3,10.8,Clear
2765.0,2024-02-18,16:00,Winter,2.0,Sunday,24.9,1013.6,53.3,15.9,Fog
2763.0,2024-02-18,18:00,Winter,2.0,Sunday,18.2,1017.2,61.5,8.4,Clear
2767.0,2024-02-18,18:00,Winter,2.0,Sunday,15.9,1017.0,76.2,11.1,Clear
2769.0,2024-02-19,05:00,Winter,2.0,Monday,16.7,1026.4,58.7,10.1,Cloudy
2768.0,2024-02-19,23:00,Winter,2.0,Monday,9.6,1011.5,36.3,10.1,Haze
2770.0,2024-02-20,01:00,Winter,2.0,Tuesday,12.6,1018.1,56.0,17.4,Fog
2773.0,2024-02-20,04:00,Winter,2.0,Tuesday,12.9,1017.1,50.3,9.5,Partly Cloudy
2771.0,2024-02-20,05:00,Winter,2.0,Tuesday,17.5,1028.2,55.0,9.3,Cloudy
2774.0,2024-02-20,18:00,Winter,2.0,Tuesday,20.1,1017.1,69.9,9.4,Clear
2775.0,2024-02-20,19:00,Winter,2.0,Tuesday,14.4,1025.1,59.3,12.2,Haze
2772.0,2024-02-20,22:00,Winter,2.0,Tuesday,13.4,1015.4,63.1,15.5,Clear
2776.0,2024-02-21,03:00,Winter,2.0,Wednesday,12.1,1024.6,53.1,10.7,Clear
2777.0,2024-02-21,21:00,Winter,2.0,Wednesday,16.8,1014.4,41.6,11.8,Haze
2780.0,2024-02-22,03:00,Winter,2.0,Thursday,16.0,1020.4,56.7,8.7,Clear
2779.0,2024-02-22,10:00,Winter,2.0,Thursday,19.3,1013.3,65.7,9.7,Fog
2781.0,2024-02-22,12:00,Winter,2.0,Thursday,26.6,1011.5,52.6,10.4,Cloudy
2778.0,2024-02-22,16:00,Winter,2.0,Thursday,21.8,1026.7,32.2,10.2,Clear
2783.0,2024-02-22,16:00,Winter,2.0,Thursday,20.3,1014.8,63.9,14.9,Partly Cloudy
2782.0,2024-02-22,19:00,Winter,2.0,Thursday,14.4,1020.0,32.2,23.2,Clear
2785.0,2024-02-23,03:00,Winter,2.0,Friday,13.7,1019.0,63.8,10.0,Clear
2784.0,2024-02-23,08:00,Winter,2.0,Friday,22.6,1020.7,67.8,15.5,Clear
2789.0,2024-02-24,02:00,Winter,2.0,Saturday,13.9,1017.7,64.6,14.1,Haze
2787.0,2024-02-24,13:00,Winter,2.0,Saturday,24.5,1014.3,64.6,9.9,Haze
2788.0,2024-02-24,18:00,Winter,2.0,Saturday,19.0,1017.8,47.5,13.2,Clear
2786.0,2024-02-24,22:00,Winter,2.0,Saturday,12.7,1018.7,45.9,10.5,Partly Cloudy
2790.0,2024-02-25,13:00,Winter,2.0,Sunday,24.8,1014.5,61.0,15.6,Clear
2793.0,2024-02-26,00:00,Winter,2.0,Monday,12.7,1016.4,60.8,16.6,Clear
2791.0,2024-02-26,07:00,Winter,2.0,Monday,22.6,1020.1,56.5,11.7,Clear
2792.0,2024-02-26,23:00,Winter,2.0,Monday,11.4,1019.2,47.8,8.8,Haze
2795.0,2024-02-27,17:00,Winter,2.0,Tuesday,20.6,1018.4,76.3,18.2,Haze
2798.0,2024-02-28,00:00,Winter,2.0,Wednesday,13.6,1021.6,51.4,8.9,Fog
2797.0,2024-02-28,07:00,Winter,2.0,Wednesday,18.1,1014.6,45.1,9.9,Clear
2799.0,2024-02-28,11:00,Winter,2.0,Wednesday,22.0,1011.9,47.1,11.3,Fog
2796.0,2024-02-28,15:00,Winter,2.0,Wednesday,24.2,1014.5,46.2,12.2,Clear
2800.0,2024-02-29,07:00,Winter,2.0,Thursday,16.4,1013.2,67.2,8.4,Fog
2801.0,2024-03-01,23:00,Summer,3.0,Friday,27.7,1005.6,45.4,20.3,Clear
2804.0,2024-03-02,03:00,Summer,3.0,Saturday,26.3,1006.7,58.0,22.9,Clear
2805.0,2024-03-02,05:00,Summer,3.0,Saturday,32.4,1000.4,53.3,14.4,Partly Cloudy
2802.0,2024-03-02,15:00,Summer,3.0,Saturday,38.0,1005.2,24.1,12.2,Haze
2803.0,2024-03-02,17:00,Summer,3.0,Saturday,38.8,1003.8,39.7,15.8,Clear
2807.0,2024-03-03,08:00,Summer,3.0,Sunday,38.9,1003.4,37.25,12.1,Partly Cloudy
2806.0,2024-03-03,11:00,Summer,3.0,Sunday,38.8,1003.6,34.8,22.6,Cloudy
2808.0,2024-03-03,14:00,Summer,3.0,Sunday,39.6,1012.4,40.1,16.1,Cloudy
2809.0,2024-03-03,15:00,Summer,3.0,Sunday,36.0,1013.0,37.5,17.4,Fog
2816.0,2024-03-04,01:00,Summer,3.0,Monday,28.0,1004.9,49.3,13.8,Partly Cloudy
2811.0,2024-03-04,11:00,Summer,3.0,Monday,36.8,1008.0,42.7,17.8,Haze
2815.0,2024-03-04,12:00,Summer,3.0,Monday,37.3,1006.1,49.7,17.9,Clear
2814.0,2024-03-04,13:00,Summer,3.0,Monday,45.5,999.4,28.7,13.9,Partly Cloudy
2813.0,2024-03-04,22:00,Summer,3.0,Monday,28.3,1007.2,32.9,15.4,Fog
2810.0,2024-03-04,23:00,Summer,3.0,Monday,29.8,1010.9,46.9,18.6,Clear
2812.0,2024-03-04,23:00,Summer,3.0,Monday,31.9,1003.0,27.9,13.1,Clear
2817.0,2024-03-05,02:00,Summer,3.0,Tuesday,34.2,996.3,38.3,15.2,Partly Cloudy
2819.0,2024-03-05,21:00,Summer,3.0,Tuesday,27.0,1002.2,31.8,12.9,Cloudy
2818.0,2024-03-05,23:00,Summer,3.0,Tuesday,29.7,1007.7,56.1,12.7,Cloudy
2823.0,2024-03-06,07:00,Summer,3.0,Wednesday,38.2,1009.2,36.3,12.6,Clear
2821.0,2024-03-06,08:00,Summer,3.0,Wednesday,38.9,1007.7,68.1,13.3,Haze
2820.0,2024-03-06,09:00,Summer,3.0,Wednesday,40.4,997.7,49.0,27.2,Clear
2822.0,2024-03-06,19:00,Summer,3.0,Wednesday,29.6,1005.1,49.9,21.1,Clear
2826.0,2024-03-07,02:00,Summer,3.0,Thursday,26.4,1003.1,54.3,22.6,Haze
2824.0,2024-03-07,09:00,Summer,3.0,Thursday,38.2,1002.4,53.3,15.9,Clear
2825.0,2024-03-07,18:00,Summer,3.0,Thursday,35.6,1007.7,38.9,19.4,Cloudy
2827.0,2024-03-07,23:00,Summer,3.0,Thursday,31.0,1001.7,35.0,17.9,Clear
2829.0,2024-03-08,02:00,Summer,3.0,Friday,28.7,1008.5,51.2,17.5,Partly Cloudy
2833.0,2024-03-08,02:00,Summer,3.0,Friday,25.8,1005.7,35.2,18.6,Clear
2828.0,2024-03-08,04:00,Summer,3.0,Friday,29.3,1003.4,41.6,12.7,Partly Cloudy
2834.0,2024-03-08,11:00,Summer,3.0,Friday,38.2,1009.4,38.8,24.2,Cloudy
2832.0,2024-03-08,14:00,Summer,3.0,Friday,38.2,1004.6,33.3,14.8,Clear
2830.0,2024-03-08,15:00,Summer,3.0,Friday,36.5,1007.6,50.7,12.0,Clear
2831.0,2024-03-08,16:00,Summer,3.0,Friday,37.2,1006.7,65.6,15.0,Partly Cloudy
2835.0,2024-03-09,08:00,Summer,3.0,Saturday,36.0,1005.7,45.8,15.2,Cloudy
2839.0,2024-03-10,01:00,Summer,3.0,Sunday,27.1,1002.3,55.6,13.5,Clear
2837.0,2024-03-10,11:00,Summer,3.0,Sunday,39.1,1003.7,36.0,16.0,Fog
2843.0,2024-03-10,11:00,Summer,3.0,Sunday,42.0,1005.2,45.4,12.9,Clear
2838.0,2024-03-10,14:00,Summer,3.0,Sunday,39.3,1007.95,24.8,13.2,Cloudy
2841.0,2024-03-10,17:00,Summer,3.0,Sunday,36.6,1010.7,49.3,16.2,Clear
2842.0,2024-03-10,19:00,Summer,3.0,Sunday,31.8,1005.1,36.4,12.3,Clear
2836.0,2024-03-10,20:00,Summer,3.0,Sunday,28.1,1001.8,51.0,20.8,Haze
2840.0,2024-03-10,22:00,Summer,3.0,Sunday,28.6,1008.4,32.0,16.9,Clear
2845.0,2024-03-11,03:00,Summer,3.0,Monday,31.1,1005.3,34.2,16.8,Haze
2847.0,2024-03-11,15:00,Summer,3.0,Monday,39.9,1001.7,40.9,15.1,CLEAR
2844.0,2024-03-11,22:00,Summer,3.0,Monday,31.4,1004.2,46.3,13.8,Fog
2846.0,2024-03-11,22:00,Summer,3.0,Monday,30.4,1007.9,37.2,20.5,Clear
2848.0,2024-03-11,22:00,Summer,3.0,Monday,29.7,1003.8,55.9,13.9,Cloudy
2850.0,2024-03-12,00:00,Summer,3.0,Tuesday,28.7,1000.2,46.4,13.1,Fog
2852.0,2024-03-12,01:00,Summer,3.0,Tuesday,24.8,1005.7,39.4,14.2,Partly Cloudy
2853.0,2024-03-12,02:00,Summer,3.0,Tuesday,25.7,1002.6,37.3,12.1,Cloudy
2849.0,2024-03-12,15:00,Summer,3.0,Tuesday,40.2,1005.7,61.4,16.0,Clear
2851.0,2024-03-12,21:00,Summer,3.0,Tuesday,28.2,999.9,29.2,12.3,Clear
2856.0,2024-03-13,16:00,Summer,3.0,Wednesday,37.9,1005.9,45.7,12.1,Cloudy
2855.0,2024-03-13,19:00,Summer,3.0,Wednesday,33.2,1003.8,51.9,16.8,Clear
2857.0,2024-03-13,19:00,Summer,3.0,Wednesday,32.7,1002.7,46.8,18.6,Partly Cloudy
2854.0,2024-03-13,20:00,Summer,3.0,Wednesday,32.6,1003.6,56.9,12.0,Clear
2859.0,2024-03-13,20:00,Summer,3.0,Wednesday,28.8,1008.1,54.5,13.0,Clear
2858.0,2024-03-13,21:00,Summer,3.0,Wednesday,30.9,998.9,52.1,16.8,Clear
2860.0,2024-03-14,00:00,Summer,3.0,Thursday,24.1,1002.7,49.7,14.5,Partly Cloudy
2862.0,2024-03-14,05:00,Summer,3.0,Thursday,35.7,1002.4,39.1,17.9,Clear
2864.0,2024-03-14,13:00,Summer,3.0,Thursday,41.8,1013.6,50.8,19.1,Haze
2863.0,2024-03-14,14:00,Summer,3.0,Thursday,39.6,1007.1,49.2,15.4,Clear
2861.0,2024-03-14,19:00,Summer,3.0,Thursday,32.4,1001.0,33.5,12.6,Partly Cloudy
2870.0,2024-03-15,04:00,Summer,3.0,Friday,28.6,1007.9,47.7,12.7,Clear
2871.0,2024-03-15,05:00,Summer,3.0,Friday,30.0,1007.1,42.3,16.1,Haze
2873.0,2024-03-15,10:00,Summer,3.0,Friday,38.8,1007.4,61.2,14.7,Partly Cloudy
2867.0,2024-03-15,13:00,Summer,3.0,Friday,36.3,1006.8,66.4,14.0,Cloudy
2866.0,2024-03-15,14:00,Summer,3.0,Friday,37.1,1010.3,71.6,12.9,Fog
2872.0,2024-03-15,16:00,Summer,3.0,Friday,34.9,1000.8,39.2,13.8,Clear
2865.0,2024-03-15,19:00,Summer,3.0,Friday,33.2,1006.0,18.8,28.4,Haze
2868.0,2024-03-15,20:00,Summer,3.0,Friday,31.5,1005.7,46.0,24.6,Partly Cloudy
2869.0,2024-03-15,23:00,Summer,3.0,Friday,26.3,999.5,50.0,15.7,Fog
2878.0,2024-03-16,03:00,Summer,3.0,Saturday,28.2,1010.8,48.0,16.6,Cloudy
2875.0,2024-03-16,11:00,Summer,3.0,Saturday,40.9,1009.7,63.4,17.5,Clear
2876.0,2024-03-16,14:00,Summer,3.0,Saturday,40.9,1009.3,57.55,16.65,Partly Cloudy
2874.0,2024-03-16,15:00,Summer,3.0,Saturday,40.9,1004.5,51.7,15.8,Clear
2877.0,2024-03-16,22:00,Summer,3.0,Saturday,26.3,1010.5,56.1,24.2,Cloudy
2881.0,2024-03-17,02:00,Summer,3.0,Sunday,33.3,998.5,60.2,19.8,Fog
2879.0,2024-03-17,17:00,Summer,3.0,Sunday,33.2,1002.3,33.0,12.5,Partly Cloudy
2880.0,2024-03-17,20:00,Summer,3.0,Sunday,27.9,1009.1,56.7,14.9,Haze
2882.0,2024-03-19,21:00,Summer,3.0,Tuesday,30.9,1000.4,39.6,15.5,Partly Cloudy
2885.0,2024-03-21,02:00,Summer,3.0,Thursday,31.0,1003.9,34.2,15.7,Clear
2883.0,2024-03-21,07:00,Summer,3.0,Thursday,35.4,1005.6,34.2,14.0,Haze
2884.0,2024-03-21,22:00,Summer,3.0,Thursday,25.7,1013.4,68.1,14.7,Haze
2886.0,2024-03-22,07:00,Summer,3.0,Friday,35.0,1005.7,37.7,19.8,Haze
2888.0,2024-03-22,09:00,Summer,3.0,Friday,39.4,1006.0,36.1,16.6,Clear
2887.0,2024-03-22,17:00,Summer,3.0,Friday,36.5,1003.5,63.3,13.9,Clear
2889.0,2024-03-22,19:00,Summer,3.0,Friday,33.1,998.1,39.8,16.7,Haze
2891.0,2024-03-23,07:00,Summer,3.0,Saturday,36.4,1002.7,40.0,18.2,Clear
2893.0,2024-03-23,10:00,Summer,3.0,Saturday,38.3,1001.2,47.3,17.4,Clear
2890.0,2024-03-23,16:00,Summer,3.0,Saturday,32.4,1004.3,32.2,12.2,Haze
2892.0,2024-03-23,22:00,Summer,3.0,Saturday,30.9,1001.9,58.7,15.8,Clear
2894.0,2024-03-24,04:00,Summer,3.0,Sunday,32.0,1007.2,44.1,21.0,Haze
2898.0,2024-03-24,04:00,Summer,3.0,Sunday,32.0,1004.8,46.8,18.5,Haze
2895.0,2024-03-24,12:00,Summer,3.0,Sunday,38.3,1011.2,49.5,12.2,Cloudy
2896.0,2024-03-24,20:00,Summer,3.0,Sunday,32.4,1001.7,41.8,22.6,Partly Cloudy
2897.0,2024-03-24,22:00,Summer,3.0,Sunday,29.2,1005.2,54.4,16.2,Clear
2905.0,2024-03-25,01:00,Summer,3.0,Monday,24.9,1010.7,31.6,14.9,Haze
2902.0,2024-03-25,04:00,Summer,3.0,Monday,34.1,999.1,40.1,15.2,Cloudy
2901.0,2024-03-25,05:00,Summer,3.0,Monday,30.3,1009.1,47.5,12.1,Haze
2903.0,2024-03-25,08:00,Summer,3.0,Monday,35.1,1000.7,54.3,12.6,Partly Cloudy
2900.0,2024-03-25,12:00,Summer,3.0,Monday,39.9,1003.3,41.7,12.4,Haze
2904.0,2024-03-25,15:00,Summer,3.0,Monday,38.4,1004.3,15.0,15.4,Partly Cloudy
2899.0,2024-03-25,23:00,Summer,3.0,Monday,29.6,1011.7,64.3,13.8,Clear
2906.0,2024-03-26,00:00,Summer,3.0,Tuesday,27.9,1004.5,52.6,15.6,Clear
2907.0,2024-03-26,07:00,Summer,3.0,Tuesday,40.0,1014.9,30.5,14.5,Partly Cloudy
2909.0,2024-03-26,10:00,Summer,3.0,Tuesday,41.05,1005.6,39.2,20.2,Haze
2910.0,2024-03-26,11:00,Summer,3.0,Tuesday,42.1,1012.0,31.1,16.2,Clear
2911.0,2024-03-26,11:00,Summer,3.0,Tuesday,41.1,1007.6,56.9,20.5,Partly Cloudy
2908.0,2024-03-26,18:00,Summer,3.0,Tuesday,34.9,1004.2,55.9,12.5,Clear
2912.0,2024-03-27,06:00,Summer,3.0,Wednesday,32.7,1009.4,36.6,20.5,Haze
2914.0,2024-03-27,07:00,Summer,3.0,Wednesday,37.9,1006.7,38.2,18.1,Haze
2913.0,2024-03-27,12:00,Summer,3.0,Wednesday,37.2,1011.9,62.8,12.6,Haze
2915.0,2024-03-27,21:00,Summer,3.0,Wednesday,28.4,998.8,52.7,14.2,Clear
2916.0,2024-03-28,08:00,Summer,3.0,Thursday,38.5,998.0,38.5,13.1,Partly Cloudy
2917.0,2024-03-29,06:00,Summer,3.0,Friday,37.2,1005.4,38.5,15.5,Partly Cloudy
2918.0,2024-03-29,20:00,Summer,3.0,Friday,33.4,1007.7,42.3,13.2,Clear
2919.0,2024-03-29,23:00,Summer,3.0,Friday,28.6,1004.7,35.0,12.2,Clear
2921.0,2024-03-30,01:00,Summer,3.0,Saturday,30.3,1005.8,36.1,23.2,Clear
2920.0,2024-03-30,14:00,Summer,3.0,Saturday,38.6,1008.3,31.5,17.2,Clear
2923.0,2024-03-30,19:00,Summer,3.0,Saturday,35.4,1002.1,49.0,12.7,Clear
2922.0,2024-03-30,22:00,Summer,3.0,Saturday,25.0,1002.7,55.4,16.8,Partly Cloudy
2925.0,2024-03-31,00:00,Summer,3.0,Sunday,24.8,1003.8,39.7,12.1,Haze
2924.0,2024-03-31,11:00,Summer,3.0,Sunday,25.700000000000003,1003.8,44.4,13.0,Fog
2931.0,2024-04-01,00:00,Summer,4.0,Monday,26.6,1003.1,52.0,13.4,Haze
2929.0,2024-04-01,04:00,Summer,4.0,Monday,30.1,998.8,39.9,12.7,Haze
2928.0,2024-04-01,07:00,Summer,4.0,Monday,34.2,1002.25,52.5,12.5,Haze
2930.0,2024-04-01,14:00,Summer,4.0,Monday,42.2,1005.7,51.3,16.0,Clear
2927.0,2024-04-01,21:00,Summer,4.0,Monday,29.8,1009.9,29.2,13.4,Clear
2926.0,2024-04-01,22:00,Summer,4.0,Monday,24.5,1009.6,39.7,14.3,Cloudy
2933.0,2024-04-02,09:00,Summer,4.0,Tuesday,34.2,1000.4,37.9,17.4,Partly Cloudy
2935.0,2024-04-02,09:00,Summer,4.0,Tuesday,36.8,1004.4,41.0,17.2,Haze
2937.0,2024-04-02,14:00,Summer,4.0,Tuesday,44.2,1007.4,44.1,15.0,Partly Cloudy
2936.0,2024-04-02,20:00,Summer,4.0,Tuesday,33.4,1000.5,34.0,14.6,Clear
2934.0,2024-04-02,21:00,Summer,4.0,Tuesday,28.0,1004.2,41.6,17.8,Cloudy
2940.0,2024-04-03,05:00,Summer,4.0,Wednesday,32.4,1008.2,29.0,14.6,Haze
2938.0,2024-04-03,16:00,Summer,4.0,Wednesday,40.5,1010.7,38.3,14.1,Clear
2939.0,2024-04-03,21:00,Summer,4.0,Wednesday,26.8,1012.5,40.8,21.9,Partly Cloudy
2941.0,2024-04-04,02:00,Summer,4.0,Thursday,28.7,1011.7,52.0,22.2,Cloudy
2944.0,2024-04-04,07:00,Summer,4.0,Thursday,36.9,1006.9,44.3,16.1,Haze
2942.0,2024-04-04,12:00,Summer,4.0,Thursday,40.7,1006.6,35.7,16.8,Partly Cloudy
2945.0,2024-04-04,14:00,Summer,4.0,Thursday,39.1,1007.2,24.1,12.3,Clear
2943.0,2024-04-04,15:00,Summer,4.0,Thursday,39.2,1000.2,31.9,27.0,Haze
2949.0,2024-04-05,12:00,Summer,4.0,Friday,39.8,1009.8,46.1,12.1,Fog
2946.0,2024-04-05,16:00,Summer,4.0,Friday,41.8,1001.7,44.6,20.5,Haze
2947.0,2024-04-05,16:00,Summer,4.0,Friday,38.1,1002.55,38.1,22.1,Clear
2950.0,2024-04-05,16:00,Summer,4.0,Friday,38.6,1003.4,38.2,13.0,Haze
2948.0,2024-04-05,21:00,Summer,4.0,Friday,24.4,1008.2,50.6,14.8,Haze
2951.0,2024-04-06,05:00,Summer,4.0,Saturday,33.3,1003.2,39.9,19.1,Partly Cloudy
2954.0,2024-04-06,13:00,Summer,4.0,Saturday,34.3,1002.7,44.6,12.2,Cloudy
2953.0,2024-04-06,15:00,Summer,4.0,Saturday,39.8,1001.6,22.3,21.9,Haze
2952.0,2024-04-06,16:00,Summer,4.0,Saturday,33.1,1004.7,37.1,17.2,Clear
2957.0,2024-04-07,02:00,Summer,4.0,Sunday,27.0,1004.1,48.3,17.9,Fog
2956.0,2024-04-07,05:00,Summer,4.0,Sunday,34.1,998.2,46.1,13.4,Clear
2961.0,2024-04-07,07:00,Summer,4.0,Sunday,36.4,1006.6,48.4,21.2,Clear
2955.0,2024-04-07,12:00,Summer,4.0,Sunday,44.4,1003.6,47.2,15.9,Cloudy
2958.0,2024-04-07,13:00,Summer,4.0,Sunday,39.7,1003.7,42.1,16.6,Clear
2959.0,2024-04-07,13:00,Summer,4.0,Sunday,42.3,1002.9,44.0,19.4,Cloudy
2960.0,2024-04-07,14:00,Summer,4.0,Sunday,39.0,1005.6,54.8,13.3,Partly Cloudy
2962.0,2024-04-07,14:00,Summer,4.0,Sunday,36.2,1004.4,53.3,14.6,Cloudy
2964.0,2024-04-08,12:00,Summer,4.0,Monday,39.4,999.6,33.8,12.1,Partly Cloudy
2965.0,2024-04-08,16:00,Summer,4.0,Monday,40.6,1006.8,30.7,13.1,Clear
2966.0,2024-04-08,20:00,Summer,4.0,Monday,28.0,1005.8,42.3,19.9,Clear
2963.0,2024-04-08,21:00,Summer,4.0,Monday,29.7,1014.8,52.8,21.2,Fog
2968.0,2024-04-09,02:00,Summer,4.0,Tuesday,26.3,1004.1,38.7,21.9,Clear
2969.0,2024-04-09,05:00,Summer,4.0,Tuesday,35.5,997.9,40.4,13.3,Haze
2967.0,2024-04-09,23:00,Summer,4.0,Tuesday,26.6,1003.4,31.6,18.1,Cloudy
2974.0,2024-04-10,01:00,Summer,4.0,Wednesday,28.2,999.3,43.6,23.3,Clear
2970.0,2024-04-10,04:00,Summer,4.0,Wednesday,32.9,999.1,51.9,13.5,Clear
2975.0,2024-04-10,14:00,Summer,4.0,Wednesday,38.7,1007.1,47.7,13.2,Clear
2972.0,2024-04-10,16:00,Summer,4.0,Wednesday,34.2,1006.7,42.0,17.2,Clear
2971.0,2024-04-10,21:00,Summer,4.0,Wednesday,25.5,1006.1,42.0,12.9,Fog
2973.0,2024-04-10,22:00,Summer,4.0,Wednesday,28.2,997.9,46.4,13.600000000000001,Haze
2976.0,2024-04-11,04:00,Summer,4.0,Thursday,32.2,1008.1,42.6,14.3,Cloudy
2978.0,2024-04-11,05:00,Summer,4.0,Thursday,30.7,1002.3,29.7,22.2,Clear
2977.0,2024-04-11,19:00,Summer,4.0,Thursday,29.3,1004.0,43.1,16.3,Clear
2979.0,2024-04-12,05:00,Summer,4.0,Friday,33.2,1008.9,45.2,14.4,Partly Cloudy
2980.0,2024-04-12,17:00,Summer,4.0,Friday,35.3,1002.4,51.0,12.4,Haze
2981.0,2024-04-12,17:00,Summer,4.0,Friday,33.5,1009.2,38.1,18.5,Clear
2982.0,2024-04-13,03:00,Summer,4.0,Saturday,31.7,1004.8,51.4,22.2,Clear
2983.0,2024-04-13,16:00,Summer,4.0,Saturday,34.8,999.3,58.1,13.2,Clear
2987.0,2024-04-14,06:00,Summer,4.0,Sunday,35.6,1004.0,43.6,13.3,Haze
2986.0,2024-04-14,12:00,Summer,4.0,Sunday,42.1,1002.4,60.5,13.4,Haze
2984.0,2024-04-14,13:00,Summer,4.0,Sunday,39.3,1008.5,45.5,21.4,Partly Cloudy
2985.0,2024-04-14,13:00,Summer,4.0,Sunday,38.2,1007.0,40.5,15.1,Partly Cloudy
2988.0,2024-04-15,11:00,Summer,4.0,Monday,35.9,1010.1,27.2,16.5,Fog
2990.0,2024-04-15,14:00,Summer,4.0,Monday,43.0,995.3,45.9,17.5,Partly Cloudy
2989.0,2024-04-15,22:00,Summer,4.0,Monday,26.7,1005.7,38.5,12.2,Clear
2992.0,2024-04-16,10:00,Summer,4.0,Tuesday,37.0,1010.5,38.5,18.2,Clear
2994.0,2024-04-16,11:00,Summer,4.0,Tuesday,41.9,1003.3,58.0,13.7,Haze
2993.0,2024-04-16,14:00,Summer,4.0,Tuesday,39.6,1005.0,51.3,17.0,Haze
2991.0,2024-04-16,18:00,Summer,4.0,Tuesday,36.0,1001.7,48.5,16.9,Clear
2995.0,2024-04-17,02:00,Summer,4.0,Wednesday,30.2,1006.5,43.9,12.1,Clear
2997.0,2024-04-17,02:00,Summer,4.0,Wednesday,26.1,1007.0,44.2,13.6,Clear
2996.0,2024-04-17,16:00,Summer,4.0,Wednesday,37.6,1007.2,36.4,19.0,Partly Cloudy
2998.0,2024-04-17,18:00,Summer,4.0,Wednesday,32.1,1004.0,31.7,15.8,Partly Cloudy
2999.0,2024-04-17,19:00,Summer,4.0,Wednesday,30.2,995.9,57.5,16.2,Clear
3001.0,2024-04-18,02:00,Summer,4.0,Thursday,27.5,1004.2,54.9,17.9,Haze
3000.0,2024-04-18,03:00,Summer,4.0,Thursday,30.0,1006.5,58.3,13.6,Clear
3007.0,2024-04-19,06:00,Summer,4.0,Friday,39.5,1000.7,19.2,22.2,Fog
3004.0,2024-04-19,07:00,Summer,4.0,Friday,35.3,1003.1,31.7,17.4,Haze
3008.0,2024-04-19,10:00,Summer,4.0,Friday,38.2,1003.5,41.0,20.799999999999997,Haze
3003.0,2024-04-19,11:00,Summer,4.0,Friday,35.4,1005.0,33.3,24.2,Partly Cloudy
3002.0,2024-04-19,15:00,Summer,4.0,Friday,41.7,1002.2,37.0,22.9,Cloudy
3006.0,2024-04-19,16:00,Summer,4.0,Friday,36.4,1006.8,38.6,13.1,Clear
3005.0,2024-04-19,23:00,Summer,4.0,Friday,31.4,1002.2,41.7,13.9,Partly Cloudy
3009.0,2024-04-20,17:00,Summer,4.0,Saturday,30.7,1004.3,43.3,16.15,Clear
3010.0,2024-04-21,00:00,Summer,4.0,Sunday,26.6,1003.3,59.2,18.4,Partly Cloudy
3011.0,2024-04-21,02:00,Summer,4.0,Sunday,27.5,1007.1,32.6,14.8,Haze
3012.0,2024-04-21,03:00,Summer,4.0,Sunday,28.3,1006.6,39.0,15.7,Haze
3013.0,2024-04-21,12:00,Summer,4.0,Sunday,39.2,1006.5,44.7,12.2,Clear
3016.0,2024-04-22,04:00,Summer,4.0,Monday,31.1,1011.6,46.7,17.3,Clear
3014.0,2024-04-22,05:00,Summer,4.0,Monday,34.6,1002.7,43.2,16.7,Clear
3015.0,2024-04-22,13:00,Summer,4.0,Monday,41.6,1001.6,45.4,12.1,Clear
3018.0,2024-04-23,14:00,Summer,4.0,Tuesday,38.3,999.3,45.2,13.0,Partly Cloudy
3017.0,2024-04-23,15:00,Summer,4.0,Tuesday,40.7,1006.9,39.2,13.9,Clear
3020.0,2024-04-24,03:00,Summer,4.0,Wednesday,27.1,999.4,32.6,19.0,Partly Cloudy
3021.0,2024-04-24,07:00,Summer,4.0,Wednesday,32.2,1006.6,44.3,14.7,Haze
3019.0,2024-04-24,14:00,Summer,4.0,Wednesday,41.6,1007.2,46.6,14.7,Haze
3024.0,2024-04-25,03:00,Summer,4.0,Thursday,30.7,1004.0,41.4,17.7,Clear
3023.0,2024-04-25,15:00,Summer,4.0,Thursday,34.1,1007.0,32.0,15.2,Partly Cloudy
3025.0,2024-04-26,12:00,Summer,4.0,Friday,38.6,1006.1,33.5,13.2,Clear
3026.0,2024-04-26,12:00,Summer,4.0,Friday,36.9,1009.2,46.0,15.3,Clear
3027.0,2024-04-27,01:00,Summer,4.0,Saturday,28.4,1005.6,65.6,13.2,Partly Cloudy
3028.0,2024-04-27,02:00,Summer,4.0,Saturday,27.1,1005.5,34.1,12.5,Partly Cloudy
3030.0,2024-04-28,07:00,Summer,4.0,Sunday,37.4,1009.9,53.5,18.3,Cloudy
3032.0,2024-04-28,14:00,Summer,4.0,Sunday,37.9,1002.2,52.1,16.9,Clear
3029.0,2024-04-28,21:00,Summer,4.0,Sunday,32.8,1007.1,36.4,19.5,Cloudy
3031.0,2024-04-28,23:00,Summer,4.0,Sunday,30.1,1001.0,35.7,13.6,Partly Cloudy
3034.0,2024-04-29,08:00,Summer,4.0,Monday,33.6,1001.2,37.1,16.5,Haze
3033.0,2024-04-29,10:00,Summer,4.0,Monday,36.7,1003.9,34.9,15.6,Haze
3037.0,2024-04-30,01:00,Summer,4.0,Tuesday,30.6,995.2,45.2,13.5,Haze
3035.0,2024-04-30,06:00,Summer,4.0,Tuesday,35.6,1001.5,57.2,15.1,Clear
3036.0,2024-04-30,12:00,Summer,4.0,Tuesday,38.8,1003.3,65.4,20.1,Partly Cloudy
3039.0,2024-05-01,06:00,Summer,5.0,Wednesday,36.3,1002.8,32.1,17.4,Partly Cloudy
3038.0,2024-05-01,07:00,Summer,5.0,Wednesday,40.3,1000.8,63.0,12.9,Cloudy
3041.0,2024-05-01,11:00,Summer,5.0,Wednesday,40.0,1002.3499999999999,27.4,14.2,Haze
3042.0,2024-05-01,18:00,Summer,5.0,Wednesday,40.0,1003.9,54.3,16.0,Haze
3040.0,2024-05-01,23:00,Summer,5.0,Wednesday,25.7,1004.2,44.9,12.5,Haze
3043.0,2024-05-02,06:00,Summer,5.0,Thursday,31.6,1010.9,31.1,14.0,Cloudy
3044.0,2024-05-02,09:00,Summer,5.0,Thursday,38.7,1007.0,52.6,16.7,Clear
3046.0,2024-05-03,02:00,Summer,5.0,Friday,29.6,1002.3,47.7,20.9,Clear
3048.0,2024-05-03,05:00,Summer,5.0,Friday,30.7,1002.2,25.2,14.8,Fog
3047.0,2024-05-03,09:00,Summer,5.0,Friday,42.1,1003.4,38.1,14.0,Fog
3049.0,2024-05-03,17:00,Summer,5.0,Friday,35.0,1003.1,43.7,26.4,Clear
3051.0,2024-05-04,04:00,Summer,5.0,Saturday,26.0,1010.2,43.8,18.5,Clear
3050.0,2024-05-04,17:00,Summer,5.0,Saturday,35.1,1003.7,60.2,13.8,Partly Cloudy
3054.0,2024-05-05,01:00,Summer,5.0,Sunday,29.4,1000.8,59.4,12.0,Clear
3053.0,2024-05-05,06:00,Summer,5.0,Sunday,30.9,1006.4,37.4,17.4,Clear
3052.0,2024-05-05,20:00,Summer,5.0,Sunday,34.6,1008.9,41.3,12.5,Clear
3058.0,2024-05-06,04:00,Summer,5.0,Monday,30.0,1000.9,38.9,16.0,Clear
3055.0,2024-05-06,10:00,Summer,5.0,Monday,41.1,1000.8,47.0,23.2,Haze
3056.0,2024-05-06,12:00,Summer,5.0,Monday,43.4,1001.5,47.1,27.2,Fog
3057.0,2024-05-06,22:00,Summer,5.0,Monday,28.0,1007.1,32.8,16.1,Fog
3059.0,2024-05-07,05:00,Summer,5.0,Tuesday,30.8,1005.8,57.7,13.7,Partly Cloudy
3060.0,2024-05-07,23:00,Summer,5.0,Tuesday,30.4,1008.6,38.8,12.0,Haze
3063.0,2024-05-08,03:00,Summer,5.0,Wednesday,34.3,1002.5,50.8,17.9,Haze
3062.0,2024-05-08,11:00,Summer,5.0,Wednesday,36.0,1001.4,49.3,15.6,Clear
3061.0,2024-05-08,13:00,Summer,5.0,Wednesday,37.9,1008.6,33.1,20.1,Haze
3064.0,2024-05-08,22:00,Summer,5.0,Wednesday,29.2,1001.0,58.3,14.4,Clear
3066.0,2024-05-09,09:00,Summer,5.0,Thursday,40.9,997.6,61.0,22.2,Haze
3071.0,2024-05-10,04:00,Summer,5.0,Friday,37.4,1002.8,40.8,20.5,Clear
3069.0,2024-05-10,07:00,Summer,5.0,Friday,33.9,1009.1,40.1,12.6,Partly Cloudy
3070.0,2024-05-10,08:00,Summer,5.0,Friday,41.4,1005.9,63.5,17.8,Haze
3068.0,2024-05-10,14:00,Summer,5.0,Friday,37.9,1005.3,37.6,12.1,Cloudy
3067.0,2024-05-10,17:00,Summer,5.0,Friday,34.9,1003.6,45.1,20.6,Partly Cloudy
3072.0,2024-05-11,09:00,Summer,5.0,Saturday,37.9,1002.2,40.2,16.0,Cloudy
3073.0,2024-05-11,19:00,Summer,5.0,Saturday,32.5,1000.4,39.4,16.15,Fog
3074.0,2024-05-12,05:00,Summer,5.0,Sunday,33.3,996.8,61.7,16.3,Partly Cloudy
3075.0,2024-05-12,15:00,Summer,5.0,Sunday,38.4,1013.2,53.0,20.6,Fog
3077.0,2024-05-13,02:00,Summer,5.0,Monday,28.6,1008.0,47.4,12.9,Haze
3078.0,2024-05-13,09:00,Summer,5.0,Monday,33.9,1000.6,63.0,16.8,Clear
3079.0,2024-05-13,10:00,Summer,5.0,Monday,42.1,1001.7,39.1,15.5,Partly Cloudy
3076.0,2024-05-13,23:00,Summer,5.0,Monday,28.2,1003.3,37.9,18.3,Partly Cloudy
3082.0,2024-05-14,03:00,Summer,5.0,Tuesday,30.3,1009.4,51.3,13.0,Clear
3080.0,2024-05-14,10:00,Summer,5.0,Tuesday,38.2,1007.1,50.7,18.2,Haze
3081.0,2024-05-14,16:00,Summer,5.0,Tuesday,34.8,1006.2,46.3,16.25,Haze
3083.0,2024-05-15,03:00,Summer,5.0,Wednesday,28.0,1005.3,35.2,14.3,Clear
3085.0,2024-05-15,08:00,Summer,5.0,Wednesday,36.9,1003.0,41.8,12.3,Partly Cloudy
3084.0,2024-05-15,16:00,Summer,5.0,Wednesday,37.4,1007.6,43.6,17.7,Haze
3086.0,2024-05-15,18:00,Summer,5.0,Wednesday,32.9,997.7,47.3,12.1,Clear
3093.0,2024-05-16,00:00,Summer,5.0,Thursday,26.6,1001.1,43.7,13.8,Fog
3091.0,2024-05-16,02:00,Summer,5.0,Thursday,27.5,1000.7,40.1,14.7,Clear
3087.0,2024-05-16,04:00,Summer,5.0,Thursday,34.5,1015.1,46.9,15.7,Clear
3090.0,2024-05-16,05:00,Summer,5.0,Thursday,30.5,1004.8,26.9,17.5,Clear
3088.0,2024-05-16,21:00,Summer,5.0,Thursday,26.3,1004.4,40.6,15.0,Haze
3092.0,2024-05-16,21:00,Summer,5.0,Thursday,36.8,1008.0,42.4,14.9,Clear
3089.0,2024-05-16,23:00,Summer,5.0,Thursday,27.4,1004.1,46.8,20.4,Clear
3094.0,2024-05-17,19:00,Summer,5.0,Friday,28.9,1010.4,47.62,23.1,Partly Cloudy
3096.0,2024-05-18,15:00,Summer,5.0,Saturday,44.5,1003.6,48.44,16.2,Clear
3095.0,2024-05-18,21:00,Summer,5.0,Saturday,33.5,1010.4,49.26,20.5,Clear
3097.0,2024-05-18,22:00,Summer,5.0,Saturday,26.3,1004.9,50.08,15.9,Clear
3098.0,2024-05-19,10:00,Summer,5.0,Sunday,39.9,1008.3,50.9,12.4,Fog
3101.0,2024-05-20,02:00,Summer,5.0,Monday,30.5,1000.5,42.6,16.0,Clear
3100.0,2024-05-20,09:00,Summer,5.0,Monday,34.1,1014.5,51.9,14.6,Clear
3099.0,2024-05-20,12:00,Summer,5.0,Monday,36.9,1006.0,49.9,15.7,Haze
3106.0,2024-05-21,00:00,Summer,5.0,Tuesday,25.5,1008.3,39.4,16.8,Fog
3102.0,2024-05-21,08:00,Summer,5.0,Tuesday,35.2,1001.7,47.7,18.1,Clear
3109.0,2024-05-21,08:00,Summer,5.0,Tuesday,35.0,1001.7,50.7,14.4,Clear
3103.0,2024-05-21,11:00,Summer,5.0,Tuesday,38.0,1005.8,46.0,18.1,Haze
3105.0,2024-05-21,13:00,Summer,5.0,Tuesday,39.2,1009.2,59.4,23.0,Clear
3108.0,2024-05-21,16:00,Summer,5.0,Tuesday,35.9,1008.3,34.2,15.5,Fog
3107.0,2024-05-21,17:00,Summer,5.0,Tuesday,37.4,1003.6,30.6,15.5,Clear
3104.0,2024-05-21,22:00,Summer,5.0,Tuesday,30.8,1002.8,40.0,18.7,Haze
3110.0,2024-05-22,08:00,Summer,5.0,Wednesday,35.1,1009.0,52.6,15.4,Clear
3111.0,2024-05-22,22:00,Summer,5.0,Wednesday,27.4,1006.0,29.2,15.5,Cloudy
3114.0,2024-05-23,14:00,Summer,5.0,Thursday,43.6,1000.7,42.7,15.7,Cloudy
3113.0,2024-05-23,18:00,Summer,5.0,Thursday,37.0,1005.7,34.4,13.2,Clear
3115.0,2024-05-25,04:00,Summer,5.0,Saturday,29.8,1008.0,40.8,13.7,Clear
3116.0,2024-05-25,14:00,Summer,5.0,Saturday,36.1,1012.4,51.4,12.0,Clear
3117.0,2024-05-25,19:00,Summer,5.0,Saturday,33.3,1008.2,48.5,15.3,Haze
3119.0,2024-05-26,01:00,Summer,5.0,Sunday,27.3,1006.8,42.2,14.0,Haze
3120.0,2024-05-26,12:00,Summer,5.0,Sunday,38.7,1000.3,37.5,19.1,Cloudy
3122.0,2024-05-26,15:00,Summer,5.0,Sunday,35.6,999.8,30.5,19.3,Partly Cloudy
3118.0,2024-05-26,22:00,Summer,5.0,Sunday,27.0,1001.1,66.0,19.1,Fog
3124.0,2024-05-27,09:00,Summer,5.0,Monday,36.4,1003.3,59.3,12.4,Fog
3125.0,2024-05-27,13:00,Summer,5.0,Monday,39.5,1008.9,32.3,15.9,Clear
3123.0,2024-05-27,14:00,Summer,5.0,Monday,41.4,999.1,43.2,19.6,Cloudy
3126.0,2024-05-28,09:00,Summer,5.0,Tuesday,40.9,1005.4,36.0,14.2,Clear
3127.0,2024-05-28,13:00,Summer,5.0,Tuesday,41.6,1006.6,51.1,13.2,Partly Cloudy
3128.0,2024-05-28,22:00,Summer,5.0,Tuesday,40.1,997.6,42.3,15.0,Haze
3129.0,2024-05-29,08:00,Summer,5.0,Wednesday,38.6,1000.2,50.9,19.2,Clear
3134.0,2024-05-30,01:00,Summer,5.0,Thursday,28.0,1010.8,68.0,22.9,Clear
3131.0,2024-05-30,02:00,Summer,5.0,Thursday,23.4,1004.9,48.4,14.0,Cloudy
3130.0,2024-05-30,13:00,Summer,5.0,Thursday,38.2,1007.7,40.6,13.5,Haze
3133.0,2024-05-30,15:00,Summer,5.0,Thursday,38.6,1003.8,58.8,18.5,Clear
3132.0,2024-05-30,19:00,Summer,5.0,Thursday,28.4,1006.0,62.3,13.4,Haze
3136.0,2024-05-31,02:00,Summer,5.0,Friday,26.9,999.5,52.95,14.5,Partly Cloudy
3135.0,2024-05-31,09:00,Summer,5.0,Friday,37.4,995.1,43.6,12.5,Cloudy
3137.0,2024-05-31,10:00,Summer,5.0,Friday,38.7,1007.2,53.7,17.6,Partly Cloudy
3143.0,2024-06-01,06:00,Monsoon,6.0,Saturday,23.6,998.1,86.0,21.4,Light Rain
3138.0,2024-06-01,10:00,Monsoon,6.0,Saturday,31.3,1000.7,69.6,20.3,Thunderstorm
3142.0,2024-06-01,12:00,Monsoon,6.0,Saturday,33.8,1001.1500000000001,76.1,20.9,Cloudy
3145.0,2024-06-01,16:00,Monsoon,6.0,Saturday,30.0,1001.6,85.6,26.2,Heavy Rain
3139.0,2024-06-01,20:00,Monsoon,6.0,Saturday,22.6,1000.5,70.6,29.7,Light Rain
3140.0,2024-06-01,20:00,Monsoon,6.0,Saturday,23.8,999.3,74.3,27.1,Light Rain
3141.0,2024-06-01,21:00,Monsoon,6.0,Saturday,22.5,1006.3,78.6,23.5,Thunderstorm
3144.0,2024-06-01,22:00,Monsoon,6.0,Saturday,20.9,1007.2,82.3,32.3,Light Rain
3146.0,2024-06-02,01:00,Monsoon,6.0,Sunday,15.9,998.6,82.7,22.4,Partly Cloudy
3148.0,2024-06-02,09:00,Monsoon,6.0,Sunday,30.1,999.5,92.6,21.8,Cloudy
3147.0,2024-06-02,11:00,Monsoon,6.0,Sunday,33.2,993.7,72.1,21.9,Cloudy
3151.0,2024-06-03,10:00,Monsoon,6.0,Monday,32.9,994.7,97.9,23.3,Cloudy
3152.0,2024-06-03,15:00,Monsoon,6.0,Monday,34.1,1006.9,71.9,26.1,Clear
3149.0,2024-06-03,17:00,Monsoon,6.0,Monday,29.1,998.5,76.5,22.9,Cloudy
3149.0,2024-06-03,17:00,Monsoon,6.0,Monday,29.1,998.5,76.5,22.9,Cloudy
3150.0,2024-06-03,21:00,Monsoon,6.0,Monday,24.7,997.4,85.6,21.4,Cloudy
3156.0,2024-06-04,02:00,Monsoon,6.0,Tuesday,15.5,992.9,76.5,24.0,Heavy Rain
3153.0,2024-06-04,16:00,Monsoon,6.0,Tuesday,25.4,1006.7,88.5,21.9,Cloudy
3155.0,2024-06-04,17:00,Monsoon,6.0,Tuesday,26.6,998.1,79.5,27.1,Cloudy
3154.0,2024-06-04,18:00,Monsoon,6.0,Tuesday,26.1,998.2,80.4,35.0,Light Rain
3157.0,2024-06-04,20:00,Monsoon,6.0,Tuesday,25.5,1006.0,81.2,23.1,Partly Cloudy
3159.0,2024-06-05,05:00,Monsoon,6.0,Wednesday,26.2,995.9,86.2,27.4,Clear
3160.0,2024-06-05,11:00,Monsoon,6.0,Wednesday,33.4,995.0,97.6,25.7,Thunderstorm
3158.0,2024-06-05,15:00,Monsoon,6.0,Wednesday,32.2,993.7,82.6,20.1,Cloudy
3161.0,2024-06-06,10:00,Monsoon,6.0,Thursday,29.9,1000.9,98.4,22.7,Light Rain
3162.0,2024-06-06,14:00,Monsoon,6.0,Thursday,28.8,1002.1,90.1,23.9,Light Rain
3163.0,2024-06-06,14:00,Monsoon,6.0,Thursday,33.1,1003.3,78.2,31.6,Thunderstorm
3165.0,2024-06-07,09:00,Monsoon,6.0,Friday,31.2,1004.0,62.4,22.1,Heavy Rain
3166.0,2024-06-07,11:00,Monsoon,6.0,Friday,34.1,997.2,82.9,21.6,Cloudy
3167.0,2024-06-08,12:00,Monsoon,6.0,Saturday,36.4,1001.0,85.1,23.3,Light Rain
3171.0,2024-06-09,01:00,Monsoon,6.0,Sunday,20.0,997.1,58.5,21.0,Cloudy
3168.0,2024-06-09,03:00,Monsoon,6.0,Sunday,22.9,996.0,84.3,34.7,Light Rain
3169.0,2024-06-09,06:00,Monsoon,6.0,Sunday,31.1,1002.0,86.5,27.2,Cloudy
3174.0,2024-06-09,06:00,Monsoon,6.0,Sunday,24.9,999.7,56.2,22.0,Heavy Rain
3173.0,2024-06-09,07:00,Monsoon,6.0,Sunday,29.2,1004.5,70.9,25.6,Light Rain
3172.0,2024-06-09,14:00,Monsoon,6.0,Sunday,33.2,996.3,91.9,21.2,Cloudy
3175.0,2024-06-09,14:00,Monsoon,6.0,Sunday,32.1,999.0,74.6,26.0,Heavy Rain
3170.0,2024-06-09,21:00,Monsoon,6.0,Sunday,21.0,999.3,84.7,20.3,Heavy Rain
3176.0,2024-06-09,22:00,Monsoon,6.0,Sunday,23.3,999.6,93.5,22.5,Thunderstorm
3178.0,2024-06-10,07:00,Monsoon,6.0,Monday,28.4,995.1,89.5,20.3,Cloudy
3181.0,2024-06-10,10:00,Monsoon,6.0,Monday,36.4,999.1,79.5,23.8,Cloudy
3179.0,2024-06-10,11:00,Monsoon,6.0,Monday,34.6,1005.7,79.2,24.9,Thunderstorm
3180.0,2024-06-10,12:00,Monsoon,6.0,Monday,31.7,1004.1,90.4,26.4,Clear
3177.0,2024-06-10,13:00,Monsoon,6.0,Monday,31.2,994.7,84.4,21.7,Partly Cloudy
3182.0,2024-06-11,16:00,Monsoon,6.0,Tuesday,30.7,1001.1,72.4,26.6,Thunderstorm
3183.0,2024-06-11,16:00,Monsoon,6.0,Tuesday,32.1,1005.0,62.4,25.1,Heavy Rain
3185.0,2024-06-12,03:00,Monsoon,6.0,Wednesday,24.2,1002.6,72.0,21.6,Light Rain
3186.0,2024-06-12,20:00,Monsoon,6.0,Wednesday,19.8,998.8,65.3,22.1,Light Rain
3184.0,2024-06-12,23:00,Monsoon,6.0,Wednesday,20.9,1005.4,64.1,28.7,Cloudy
3188.0,2024-06-13,04:00,Monsoon,6.0,Thursday,26.0,1000.3,81.0,26.6,Thunderstorm
3187.0,2024-06-13,07:00,Monsoon,6.0,Thursday,30.5,1001.2,95.4,25.5,Cloudy
3190.0,2024-06-14,03:00,Monsoon,6.0,Friday,23.0,993.5,91.0,20.6,Light Rain
3189.0,2024-06-14,15:00,Monsoon,6.0,Friday,30.9,1004.3,86.7,20.3,Light Rain
3191.0,2024-06-14,21:00,Monsoon,6.0,Friday,24.1,1001.1,85.1,24.9,Thunderstorm
3194.0,2024-06-15,04:00,Monsoon,6.0,Saturday,26.9,1001.9,87.8,24.7,Light Rain
3193.0,2024-06-15,11:00,Monsoon,6.0,Saturday,35.0,997.8,80.4,24.0,Heavy Rain
3192.0,2024-06-15,14:00,Monsoon,6.0,Saturday,30.2,999.5,74.8,20.9,Light Rain
3195.0,2024-06-15,22:00,Monsoon,6.0,Saturday,21.6,1007.1,76.8,24.3,Partly Cloudy
3198.0,2024-06-16,09:00,Monsoon,6.0,Sunday,32.2,1000.8,75.7,24.6,Clear
3197.0,2024-06-16,13:00,Monsoon,6.0,Sunday,35.0,1010.4,85.5,32.8,Thunderstorm
3202.0,2024-06-17,04:00,Monsoon,6.0,Monday,22.3,999.4,84.6,20.6,Cloudy
3199.0,2024-06-17,06:00,Monsoon,6.0,Monday,26.5,997.9,84.2,33.2,Heavy Rain
3200.0,2024-06-17,12:00,Monsoon,6.0,Monday,31.5,1002.2,79.6,22.0,Clear
3201.0,2024-06-17,19:00,Monsoon,6.0,Monday,29.0,993.5,99.3,23.3,Cloudy
3203.0,2024-06-18,02:00,Monsoon,6.0,Tuesday,24.7,1002.7,73.1,25.3,Cloudy
3205.0,2024-06-18,03:00,Monsoon,6.0,Tuesday,24.2,1002.3,61.5,24.3,Light Rain
3207.0,2024-06-18,13:00,Monsoon,6.0,Tuesday,35.2,1001.7,71.4,25.8,Partly Cloudy
3204.0,2024-06-18,14:00,Monsoon,6.0,Tuesday,30.6,998.7,65.8,28.4,Partly Cloudy
3206.0,2024-06-18,14:00,Monsoon,6.0,Tuesday,34.2,993.0,78.6,21.7,Light Rain
3209.0,2024-06-19,18:00,Monsoon,6.0,Wednesday,27.0,1000.1,58.2,27.8,Cloudy
3208.0,2024-06-19,19:00,Monsoon,6.0,Wednesday,25.9,997.1,84.5,29.6,Heavy Rain
3213.0,2024-06-20,04:00,Monsoon,6.0,Thursday,22.5,997.8,79.7,20.5,Heavy Rain
3211.0,2024-06-20,09:00,Monsoon,6.0,Thursday,27.5,999.8,83.2,24.4,Clear
3210.0,2024-06-20,12:00,Monsoon,6.0,Thursday,30.4,996.7,82.1,28.3,Light Rain
3212.0,2024-06-20,20:00,Monsoon,6.0,Thursday,24.2,999.4,58.0,25.5,Thunderstorm
3217.0,2024-06-21,05:00,Monsoon,6.0,Friday,25.8,998.0,77.2,20.3,Cloudy
3215.0,2024-06-21,19:00,Monsoon,6.0,Friday,26.2,999.0,87.2,20.5,Light Rain
3216.0,2024-06-21,19:00,Monsoon,6.0,Friday,25.9,994.8,97.9,26.9,Light Rain
3214.0,2024-06-21,22:00,Monsoon,6.0,Friday,19.6,1004.7,74.0,24.1,Partly Cloudy
3218.0,2024-06-22,03:00,Monsoon,6.0,Saturday,23.6,1001.4,80.9,23.8,Partly Cloudy
3219.0,2024-06-23,01:00,Monsoon,6.0,Sunday,22.0,1004.8,76.0,21.8,Heavy Rain
3221.0,2024-06-23,15:00,Monsoon,6.0,Sunday,29.5,1006.5,97.2,25.5,Cloudy
3222.0,2024-06-23,17:00,Monsoon,6.0,Sunday,28.2,1003.8,82.3,22.8,Cloudy
3220.0,2024-06-23,21:00,Monsoon,6.0,Sunday,20.7,1004.6,85.7,25.5,Clear
3225.0,2024-06-24,03:00,Monsoon,6.0,Monday,24.8,1005.3,83.9,26.2,Heavy Rain
3223.0,2024-06-24,04:00,Monsoon,6.0,Monday,26.1,1000.6,76.4,28.0,Clear
3224.0,2024-06-24,21:00,Monsoon,6.0,Monday,20.9,994.4,71.8,24.6,Heavy Rain
3226.0,2024-06-25,12:00,Monsoon,6.0,Tuesday,36.2,1000.9,85.8,24.3,Thunderstorm
3227.0,2024-06-25,18:00,Monsoon,6.0,Tuesday,27.1,1007.2,64.3,29.3,Thunderstorm
3229.0,2024-06-26,01:00,Monsoon,6.0,Wednesday,28.3,1002.2,68.5,20.6,Thunderstorm
3230.0,2024-06-26,12:00,Monsoon,6.0,Wednesday,33.6,1000.4,63.4,22.5,Cloudy
3228.0,2024-06-26,22:00,Monsoon,6.0,Wednesday,16.5,999.9,90.8,22.4,Cloudy
3233.0,2024-06-27,03:00,Monsoon,6.0,Thursday,22.3,996.1,85.1,22.9,Cloudy
3231.0,2024-06-27,10:00,Monsoon,6.0,Thursday,34.0,1005.8,68.6,21.4,Cloudy
3232.0,2024-06-27,21:00,Monsoon,6.0,Thursday,23.0,992.0,76.3,24.2,Light Rain
3234.0,2024-06-27,21:00,Monsoon,6.0,Thursday,23.3,1004.2,100.0,31.0,Light Rain
3237.0,2024-06-28,14:00,Monsoon,6.0,Friday,33.6,1000.1,81.7,22.2,Light Rain
3235.0,2024-06-28,19:00,Monsoon,6.0,Friday,26.3,998.1,70.9,30.4,Heavy Rain
3236.0,2024-06-28,19:00,Monsoon,6.0,Friday,28.0,1002.8,87.1,21.3,Light Rain
3238.0,2024-06-29,03:00,Monsoon,6.0,Saturday,22.8,1007.5,70.3,35.3,Heavy Rain
3240.0,2024-06-29,06:00,Monsoon,6.0,Saturday,25.6,998.9,72.7,24.2,Thunderstorm
3239.0,2024-06-29,08:00,Monsoon,6.0,Saturday,32.1,1000.6,94.4,23.9,Clear
3243.0,2024-06-30,05:00,Monsoon,6.0,Sunday,26.3,1001.4,93.1,25.5,Partly Cloudy
3244.0,2024-06-30,05:00,Monsoon,6.0,Sunday,24.6,1006.7,75.2,25.2,Cloudy
3241.0,2024-06-30,18:00,Monsoon,6.0,Sunday,28.3,1007.3,96.6,30.8,Thunderstorm
3242.0,2024-06-30,18:00,Monsoon,6.0,Sunday,27.3,996.3,75.4,26.5,Thunderstorm
3245.0,2024-06-30,19:00,Monsoon,6.0,Sunday,25.0,991.0,78.6,24.7,Heavy Rain
3246.0,2024-07-01,14:00,Monsoon,7.0,Monday,32.7,999.0,76.5,26.2,Cloudy
3247.0,2024-07-01,14:00,Monsoon,7.0,Monday,38.3,1002.5,71.5,27.4,Heavy Rain
3250.0,2024-07-02,03:00,Monsoon,7.0,Tuesday,22.8,1010.2,70.2,22.0,Light Rain
3249.0,2024-07-02,08:00,Monsoon,7.0,Tuesday,28.6,1005.4,77.6,21.7,Thunderstorm
3248.0,2024-07-02,19:00,Monsoon,7.0,Tuesday,27.7,1003.2,75.9,21.1,Cloudy
3253.0,2024-07-03,04:00,Monsoon,7.0,Wednesday,28.0,997.1,71.9,23.7,Heavy Rain
3251.0,2024-07-03,17:00,Monsoon,7.0,Wednesday,24.8,996.0,82.4,26.3,Thunderstorm
3252.0,2024-07-03,17:00,Monsoon,7.0,Wednesday,26.6,996.5,87.2,25.200000000000003,Light Rain
3254.0,2024-07-03,19:00,Monsoon,7.0,Wednesday,21.4,1002.9,78.4,24.1,Cloudy
3259.0,2024-07-04,03:00,Monsoon,7.0,Thursday,21.7,995.0,84.3,27.6,Light Rain
3257.0,2024-07-04,04:00,Monsoon,7.0,Thursday,27.5,1001.3,81.5,23.7,Partly Cloudy
3256.0,2024-07-04,10:00,Monsoon,7.0,Thursday,34.2,995.4,85.2,23.1,Light Rain
3258.0,2024-07-04,21:00,Monsoon,7.0,Thursday,20.9,991.4,75.9,21.1,Light Rain
3255.0,2024-07-04,22:00,Monsoon,7.0,Thursday,22.0,994.6,74.6,21.3,Heavy Rain
3261.0,2024-07-05,01:00,Monsoon,7.0,Friday,28.1,996.3,75.8,23.0,Clear
3260.0,2024-07-05,11:00,Monsoon,7.0,Friday,35.0,995.6,70.4,28.9,Thunderstorm
3262.0,2024-07-05,12:00,Monsoon,7.0,Friday,32.3,1002.2,82.8,22.6,Clear
3266.0,2024-07-06,06:00,Monsoon,7.0,Saturday,37.4,996.7,78.6,27.6,Light Rain
3264.0,2024-07-06,08:00,Monsoon,7.0,Saturday,30.6,998.3,67.5,20.0,Clear
3263.0,2024-07-06,09:00,Monsoon,7.0,Saturday,34.0,1004.8,79.9,20.9,Cloudy
3265.0,2024-07-06,09:00,Monsoon,7.0,Saturday,29.8,997.8,79.5,20.7,Cloudy
3270.0,2024-07-07,02:00,Monsoon,7.0,Sunday,23.1,1001.2,94.3,27.3,Heavy Rain
3267.0,2024-07-07,03:00,Monsoon,7.0,Sunday,25.4,1004.0,86.5,23.1,Light Rain
3269.0,2024-07-07,09:00,Monsoon,7.0,Sunday,29.2,995.3,78.1,22.4,Cloudy
3268.0,2024-07-07,18:00,Monsoon,7.0,Sunday,26.6,997.5,97.2,23.9,Heavy Rain
3272.0,2024-07-07,18:00,Monsoon,7.0,Sunday,21.8,993.7,94.0,24.5,Partly Cloudy
3271.0,2024-07-07,20:00,Monsoon,7.0,Sunday,27.1,996.9,79.2,23.2,Light Rain
3274.0,2024-07-08,01:00,Monsoon,7.0,Monday,24.5,999.1,87.6,21.75,Light Rain
3276.0,2024-07-08,09:00,Monsoon,7.0,Monday,26.3,997.2,80.6,20.3,Partly Cloudy
3275.0,2024-07-08,19:00,Monsoon,7.0,Monday,25.7,1005.0,90.2,20.8,Clear
3273.0,2024-07-08,20:00,Monsoon,7.0,Monday,22.0,1007.8,80.6,20.8,Light Rain
3277.0,2024-07-09,01:00,Monsoon,7.0,Tuesday,18.4,999.6,79.7,21.6,Cloudy
3278.0,2024-07-09,01:00,Monsoon,7.0,Tuesday,25.0,1002.2,89.8,22.1,Heavy Rain
3283.0,2024-07-09,13:00,Monsoon,7.0,Tuesday,30.2,1004.8,66.0,21.8,Thunderstorm
3281.0,2024-07-09,15:00,Monsoon,7.0,Tuesday,33.0,1006.6,68.8,27.0,Light Rain
3282.0,2024-07-09,15:00,Monsoon,7.0,Tuesday,29.5,997.5,62.3,24.8,Thunderstorm
3280.0,2024-07-09,16:00,Monsoon,7.0,Tuesday,30.2,1001.6,84.4,32.2,Light Rain
3279.0,2024-07-09,23:00,Monsoon,7.0,Tuesday,22.7,1003.0,87.2,27.3,Light Rain
3284.0,2024-07-10,06:00,Monsoon,7.0,Wednesday,24.5,998.9,76.2,24.7,Thunderstorm
3286.0,2024-07-10,10:00,Monsoon,7.0,Wednesday,32.8,997.8,76.8,28.1,Thunderstorm
3285.0,2024-07-10,20:00,Monsoon,7.0,Wednesday,21.5,1003.1,84.3,22.1,Cloudy
3287.0,2024-07-10,23:00,Monsoon,7.0,Wednesday,21.3,1005.4,71.3,24.1,Light Rain
3288.0,2024-07-11,00:00,Monsoon,7.0,Thursday,20.1,1004.2,88.9,23.7,Cloudy
3289.0,2024-07-11,10:00,Monsoon,7.0,Thursday,34.7,1001.0,64.4,23.7,Heavy Rain
3290.0,2024-07-11,22:00,Monsoon,7.0,Thursday,22.2,1007.3,73.0,29.3,Partly Cloudy
3290.0,2024-07-11,22:00,Monsoon,7.0,Thursday,22.2,1007.3,73.0,29.3,Partly Cloudy
3292.0,2024-07-12,03:00,Monsoon,7.0,Friday,24.35,1003.9,57.5,28.6,Light Rain
3291.0,2024-07-12,20:00,Monsoon,7.0,Friday,26.5,1007.3,83.8,26.3,Cloudy
3293.0,2024-07-13,06:00,Monsoon,7.0,Saturday,28.6,1004.7,76.9,25.7,Clear
3294.0,2024-07-13,14:00,Monsoon,7.0,Saturday,35.8,1006.5,81.2,25.0,Heavy Rain
3295.0,2024-07-13,17:00,Monsoon,7.0,Saturday,25.5,994.1,68.7,27.0,Heavy Rain
3296.0,2024-07-14,11:00,Monsoon,7.0,Sunday,30.8,997.9,65.3,21.4,Partly Cloudy
3297.0,2024-07-14,16:00,Monsoon,7.0,Sunday,32.0,993.5,71.1,25.2,Light Rain
3298.0,2024-07-15,00:00,Monsoon,7.0,Monday,20.5,1003.0,75.2,23.1,Cloudy
3300.0,2024-07-15,00:00,Monsoon,7.0,Monday,23.8,999.8,82.5,30.5,Cloudy
3299.0,2024-07-15,10:00,Monsoon,7.0,Monday,32.7,1005.9,62.3,20.2,Cloudy
3303.0,2024-07-16,09:00,Monsoon,7.0,Tuesday,34.2,1000.3,95.1,24.3,Light Rain
3301.0,2024-07-16,14:00,Monsoon,7.0,Tuesday,29.6,999.2,89.3,25.9,Cloudy
3302.0,2024-07-16,20:00,Monsoon,7.0,Tuesday,23.9,1003.1,89.5,21.1,Light Rain
3305.0,2024-07-17,01:00,Monsoon,7.0,Wednesday,24.6,1001.1,84.5,21.9,Clear
3308.0,2024-07-17,03:00,Monsoon,7.0,Wednesday,21.9,1001.4,74.7,22.9,Cloudy
3304.0,2024-07-17,06:00,Monsoon,7.0,Wednesday,25.9,997.7,94.2,20.2,Light Rain
3306.0,2024-07-17,09:00,Monsoon,7.0,Wednesday,31.6,999.3,86.0,25.0,Light Rain
3309.0,2024-07-17,11:00,Monsoon,7.0,Wednesday,35.3,996.3,74.7,26.7,Cloudy
3310.0,2024-07-17,18:00,Monsoon,7.0,Wednesday,30.3,1003.9,68.3,20.1,Partly Cloudy
3307.0,2024-07-17,23:00,Monsoon,7.0,Wednesday,22.2,1001.8,69.4,33.9,Clear
3312.0,2024-07-18,07:00,Monsoon,7.0,Thursday,28.1,1000.2,72.4,21.6,Light Rain
3311.0,2024-07-18,10:00,Monsoon,7.0,Thursday,34.4,1001.4,94.4,24.5,Thunderstorm
3313.0,2024-07-18,17:00,Monsoon,7.0,Thursday,25.2,999.2,66.9,22.2,Partly Cloudy
3314.0,2024-07-19,10:00,Monsoon,7.0,Friday,29.5,995.4,81.7,26.4,Partly Cloudy
3317.0,2024-07-20,02:00,Monsoon,7.0,Saturday,25.0,1010.9,70.6,25.3,Clear
3315.0,2024-07-20,10:00,Monsoon,7.0,Saturday,27.8,996.0,72.8,20.1,Cloudy
3318.0,2024-07-20,11:00,Monsoon,7.0,Saturday,28.8,997.3,67.8,27.9,Cloudy
3316.0,2024-07-20,12:00,Monsoon,7.0,Saturday,34.5,997.8,71.9,23.7,Light Rain
3319.0,2024-07-21,02:00,Monsoon,7.0,Sunday,21.2,1003.8,71.7,23.8,Heavy Rain
3323.0,2024-07-22,01:00,Monsoon,7.0,Monday,24.5,1001.3,92.6,20.3,Heavy Rain
3320.0,2024-07-22,09:00,Monsoon,7.0,Monday,33.0,1001.2,77.7,33.0,Cloudy
3321.0,2024-07-22,16:00,Monsoon,7.0,Monday,29.2,999.7,88.4,24.0,Heavy Rain
3324.0,2024-07-22,16:00,Monsoon,7.0,Monday,29.6,995.4,73.8,20.2,Cloudy
3322.0,2024-07-22,21:00,Monsoon,7.0,Monday,25.9,998.25,77.75,28.0,Cloudy
3326.0,2024-07-23,01:00,Monsoon,7.0,Tuesday,22.2,1001.1,81.7,30.0,Light Rain
3325.0,2024-07-23,15:00,Monsoon,7.0,Tuesday,29.3,1004.1,94.2,32.0,Light Rain
3327.0,2024-07-23,21:00,Monsoon,7.0,Tuesday,21.5,1010.5,73.3,21.7,Heavy Rain
3333.0,2024-07-24,00:00,Monsoon,7.0,Wednesday,17.3,998.4,71.1,24.3,Heavy Rain
3329.0,2024-07-24,05:00,Monsoon,7.0,Wednesday,27.9,1001.1,74.2,24.7,Partly Cloudy
3332.0,2024-07-24,07:00,Monsoon,7.0,Wednesday,30.0,1005.9,87.3,21.3,Partly Cloudy
3330.0,2024-07-24,09:00,Monsoon,7.0,Wednesday,31.4,1002.9,84.4,29.4,Heavy Rain
3331.0,2024-07-24,09:00,Monsoon,7.0,Wednesday,33.2,993.2,81.1,21.5,Light Rain
3334.0,2024-07-24,12:00,Monsoon,7.0,Wednesday,33.9,1001.9,77.5,28.4,Light Rain
3328.0,2024-07-24,19:00,Monsoon,7.0,Wednesday,21.5,1002.4,75.9,24.2,Light Rain
3336.0,2024-07-25,08:00,Monsoon,7.0,Thursday,27.3,1003.6,77.4,23.1,Heavy Rain
3338.0,2024-07-25,09:00,Monsoon,7.0,Thursday,29.5,998.8,94.2,22.1,Light Rain
3337.0,2024-07-25,21:00,Monsoon,7.0,Thursday,21.9,1004.7,85.4,24.7,Clear
3335.0,2024-07-25,23:00,Monsoon,7.0,Thursday,23.1,1002.6,62.4,26.2,Cloudy
3340.0,2024-07-26,04:00,Monsoon,7.0,Friday,25.5,1001.4,75.9,20.4,Cloudy
3339.0,2024-07-26,14:00,Monsoon,7.0,Friday,35.0,996.0,75.8,25.5,Cloudy
3343.0,2024-07-27,12:00,Monsoon,7.0,Saturday,34.1,1005.0,71.2,23.7,Thunderstorm
3342.0,2024-07-27,15:00,Monsoon,7.0,Saturday,28.7,992.6,94.2,22.7,Cloudy
3341.0,2024-07-27,21:00,Monsoon,7.0,Saturday,27.8,994.3,88.6,20.0,Clear
3344.0,2024-07-27,21:00,Monsoon,7.0,Saturday,23.3,997.5,92.3,24.3,Cloudy
3348.0,2024-07-28,08:00,Monsoon,7.0,Sunday,29.9,998.2,85.3,24.4,Light Rain
3349.0,2024-07-28,15:00,Monsoon,7.0,Sunday,32.2,1006.7,81.7,24.8,Light Rain
3346.0,2024-07-28,17:00,Monsoon,7.0,Sunday,31.6,999.3,74.7,24.6,Heavy Rain
3345.0,2024-07-28,19:00,Monsoon,7.0,Sunday,22.1,999.2,72.3,20.7,Partly Cloudy
3350.0,2024-07-30,01:00,Monsoon,7.0,Tuesday,21.9,1002.4,89.5,23.6,Thunderstorm
3351.0,2024-07-31,01:00,Monsoon,7.0,Wednesday,19.5,996.5,63.4,32.5,Thunderstorm
3353.0,2024-07-31,07:00,Monsoon,7.0,Wednesday,30.0,1008.4,94.5,26.5,Light Rain
3352.0,2024-07-31,11:00,Monsoon,7.0,Wednesday,35.3,998.7,74.7,20.5,Cloudy
3354.0,2024-08-01,08:00,Monsoon,8.0,Thursday,30.1,1008.1,91.5,21.7,Clear
3356.0,2024-08-01,08:00,Monsoon,8.0,Thursday,28.7,1004.5,82.0,22.7,Light Rain
3355.0,2024-08-01,11:00,Monsoon,8.0,Thursday,29.6,1001.0,73.6,21.3,Heavy Rain
3358.0,2024-08-02,01:00,Monsoon,8.0,Friday,22.2,1004.9,81.2,22.4,Light Rain
3359.0,2024-08-02,15:00,Monsoon,8.0,Friday,29.2,1003.7,77.7,20.4,Heavy Rain
3363.0,2024-08-03,00:00,Monsoon,8.0,Saturday,25.4,999.2,94.3,24.7,Partly Cloudy
3362.0,2024-08-03,01:00,Monsoon,8.0,Saturday,22.0,999.3,60.3,25.2,Cloudy
3365.0,2024-08-03,03:00,Monsoon,8.0,Saturday,23.9,997.7,67.3,21.5,Thunderstorm
3361.0,2024-08-03,06:00,Monsoon,8.0,Saturday,29.6,1001.1,94.9,25.0,Thunderstorm
3364.0,2024-08-03,18:00,Monsoon,8.0,Saturday,29.3,989.1,97.2,24.8,Light Rain
3360.0,2024-08-03,19:00,Monsoon,8.0,Saturday,23.6,1003.9,90.3,26.4,Cloudy
3368.0,2024-08-04,01:00,Monsoon,8.0,Sunday,18.4,1000.4,91.1,23.7,Heavy Rain
3370.0,2024-08-04,01:00,Monsoon,8.0,Sunday,20.4,999.4,64.5,28.0,Heavy Rain
3369.0,2024-08-04,13:00,Monsoon,8.0,Sunday,34.0,1005.1,75.5,25.65,Clear
3371.0,2024-08-04,14:00,Monsoon,8.0,Sunday,32.6,1000.1,82.25,23.3,Partly Cloudy
3367.0,2024-08-04,21:00,Monsoon,8.0,Sunday,23.5,1001.8,89.0,21.2,Cloudy
3366.0,2024-08-04,23:00,Monsoon,8.0,Sunday,19.9,1010.0,83.5,22.6,Clear
3373.0,2024-08-05,04:00,Monsoon,8.0,Monday,24.8,996.7,68.8,28.8,Light Rain
3375.0,2024-08-05,06:00,Monsoon,8.0,Monday,23.1,999.3,86.7,23.1,Heavy Rain
3372.0,2024-08-05,11:00,Monsoon,8.0,Monday,28.4,997.1,84.6,23.4,Heavy Rain
3374.0,2024-08-05,19:00,Monsoon,8.0,Monday,24.9,999.7,65.9,22.0,Light Rain
3376.0,2024-08-06,23:00,Monsoon,8.0,Tuesday,21.3,1004.6,77.8,22.2,Heavy Rain
3378.0,2024-08-07,09:00,Monsoon,8.0,Wednesday,32.8,1001.4,68.6,26.3,Light Rain
3377.0,2024-08-07,20:00,Monsoon,8.0,Wednesday,26.1,1000.0,91.0,21.5,Heavy Rain
3379.0,2024-08-08,13:00,Monsoon,8.0,Thursday,36.0,1001.3,80.7,23.0,Light Rain
3380.0,2024-08-08,13:00,Monsoon,8.0,Thursday,33.9,1000.2,92.5,24.8,Partly Cloudy
3385.0,2024-08-09,01:00,Monsoon,8.0,Friday,23.0,1000.4,82.5,21.5,Heavy Rain
3381.0,2024-08-09,04:00,Monsoon,8.0,Friday,23.2,1001.1,89.8,28.9,Partly Cloudy
3386.0,2024-08-09,11:00,Monsoon,8.0,Friday,32.9,1000.5,83.1,22.2,Cloudy
3384.0,2024-08-09,13:00,Monsoon,8.0,Friday,34.0,996.7,76.4,29.5,Partly Cloudy
3382.0,2024-08-09,17:00,Monsoon,8.0,Friday,30.1,996.7,88.3,23.7,Thunderstorm
3383.0,2024-08-09,23:00,Monsoon,8.0,Friday,26.6,1001.3,77.2,25.6,Thunderstorm
3390.0,2024-08-10,03:00,Monsoon,8.0,Saturday,25.8,1001.0,82.9,20.7,Light Rain
3389.0,2024-08-10,05:00,Monsoon,8.0,Saturday,25.8,1002.7,81.9,23.7,Light Rain
3391.0,2024-08-10,12:00,Monsoon,8.0,Saturday,32.5,1006.2,91.6,21.8,Heavy Rain
3387.0,2024-08-10,21:00,Monsoon,8.0,Saturday,23.7,999.8,84.4,20.7,Partly Cloudy
3388.0,2024-08-10,23:00,Monsoon,8.0,Saturday,25.3,991.0,96.2,26.3,Cloudy
3392.0,2024-08-11,03:00,Monsoon,8.0,Sunday,24.8,1002.7,100.0,26.5,Cloudy
3393.0,2024-08-11,21:00,Monsoon,8.0,Sunday,23.6,999.1,72.5,23.45,Clear
3398.0,2024-08-12,00:00,Monsoon,8.0,Monday,16.3,998.6,81.1,20.4,Thunderstorm
3400.0,2024-08-12,03:00,Monsoon,8.0,Monday,21.4,996.3,100.0,24.8,Partly Cloudy
3399.0,2024-08-12,12:00,Monsoon,8.0,Monday,36.1,995.9,71.8,23.9,Partly Cloudy
3394.0,2024-08-12,13:00,Monsoon,8.0,Monday,33.0,1001.4,82.7,34.7,Thunderstorm
3395.0,2024-08-12,15:00,Monsoon,8.0,Monday,30.5,994.1,73.5,28.9,Cloudy
3397.0,2024-08-12,23:00,Monsoon,8.0,Monday,18.6,1001.7,89.3,24.3,Light Rain
3404.0,2024-08-13,02:00,Monsoon,8.0,Tuesday,22.8,1005.9,72.2,21.7,Cloudy
3409.0,2024-08-13,03:00,Monsoon,8.0,Tuesday,18.7,1002.5,100.0,28.4,Partly Cloudy
3408.0,2024-08-13,04:00,Monsoon,8.0,Tuesday,19.0,999.4,93.5,26.9,Cloudy
3406.0,2024-08-13,12:00,Monsoon,8.0,Tuesday,34.6,997.8,62.1,33.8,Light Rain
3407.0,2024-08-13,15:00,Monsoon,8.0,Tuesday,32.2,996.1,89.1,25.2,Heavy Rain
3402.0,2024-08-13,17:00,Monsoon,8.0,Tuesday,25.1,998.4,86.8,26.7,Partly Cloudy
3401.0,2024-08-13,19:00,Monsoon,8.0,Tuesday,27.7,990.4,88.3,26.0,Partly Cloudy
3405.0,2024-08-13,22:00,Monsoon,8.0,Tuesday,24.3,997.9,64.8,21.1,Partly Cloudy
3414.0,2024-08-14,06:00,Monsoon,8.0,Wednesday,26.4,994.6,62.4,20.2,Thunderstorm
3411.0,2024-08-14,07:00,Monsoon,8.0,Wednesday,27.4,1007.9,79.4,23.1,Light Rain
3413.0,2024-08-14,13:00,Monsoon,8.0,Wednesday,34.6,995.7,77.9,23.9,Light Rain
3415.0,2024-08-14,13:00,Monsoon,8.0,Wednesday,29.9,994.2,82.7,28.8,Clear
3412.0,2024-08-14,18:00,Monsoon,8.0,Wednesday,24.5,1005.4,74.9,26.2,Light Rain
3410.0,2024-08-14,20:00,Monsoon,8.0,Wednesday,20.4,1001.7,82.1,24.1,Heavy Rain
3416.0,2024-08-15,05:00,Monsoon,8.0,Thursday,28.1,998.2,85.1,21.9,Clear
3423.0,2024-08-15,06:00,Monsoon,8.0,Thursday,30.4,996.1,77.5,20.3,Cloudy
3417.0,2024-08-15,11:00,Monsoon,8.0,Thursday,30.3,1006.4,76.7,21.7,Light Rain
3426.0,2024-08-15,11:00,Monsoon,8.0,Thursday,31.25,1008.4,82.6,21.9,Light Rain
3420.0,2024-08-15,12:00,Monsoon,8.0,Thursday,32.2,998.4,70.4,22.4,Cloudy
3422.0,2024-08-15,13:00,Monsoon,8.0,Thursday,28.7,1002.6,65.8,23.4,Light Rain
3424.0,2024-08-15,13:00,Monsoon,8.0,Thursday,26.0,995.6,98.3,20.9,Thunderstorm
3425.0,2024-08-15,14:00,Monsoon,8.0,Thursday,34.5,998.8,91.4,24.0,Clear
3418.0,2024-08-15,15:00,Monsoon,8.0,Thursday,29.6,999.0,84.5,24.7,Partly Cloudy
3419.0,2024-08-15,16:00,Monsoon,8.0,Thursday,24.5,1001.7,100.0,21.1,Light Rain
3421.0,2024-08-15,22:00,Monsoon,8.0,Thursday,23.3,997.9,100.0,25.6,Cloudy
3428.0,2024-08-16,08:00,Monsoon,8.0,Friday,29.1,1000.1,86.4,27.5,Cloudy
3430.0,2024-08-16,14:00,Monsoon,8.0,Friday,30.7,1007.7,86.7,22.5,Heavy Rain
3427.0,2024-08-16,16:00,Monsoon,8.0,Friday,27.6,1002.5,79.5,20.7,Light Rain
3429.0,2024-08-16,21:00,Monsoon,8.0,Friday,25.0,1001.9,92.8,20.7,Partly Cloudy
3432.0,2024-08-17,01:00,Monsoon,8.0,Saturday,20.1,1004.5,83.75,23.1,Partly Cloudy
3431.0,2024-08-17,11:00,Monsoon,8.0,Saturday,33.4,1005.6,74.7,27.4,Light Rain
3433.0,2024-08-18,04:00,Monsoon,8.0,Sunday,28.0,998.5,94.1,22.5,Heavy Rain
3434.0,2024-08-18,12:00,Monsoon,8.0,Sunday,32.7,999.5,59.4,26.3,Light Rain
3441.0,2024-08-19,00:00,Monsoon,8.0,Monday,16.6,1006.4,70.8,25.3,Cloudy
3437.0,2024-08-19,07:00,Monsoon,8.0,Monday,26.5,1002.1,74.7,26.5,Heavy Rain
3440.0,2024-08-19,10:00,Monsoon,8.0,Monday,32.7,994.8,80.9,20.7,Partly Cloudy
3438.0,2024-08-19,13:00,Monsoon,8.0,Monday,32.1,1009.8,70.5,21.1,Light Rain
3439.0,2024-08-19,14:00,Monsoon,8.0,Monday,31.1,999.0,84.1,27.5,Cloudy
3435.0,2024-08-19,19:00,Monsoon,8.0,Monday,23.5,999.7,87.1,22.7,Thunderstorm
3442.0,2024-08-19,20:00,Monsoon,8.0,Monday,20.7,996.0,82.55,31.5,Cloudy
3436.0,2024-08-19,22:00,Monsoon,8.0,Monday,19.7,1010.9,78.0,30.1,Heavy Rain
3443.0,2024-08-20,02:00,Monsoon,8.0,Tuesday,22.3,1003.3,87.2,20.4,Cloudy
3446.0,2024-08-20,13:00,Monsoon,8.0,Tuesday,28.7,998.7,99.9,21.4,Light Rain
3444.0,2024-08-20,16:00,Monsoon,8.0,Tuesday,28.6,998.0,85.1,21.2,Heavy Rain
3445.0,2024-08-20,18:00,Monsoon,8.0,Tuesday,29.8,997.3,70.3,27.4,Partly Cloudy
3449.0,2024-08-21,07:00,Monsoon,8.0,Wednesday,30.5,998.0,86.4,25.2,Light Rain
3447.0,2024-08-21,21:00,Monsoon,8.0,Wednesday,20.4,1003.4,81.3,25.9,Cloudy
3448.0,2024-08-21,22:00,Monsoon,8.0,Wednesday,19.8,1003.8,80.9,28.9,Light Rain
3451.0,2024-08-22,19:00,Monsoon,8.0,Thursday,26.0,1000.9,80.2,21.7,Light Rain
3452.0,2024-08-23,02:00,Monsoon,8.0,Friday,20.2,995.4,80.2,20.8,Partly Cloudy
3453.0,2024-08-23,04:00,Monsoon,8.0,Friday,24.9,999.5,81.9,22.0,Heavy Rain
3455.0,2024-08-23,05:00,Monsoon,8.0,Friday,28.3,1003.6,70.0,20.1,Light Rain
3454.0,2024-08-23,08:00,Monsoon,8.0,Friday,28.8,1001.4,91.3,23.2,Clear
3457.0,2024-08-24,01:00,Monsoon,8.0,Saturday,20.0,995.7,78.3,26.2,Heavy Rain
3456.0,2024-08-24,21:00,Monsoon,8.0,Saturday,27.9,1003.5,70.9,21.5,Cloudy
3459.0,2024-08-25,04:00,Monsoon,8.0,Sunday,22.9,1002.7,71.0,22.5,Thunderstorm
3460.0,2024-08-25,07:00,Monsoon,8.0,Sunday,28.8,998.2,67.4,24.3,Clear
3458.0,2024-08-25,12:00,Monsoon,8.0,Sunday,32.9,994.7,83.3,22.7,Cloudy
3461.0,2024-08-25,22:00,Monsoon,8.0,Sunday,25.5,996.7,69.8,22.8,Light Rain
3462.0,2024-08-26,00:00,Monsoon,8.0,Monday,24.0,1000.4,93.5,27.1,Heavy Rain
3466.0,2024-08-26,10:00,Monsoon,8.0,Monday,31.8,999.2,76.0,24.6,Light Rain
3464.0,2024-08-26,11:00,Monsoon,8.0,Monday,37.6,997.9,77.0,21.0,Clear
3463.0,2024-08-26,19:00,Monsoon,8.0,Monday,30.2,997.2,87.1,25.3,Cloudy
3465.0,2024-08-26,22:00,Monsoon,8.0,Monday,22.5,999.7,86.3,21.2,Heavy Rain
3467.0,2024-08-27,06:00,Monsoon,8.0,Tuesday,25.6,1002.2,79.3,30.7,Clear
3468.0,2024-08-27,14:00,Monsoon,8.0,Tuesday,30.1,998.6,69.3,20.1,Heavy Rain
3469.0,2024-08-27,21:00,Monsoon,8.0,Tuesday,22.6,993.0,79.3,20.9,Clear
3470.0,2024-08-27,23:00,Monsoon,8.0,Tuesday,19.5,997.4,92.1,20.9,Thunderstorm
3474.0,2024-08-28,02:00,Monsoon,8.0,Wednesday,19.8,995.6,87.2,27.8,Thunderstorm
3471.0,2024-08-28,10:00,Monsoon,8.0,Wednesday,29.8,1003.9,81.85,20.4,Partly Cloudy
3476.0,2024-08-28,13:00,Monsoon,8.0,Wednesday,29.8,995.2,76.5,30.2,Partly Cloudy
3473.0,2024-08-28,15:00,Monsoon,8.0,Wednesday,36.4,999.3,83.7,21.0,Light Rain
3475.0,2024-08-28,19:00,Monsoon,8.0,Wednesday,22.9,995.2,67.7,22.5,Thunderstorm
3472.0,2024-08-28,21:00,Monsoon,8.0,Wednesday,24.4,996.6,74.1,20.6,Light Rain
3478.0,2024-08-29,00:00,Monsoon,8.0,Thursday,22.7,1004.4,88.1,25.3,Cloudy
3480.0,2024-08-29,14:00,Monsoon,8.0,Thursday,34.3,994.2,75.5,26.2,Clear
3479.0,2024-08-29,20:00,Monsoon,8.0,Thursday,22.1,999.2,89.8,31.6,Partly Cloudy
3481.0,2024-08-30,00:00,Monsoon,8.0,Friday,21.8,1006.5,73.3,28.3,Cloudy
3483.0,2024-08-30,01:00,Monsoon,8.0,Friday,19.5,996.3,66.1,26.3,Light Rain
3485.0,2024-08-30,05:00,Monsoon,8.0,Friday,23.3,996.1,82.8,23.6,Heavy Rain
3486.0,2024-08-30,07:00,Monsoon,8.0,Friday,27.0,997.2,76.3,27.0,Clear
3482.0,2024-08-30,16:00,Monsoon,8.0,Friday,27.6,998.4,85.9,25.7,Partly Cloudy
3484.0,2024-08-30,19:00,Monsoon,8.0,Friday,24.5,1001.8,81.9,20.4,Thunderstorm
3489.0,2024-08-31,00:00,Monsoon,8.0,Saturday,24.15,1003.5,69.4,24.9,Light Rain
3490.0,2024-08-31,02:00,Monsoon,8.0,Saturday,23.8,1002.7,84.7,22.3,Cloudy
3487.0,2024-08-31,15:00,Monsoon,8.0,Saturday,34.1,1003.2,91.2,24.7,Cloudy
3488.0,2024-08-31,18:00,Monsoon,8.0,Saturday,29.9,1000.8,71.8,26.1,Cloudy
