record_id,date,time,season,month,day_of_week,temperature,pressure,humidity,wind_speed,weather_condition
6,2022-01-01,11:00,Winter,1,Saturday,24.7,1017.3,37.4,9.1,Fog
1,2022-01-01,17:00,Winter,1,Saturday,21.7,1022.8,56.9,14,Clear
3,2022-01-01,19:00,Winter,1,Saturday,16.2,1010.2,48.6,12.2,Clear
4,2022-01-01,19:00,Winter,1,Saturday,19.5,1028.7,45.2,14.4,Clear
5,2022-01-01,20:00,Winter,1,Saturday,16.7,1022.8,47.5,8.3,Clear
2,2022-01-01,21:00,Winter,1,Saturday,12.9,1023.3,61.8,14.6,Cloudy
12,2022-01-02,02:00,Winter,1,Sunday,12.8,1015.1,58.1,8.2,Clear
8,2022-01-02,13:00,Winter,1,Sunday,22,1022.6,55.5,,Cloudy
9,2022-01-02,16:00,Winter,1,Sunday,19.7,1021.5,56,10.1,Partly Cloudy
7,2022-01-02,18:00,Winter,1,Sunday,22.2,1022.4,44,8.8,Partly Cloudy
11,2022-01-02,20:00,Winter,1,Sunday,16.9,1011,65.7,11.1,Fog
10,2022-01-02,23:00,Winter,1,Sunday,9.2,1022.3,63.2,20.6,Cloudy
14,2022-01-03,06:00,Winter,1,Monday,22,1015.7,52,88,Clear
16,2022-01-03,11:00,Winter,1,Monday,24.1,1016.3,45.1,12.1,Clear
15,2022-01-03,16:00,Winter,1,Monday,21.5,1011.2,46.6,11,Haze
13,2022-01-03,22:00,Winter,1,Monday,16.6,1023.9,32.4,13.6,Fog
17,2022-01-04,08:00,Winter,1,Tuesday,19.1,1017,51.7,11.1,Clear
18,2022-01-04,14:00,Winter,1,Tuesday,28.2,1019.3,44.1,9.7,Clear
23,2022-01-05,07:00,Winter,1,Wednesday,19.2,1023.6,59,10.9,Haze
21,2022-01-05,12:00,Winter,1,Wednesday,26.6,1015.4,52.7,12.1,Clear
19,2022-01-05,17:00,Winter,1,Wednesday,19.9,1022.1,51.8,13.6,Haze
20,2022-01-05,20:00,Winter,1,Wednesday,10,1019,57.8,28,Clear
22,2022-01-05,20:00,Winter,1,Wednesday,16.5,1013.9,45.2,17.7,Haze
24,2022-01-06,13:00,Winter,1,Thursday,25.9,1016.6,35.7,13.2,Haze
27,2022-01-07,06:00,Winter,1,Friday,16.1,1018,30.7,17.1,Clear
25,2022-01-07,07:00,Winter,1,Friday,19,1016.9,71.2,9.6,Partly Cloudy
30,2022-01-07,10:00,Winter,1,Friday,25.2,1016,,12.4,Haze
29,2022-01-07,11:00,Winter,1,Friday,22.8,1017.9,59.3,10.6,Cloudy
26,2022-01-07,13:00,Winter,1,Friday,22.7,1019.9,41.3,9.6,Clear
28,2022-01-07,22:00,Winter,1,Friday,14.2,1016.4,52,15.1,Clear
33,2022-01-08,10:00,Winter,1,Saturday,25.8,1029,49.8,9.9,Partly Cloudy
35,2022-01-08,12:00,Winter,1,Saturday,26.3,1011.1,34.4,19.7,Partly Cloudy
31,2022-01-08,21:00,Winter,1,Saturday,11.6,1021.3,38.4,16.5,Partly Cloudy
32,2022-01-08,21:00,Winter,1,Saturday,11.7,1015.5,52.7,8.1,Clear
34,2022-01-08,21:00,Winter,1,Saturday,15.3,1020.1,55.6,13.5,Fog
37,2022-01-09,01:00,Winter,1,Sunday,14.6,1013.2,66.5,12.4,Fog
36,2022-01-09,17:00,Winter,1,Sunday,21.5,1022.5,66.1,13.5,Clear
38,2022-01-09,20:00,Winter,1,Sunday,17.4,1025.3,60.3,8.3,Clear
39,2022-01-10,14:00,Winter,1,Monday,20,1017.9,56.4,11.2,Clear
42,2022-01-10,14:00,Winter,1,Monday,29,1017.3,61.8,16.7,Clear
41,2022-01-10,17:00,Winter,1,Monday,23.2,1023.1,50.4,13.4,Haze
43,2022-01-10,18:00,Winter,1,Monday,19.3,1015.9,64.4,13.5,Fog
40,2022-01-10,19:00,Winter,1,Monday,14.1,1018.8,66.2,12,Fog
46,2022-01-11,11:00,Winter,1,Tuesday,19.5,1025.5,52.6,14,Fog
47,2022-01-11,12:00,Winter,1,Tuesday,26.7,1014.3,62.4,18,Partly Cloudy
44,2022-01-11,22:00,Winter,1,Tuesday,10.9,1018.2,58.1,12.7,
45,2022-01-11,23:00,Winter,1,Tuesday,14.8,1024.1,48.3,8.6,Haze
51,2022-01-12,00:00,Winter,1,Wednesday,11.6,1013.7,60.9,9.6,Clear
53,2022-01-12,02:00,Winter,1,Wednesday,12,1017.2,48.2,9.9,Clear
50,2022-01-12,04:00,Winter,1,Wednesday,18,1014.7,,10.2,Fog
49,2022-01-12,10:00,Winter,1,Wednesday,21.9,1020.9,49,8.2,Haze
55,2022-01-12,18:00,Winter,1,Wednesday,14.6,1021.4,44.4,8.1,Haze
48,2022-01-12,21:00,Winter,1,Wednesday,10.6,1015.1,43.9,11.4,Clear
54,2022-01-12,21:00,Winter,1,Wednesday,12.1,1018.5,46.1,10,Clear
56,2022-01-12,22:00,Winter,1,Wednesday,15.4,1012.1,59.4,15.3,Clear
52,2022-01-12,23:00,Winter,1,Wednesday,9.9,1020.3,46.9,18.4,Partly Cloudy
57,2022-01-13,06:00,Winter,1,Thursday,15.9,1013.3,51.2,10.4,Cloudy
58,2022-01-13,11:00,Winter,1,Thursday,21,1009.9,71,18.1,Clear
60,2022-01-14,04:00,Winter,1,Friday,14.4,1018.2,67.3,17.8,Fog
59,2022-01-14,14:00,Winter,1,Friday,22.2,1019.6,,12.5,Cloudy
61,2022-01-14,14:00,Winter,1,Friday,22.2,1021.1,44.7,13.5,Clear
66,2022-01-15,00:00,Winter,1,Saturday,10.9,1014.4,54.3,10.9,Haze
62,2022-01-15,07:00,Winter,1,Saturday,24,1020,65.6,11.4,Partly Cloudy
65,2022-01-15,07:00,Winter,1,Saturday,22.6,1019.9,53,12.4,Fog
63,2022-01-15,09:00,Winter,1,Saturday,20.2,1020.7,58.5,13.5,Clear
64,2022-01-15,15:00,Winter,1,Saturday,17.7,1013.8,75.1,8.8,Partly Cloudy
69,2022-01-16,02:00,Winter,1,Sunday,14,1019.8,48.7,14.3,Cloudy
68,2022-01-16,04:00,Winter,1,Sunday,11.9,1024.7,55.1,9.3,Partly Cloudy
67,2022-01-16,11:00,Winter,1,Sunday,21.8,1023.5,51.3,10.7,Clear
70,2022-01-17,00:00,Winter,1,Monday,13,1014.4,53.1,8.3,Cloudy
75,2022-01-17,01:00,Winter,1,Monday,11.2,1020.8,61.3,11.5,Partly Cloudy
73,2022-01-17,02:00,Winter,1,Monday,10,1020.9,47,14.4,Clear
71,2022-01-17,03:00,Winter,1,Monday,13.1,1019.9,51.4,23,Fog
72,2022-01-17,07:00,Winter,1,Monday,17.8,1021.5,50.7,13.3,Clear
74,2022-01-17,09:00,Winter,1,Monday,20.2,1017.6,44.1,12.5,Partly Cloudy
77,2022-01-17,09:00,Winter,1,Monday,24.2,1016.3,60.4,13.9,Haze
76,2022-01-17,10:00,Winter,1,Monday,21.3,1018.7,67.7,16.9,Haze
79,2022-01-18,13:00,Winter,1,Tuesday,23.4,1020.7,73.5,9.7,Partly Cloudy
78,2022-01-18,20:00,Winter,1,Tuesday,18.7,1010.6,52.7,19.6,Cloudy
81,2022-01-19,01:00,Winter,1,Wednesday,10.9,1017.2,64.1,10.3,Clear
80,2022-01-19,06:00,Winter,1,Wednesday,16.9,1014.8,58.1,14.1,Clear
82,2022-01-19,08:00,Winter,1,Wednesday,23.4,1023.8,55.6,10.1,Partly Cloudy
85,2022-01-20,08:00,Winter,1,Thursday,19.5,1008.4,65.8,8.9,Fog
84,2022-01-20,12:00,Winter,1,Thursday,22.7,1017.8,52.8,13.9,Clear
83,2022-01-20,15:00,Winter,1,Thursday,22,1018.5,42.1,8.6,Clear
87,2022-01-21,03:00,Winter,1,Friday,14.3,1020.2,46.6,14.6,Cloudy
89,2022-01-21,09:00,Winter,1,Friday,24,1029.5,63.3,11.4,Cloudy
91,2022-01-21,11:00,Winter,1,Friday,21.1,1014.8,56.3,9.3,Cloudy
86,2022-01-21,19:00,Winter,1,Friday,10.4,1014.5,59.3,13.3,Clear
88,2022-01-21,21:00,Winter,1,Friday,16.5,1010.2,66.3,8.4,Clear
90,2022-01-21,21:00,Winter,1,Friday,15.2,1019.5,45.8,12.6,Cloudy
95,2022-01-22,01:00,Winter,1,Saturday,10.8,1018.2,49.1,14,Haze
93,2022-01-22,13:00,Winter,1,Saturday,22,1018.8,71.6,10,Haze
94,2022-01-22,13:00,Winter,1,Saturday,24.3,1018.7,62,14.7,Clear
92,2022-01-22,16:00,Winter,1,Saturday,22.9,1014.7,62.6,12.9,Clear
96,2022-01-22,20:00,Winter,1,Saturday,17.3,1015.2,52.6,13.5,Partly Cloudy
98,2022-01-23,10:00,Winter,1,Sunday,23.5,1013.5,52.1,15.7,Clear
99,2022-01-23,15:00,Winter,1,Sunday,20.7,1013,58.9,8.3,
100,2022-01-23,18:00,Winter,1,Sunday,18.7,1024.8,50.4,13.8,Cloudy
97,2022-01-23,19:00,Winter,1,Sunday,17.1,1011.1,50.8,13.1,Partly Cloudy
101,2022-01-24,22:00,Winter,1,Monday,15.1,1019.8,57.3,10.7,Clear
106,2022-01-25,03:00,Winter,1,Tuesday,16.9,1017.2,44.9,18.6,Haze
105,2022-01-25,04:00,Winter,1,Tuesday,14.2,1024.3,71.4,12.5,Clear
102,2022-01-25,05:00,Winter,1,Tuesday,16.2,1012.8,48.6,10.5,Fog
104,2022-01-25,18:00,Winter,1,Tuesday,18.1,1019,65.6,8.1,Partly Cloudy
103,2022-01-25,23:00,Winter,1,Tuesday,8.5,1017.6,51.6,8,Cloudy
108,2022-01-26,03:00,Winter,1,Wednesday,16,1022.2,55.3,19.3,Cloudy
107,2022-01-26,14:00,Winter,1,Wednesday,22.6,1014.2,48.7,12,Clear
109,2022-01-26,19:00,Winter,1,Wednesday,22.4,1018.6,31.7,22.3,Cloudy
110,2022-01-27,09:00,Winter,1,Thursday,25.8,1023.5,70.5,22.9,Cloudy
112,2022-01-27,21:00,Winter,1,Thursday,16.6,1019.7,60.1,19.2,Clear
111,2022-01-27,23:00,Winter,1,Thursday,13.6,1021.6,73.9,12.1,Partly Cloudy
113,2022-01-28,02:00,Winter,1,Friday,14,1017.7,62.8,19.5,Partly Cloudy
114,2022-01-28,04:00,Winter,1,Friday,16.9,1028,63,13.9,Clear
115,2022-01-28,05:00,Winter,1,Friday,10.9,1008.8,58.3,22.1,Fog
116,2022-01-28,20:00,Winter,1,Friday,14,1012.7,56.3,12.4,Partly Cloudy
117,2022-01-28,21:00,Winter,1,Friday,11.7,1023.4,40.7,9.3,Fog
124,2022-01-29,03:00,Winter,1,Saturday,16.5,1019.7,36.9,10.9,Fog
122,2022-01-29,05:00,Winter,1,Saturday,23.1,1018.3,48.8,8.7,Clear
119,2022-01-29,06:00,Winter,1,Saturday,16.1,1016.7,73.8,17.7,Cloudy
118,2022-01-29,07:00,Winter,1,Saturday,21,1016.3,40.6,11.5,Cloudy
121,2022-01-29,09:00,Winter,1,Saturday,19.9,1022.3,42.1,10.6,Partly Cloudy
123,2022-01-29,13:00,Winter,1,Saturday,20,1018,74.5,8.8,Clear
120,2022-01-29,20:00,Winter,1,Saturday,14.2,1011.8,50.8,9.3,Partly Cloudy
125,2022-01-31,12:00,Winter,1,Monday,26.8,1014.3,-15,10.7,Partly Cloudy
126,2022-02-01,19:00,Winter,2,Tuesday,17.6,1023.3,60.6,20.1,Clear
129,2022-02-02,06:00,Winter,2,Wednesday,17,1028.1,54.2,9.8,Clear
127,2022-02-02,16:00,Winter,2,Wednesday,20.1,1024.5,68.4,18.9,Fog
128,2022-02-02,22:00,Winter,2,Wednesday,11.8,1027.4,43.6,11.9,
132,2022-02-03,02:00,Winter,2,Thursday,5.9,1019.7,41.2,15.1,Fog
130,2022-02-03,03:00,Winter,2,Thursday,7.8,1020.8,67.3,10.7,Clear
131,2022-02-03,13:00,Winter,2,Thursday,23.9,1020.2,70.3,14,Haze
134,2022-02-04,04:00,Winter,2,Friday,,1015,55.3,12.4,Fog
135,2022-02-04,15:00,Winter,2,Friday,23.1,1022.3,44.8,11.5,Haze
136,2022-02-04,22:00,Winter,2,Friday,,1019.5,68.7,14.6,Clear
133,2022-02-04,23:00,Winter,2,Friday,13.2,1015.5,74.1,8.4,Partly Cloudy
138,2022-02-05,03:00,Winter,2,Saturday,14.1,1010.7,61.8,11,Cloudy
137,2022-02-05,19:00,Winter,2,Saturday,17.8,1020.9,51.6,9.5,Clear
139,2022-02-05,23:00,Winter,2,Saturday,12.5,1019,44.1,13.4,Haze
140,2022-02-05,23:00,Winter,2,Saturday,15.5,1018.5,56.3,9.1,Cloudy
141,2022-02-06,01:00,Winter,2,Sunday,10.5,1017.9,60.5,13.2,Cloudy
145,2022-02-06,16:00,Winter,2,Sunday,21.4,1008.3,59.3,11.7,Cloudy
142,2022-02-06,17:00,Winter,2,Sunday,20,1021.6,46.7,11.5,Clear
143,2022-02-06,18:00,Winter,2,Sunday,16.9,1018,49.6,16.9,Clear
144,2022-02-06,18:00,Winter,2,Sunday,19,1015.4,49.1,12.6,Cloudy
146,2022-02-07,13:00,Winter,2,Monday,23.2,1021.4,65.1,13.7,Cloudy
147,2022-02-07,18:00,Winter,2,Monday,17,1021.2,56.4,11,Clear
154,2022-02-08,03:00,Winter,2,Tuesday,16,1019.1,133,16.5,Partly Cloudy
158,2022-02-08,03:00,Winter,2,Tuesday,13.3,1016.3,55.8,17.1,Clear
152,2022-02-08,05:00,Winter,2,Tuesday,18.1,1018.3,50.8,9.6,Fog
151,2022-02-08,11:00,Winter,2,Tuesday,22.7,1023.3,36,15.3,Cloudy
150,2022-02-08,12:00,Winter,2,Tuesday,25.8,1015.9,56.6,8.3,Fog
157,2022-02-08,12:00,Winter,2,Tuesday,21.6,1017.2,56.8,15.6,Clear
156,2022-02-08,15:00,Winter,2,Tuesday,23.4,1021.4,45.8,11.9,Clear
155,2022-02-08,18:00,Winter,2,Tuesday,18.5,1022.2,36.7,8.8,Fog
153,2022-02-08,20:00,Winter,2,Tuesday,17.5,1019.3,67.9,15.7,Fog
148,2022-02-08,21:00,Winter,2,Tuesday,16.7,1013.2,44.8,11.1,Clear
149,2022-02-08,23:00,Winter,2,Tuesday,8.4,1007.5,62,12.8,Fog
162,2022-02-09,00:00,Winter,2,Wednesday,9.7,1013.4,54.2,15.3,Haze
160,2022-02-09,16:00,Winter,2,Wednesday,23.7,1016.7,52.3,8.5,Cloudy
163,2022-02-09,17:00,Winter,2,Wednesday,15.5,1014.9,44.6,10.3,Fog
159,2022-02-09,22:00,Winter,2,Wednesday,13.7,1018.9,57.3,18,Partly Cloudy
161,2022-02-09,22:00,Winter,2,Wednesday,11.6,1019.6,41.3,9,Cloudy
167,2022-02-10,10:00,Winter,2,Thursday,,1018.6,68.5,17,Clear
166,2022-02-10,14:00,Winter,2,Thursday,24.2,1019.7,39.9,13.4,Clear
165,2022-02-10,16:00,Winter,2,Thursday,20,1019.9,53.6,10.3,Partly Cloudy
164,2022-02-10,19:00,Winter,2,Thursday,18.1,1014,38.8,10,Fog
170,2022-02-11,00:00,Winter,2,Friday,10.1,1015.4,53.7,10.2,Fog
172,2022-02-11,05:00,Winter,2,Friday,21.6,1020.3,61.4,17.4,Fog
169,2022-02-11,12:00,Winter,2,Friday,25.7,1018.8,47.4,14.4,Fog
171,2022-02-11,16:00,Winter,2,Friday,22.6,1012.7,64.8,10.4,Cloudy
168,2022-02-11,21:00,Winter,2,Friday,12.2,1006.4,74.3,14.4,Clear
173,2022-02-12,03:00,Winter,2,Saturday,12.8,1015.8,59.3,9.3,Clear
176,2022-02-12,14:00,Winter,2,Saturday,24.8,1011.5,56.2,8.4,Clear
177,2022-02-12,14:00,Winter,2,Saturday,23.3,1023.8,46.8,14.5,Fog
175,2022-02-12,15:00,Winter,2,Saturday,22.8,1022.2,66,11.6,Clear
174,2022-02-12,19:00,Winter,2,Saturday,14.2,1012.3,47.1,10,Partly Cloudy
178,2022-02-13,05:00,Winter,2,Sunday,16.2,1022.6,60.6,20.9,Cloudy
182,2022-02-15,06:00,Winter,2,Tuesday,21,1024.3,55.5,15.9,Cloudy
181,2022-02-15,10:00,Winter,2,Tuesday,,1021.7,,,Cloudy
180,2022-02-15,13:00,Winter,2,Tuesday,25.8,1019.6,61.3,10.3,Clear
179,2022-02-15,14:00,Winter,2,Tuesday,24.9,1017.6,52.8,19.2,Cloudy
189,2022-02-16,02:00,Winter,2,Wednesday,15.2,1018.5,53,18.2,Clear
185,2022-02-16,04:00,Winter,2,Wednesday,12.3,1018.2,56.1,10.3,Cloudy
183,2022-02-16,08:00,Winter,2,Wednesday,23.9,1016.2,54.8,9.2,Clear
187,2022-02-16,09:00,Winter,2,Wednesday,22.9,1014.4,68.9,10,Partly Cloudy
184,2022-02-16,15:00,Winter,2,Wednesday,22.1,1015.4,47.3,15.7,Cloudy
188,2022-02-16,17:00,Winter,2,Wednesday,19.7,1011.3,55.6,8.5,Fog
186,2022-02-16,19:00,Winter,2,Wednesday,18.1,1017.5,37,10.2,Haze
191,2022-02-17,10:00,Winter,2,Thursday,21.1,1023.3,73.2,9.4,Fog
190,2022-02-17,12:00,Winter,2,Thursday,25.7,1024.6,51,15.1,Fog
194,2022-02-18,12:00,Winter,2,Friday,24.1,1016.3,66,13,Clear
192,2022-02-18,16:00,Winter,2,Friday,19,1012.9,60.2,15.4,Partly Cloudy
193,2022-02-18,21:00,Winter,2,Friday,15.5,,60.9,8.9,Cloudy
195,2022-02-19,05:00,Winter,2,Saturday,17.6,1016.8,49.8,9.8,Clear
201,2022-02-20,09:00,Winter,2,Sunday,23.6,1011.7,48.5,10.3,Haze
197,2022-02-20,12:00,Winter,2,Sunday,27.2,1014,60.9,12.4,Clear
196,2022-02-20,16:00,Winter,2,Sunday,21.7,1015.4,56.8,20.6,Cloudy
198,2022-02-20,18:00,Winter,2,Sunday,17.3,1016.7,55.5,16.1,Cloudy
200,2022-02-20,18:00,Winter,2,Sunday,19.9,1017.6,43.9,17.6,Clear
199,2022-02-20,20:00,Winter,2,Sunday,15.6,1016.2,63.6,10.1,Clear
202,2022-02-22,02:00,Winter,2,Tuesday,14.8,1029.6,63.8,11,Clear
205,2022-02-22,04:00,Winter,2,Tuesday,15.2,1024.4,56.2,17.1,Haze
206,2022-02-22,04:00,Winter,2,Tuesday,13.9,1023.4,54.2,22.4,Clear
203,2022-02-22,13:00,Winter,2,Tuesday,22.4,1015,51.9,10.6,Clear
204,2022-02-22,18:00,Winter,2,Tuesday,17.3,1019,55.8,9,Clear
207,2022-02-22,19:00,Winter,2,Tuesday,17.3,1018,47.8,17.2,haze
212,2022-02-23,03:00,Winter,2,Wednesday,11.5,1023.4,50.2,17.8,Clear
211,2022-02-23,04:00,Winter,2,Wednesday,12.1,1018.1,40.7,20.6,Clear
210,2022-02-23,09:00,Winter,2,Wednesday,19.8,1021.7,63,13.6,Clear
208,2022-02-23,16:00,Winter,2,Wednesday,20.2,1023.1,58.9,9,Haze
209,2022-02-23,20:00,Winter,2,Wednesday,11.2,1017.6,60.4,10.1,Clear
214,2022-02-24,03:00,Winter,2,Thursday,12,1020.8,57.2,9.2,
213,2022-02-24,05:00,Winter,2,Thursday,13.7,1020,61.5,15.6,Partly Cloudy
215,2022-02-24,06:00,Winter,2,Thursday,20.9,1028,32.3,13.5,Fog
216,2022-02-24,06:00,Winter,2,Thursday,18.3,1011.2,47,11.3,Fog
219,2022-02-25,00:00,Winter,2,Friday,8.9,1017.3,64.3,17,Clear
218,2022-02-25,02:00,Winter,2,Friday,11.7,1018.6,74.4,19.6,Clear
217,2022-02-25,17:00,Winter,2,Friday,18.4,1025,54.5,10.7,Clear
221,2022-02-27,03:00,Winter,2,Sunday,11.8,1021.5,48.9,12.5,Cloudy
222,2022-02-27,05:00,Winter,2,Sunday,11.7,1018,50.3,17.7,Partly Cloudy
223,2022-02-27,08:00,Winter,2,Sunday,20.3,1017.2,51.5,23.8,Fog
224,2022-02-27,21:00,Winter,2,Sunday,10.7,1021.5,53.7,13.1,Clear
220,2022-02-27,23:00,Winter,2,Sunday,12.8,1021.2,49.7,8.4,Fog
226,2022-02-28,11:00,Winter,2,Monday,26.1,1017.5,52,13.9,Cloudy
225,2022-02-28,13:00,Winter,2,Monday,25.7,1023.2,65,17.1,Clear
227,2022-02-28,19:00,Winter,2,Monday,16.3,1019.9,82.7,9.6,Partly Cloudy
228,2022-02-28,23:00,Winter,2,Monday,11.6,1019,41.3,22.5,Cloudy
229,2022-03-01,03:00,Summer,3,Tuesday,33.9,1009.4,40.4,,Clear
230,2022-03-01,20:00,Summer,3,Tuesday,32.9,1006.4,74.6,18.5,Clear
231,2022-03-01,23:00,Summer,3,Tuesday,30.1,1008.2,31.4,14.5,Clear
233,2022-03-02,09:00,Summer,3,Wednesday,36.5,998.9,43,15.2,Cloudy
232,2022-03-02,11:00,Summer,3,Wednesday,40.1,1002.3,47.7,13.5,Haze
234,2022-03-02,21:00,Summer,3,Wednesday,31.2,1007.9,34.3,18.6,Clear
236,2022-03-03,02:00,Summer,3,Thursday,28.8,1006.5,48.9,15.7,Haze
235,2022-03-03,06:00,Summer,3,Thursday,37.2,1000.2,49.3,16.3,Fog
237,2022-03-03,22:00,Summer,3,Thursday,26.1,1005.9,43.2,15.2,Clear
240,2022-03-04,09:00,Summer,3,Friday,42.6,1008.1,53.3,17.5,Cloudy
238,2022-03-04,13:00,Summer,3,Friday,36.8,1009.9,52.2,20.1,Clear
241,2022-03-04,15:00,Summer,3,Friday,37.3,1000,43.7,15.4,Clear
242,2022-03-04,15:00,Summer,3,Friday,35.8,1005.3,27.2,14,Fog
239,2022-03-04,23:00,Summer,3,Friday,28.5,1012.2,61.2,19.8,Haze
243,2022-03-05,21:00,Summer,3,Saturday,29.6,1007,52.1,15,Partly Cloudy
246,2022-03-06,05:00,Summer,3,Sunday,29.2,1000.3,28.6,17.7,Partly Cloudy
244,2022-03-06,09:00,Summer,3,Sunday,39.9,1006.3,33.8,17.9,Partly Cloudy
247,2022-03-06,11:00,Summer,3,Sunday,40.3,1002.8,50.7,18.1,Haze
245,2022-03-06,12:00,Summer,3,Sunday,42.6,1001.8,38.1,13.2,Haze
248,2022-03-07,08:00,Summer,3,Monday,36.8,1005.9,44.5,14,Clear
250,2022-03-08,03:00,Summer,3,Tuesday,28.9,1005,38.3,15.8,Partly Cloudy
249,2022-03-08,12:00,Summer,3,Tuesday,41.6,1007.8,50.5,19.7,Clear
251,2022-03-08,23:00,Summer,3,Tuesday,29.3,1003.9,26.2,17.6,Partly Cloudy
257,2022-03-10,03:00,Summer,3,Thursday,27.6,1005.4,38.7,15,Clear
252,2022-03-10,10:00,Summer,3,Thursday,41.4,1004.9,43.4,19.5,Clear
255,2022-03-10,10:00,Summer,3,Thursday,,1009.1,50.3,28.2,Haze
254,2022-03-10,17:00,Summer,3,Thursday,33.1,1007.3,18.3,22.8,Clear
253,2022-03-10,19:00,Summer,3,Thursday,31.9,1006.1,31.7,15.3,Haze
256,2022-03-10,20:00,Summer,3,Thursday,30.5,1001.3,61.9,14.1,Partly Cloudy
259,2022-03-11,00:00,Summer,3,Friday,27.4,1000.6,34.5,15.2,Clear
258,2022-03-11,17:00,Summer,3,Friday,32.4,1002.5,42.4,19.4,Haze
261,2022-03-13,05:00,Summer,3,Sunday,30.2,1002.1,47.8,13.9,Clear
260,2022-03-13,06:00,Summer,3,Sunday,38.9,1003.6,40.3,14.1,Cloudy
262,2022-03-13,14:00,Summer,3,Sunday,35.4,1004.8,46.4,16.7,Clear
265,2022-03-14,10:00,Summer,3,Monday,38.2,997.6,43.3,13.1,Clear
263,2022-03-14,17:00,Summer,3,Monday,37.3,1004.7,40.2,25.8,Cloudy
266,2022-03-14,19:00,Summer,3,Monday,34.5,1005.6,62.3,17,Clear
264,2022-03-14,23:00,Summer,3,Monday,27.1,1001,55.3,15.9,Partly Cloudy
267,2022-03-14,23:00,Summer,3,Monday,28.4,1004.4,39.9,13.1,Partly Cloudy
268,2022-03-15,14:00,Summer,3,Tuesday,35.5,1005.4,38.5,15.7,Clear
270,2022-03-16,06:00,Summer,3,Wednesday,35,1001.4,53.8,16.2,Clear
272,2022-03-16,09:00,Summer,3,Wednesday,41.5,1002.1,34.1,12,Haze
273,2022-03-16,11:00,Summer,3,Wednesday,42.2,1006.5,33.6,21.6,Cloudy
269,2022-03-16,15:00,Summer,3,Wednesday,37.7,1001.8,49.7,27.9,Partly Cloudy
271,2022-03-16,20:00,Summer,3,Wednesday,30.6,997.3,46.6,15.7,Fog
274,2022-03-16,23:00,Summer,3,Wednesday,29.7,1008.5,48.4,13.2,Clear
276,2022-03-17,04:00,Summer,3,Thursday,28.4,1003.1,54,13.7,Fog
275,2022-03-17,13:00,Summer,3,Thursday,39,1005.3,31.6,17.2,Clear
277,2022-03-17,20:00,Summer,3,Thursday,32.5,1001.5,32.7,19.7,Clear
278,2022-03-18,17:00,Summer,3,Friday,36.4,1005.6,35.3,23.9,Haze
280,2022-03-19,02:00,Summer,3,Saturday,25.9,1003.3,37,23.9,Clear
279,2022-03-19,04:00,Summer,3,Saturday,32.6,1002,38.7,14.6,Cloudy
282,2022-03-19,04:00,Summer,3,Saturday,31.2,1012.6,34.4,13,Clear
281,2022-03-19,22:00,Summer,3,Saturday,33.4,1010.9,38.5,12.4,Partly Cloudy
283,2022-03-19,23:00,Summer,3,Saturday,30.2,1010.9,51.9,15.1,Haze
284,2022-03-20,16:00,Summer,3,Sunday,38.9,1004.9,52.8,13.6,Haze
285,2022-03-20,18:00,Summer,3,Sunday,30.7,1004.3,42.5,12.7,Haze
286,2022-03-20,18:00,Summer,3,Sunday,33.2,1004.7,41.2,17.8,Haze
288,2022-03-21,11:00,Summer,3,Monday,37.6,1004.2,40.5,12.1,Clear
287,2022-03-21,20:00,Summer,3,Monday,29.6,1011.8,49.7,12.1,Clear
290,2022-03-22,00:00,Summer,3,Tuesday,26,,34.4,18.4,Clear
289,2022-03-22,08:00,Summer,3,Tuesday,37.4,999,49,18.1,Clear
291,2022-03-22,17:00,Summer,3,Tuesday,36.3,1004.8,57.8,16.7,Clear
292,2022-03-22,20:00,Summer,3,Tuesday,31.8,1001.5,47.5,16.9,Clear
293,2022-03-23,03:00,Summer,3,Wednesday,29.9,1000.4,57.1,18.6,Clear
294,2022-03-23,09:00,Summer,3,Wednesday,39.8,1002.8,47.2,20.9,
295,2022-03-24,06:00,Summer,3,Thursday,34.7,999.8,48.8,12.6,Clear
296,2022-03-24,21:00,Summer,3,Thursday,30.3,1004.8,47.3,31.4,Clear
298,2022-03-25,00:00,Summer,3,Friday,30.1,1007.3,36.9,14.2,Partly Cloudy
301,2022-03-25,01:00,Summer,3,Friday,24.3,1007.3,51.2,13,Clear
304,2022-03-25,06:00,Summer,3,Friday,31.7,1004.5,45.3,12.8,Fog
303,2022-03-25,08:00,Summer,3,Friday,34.8,1000.8,46.1,13.1,Clear
302,2022-03-25,10:00,Summer,3,Friday,40.8,1006.6,65.6,13.5,
299,2022-03-25,16:00,Summer,3,Friday,,1000.7,46.5,19.9,Cloudy
297,2022-03-25,22:00,Summer,3,Friday,29.1,1002.8,48.8,12.8,Cloudy
300,2022-03-25,23:00,Summer,3,Friday,29.4,999.8,47.3,16.1,Partly Cloudy
306,2022-03-26,16:00,Summer,3,Saturday,38.8,1007.5,31.9,23,Clear
307,2022-03-26,16:00,Summer,3,Saturday,36,997.9,43.8,18.1,Cloudy
305,2022-03-26,21:00,Summer,3,Saturday,30.5,1007.4,42.3,14.9,Clear
313,2022-03-27,00:00,Summer,3,Sunday,29.8,1006.5,40.4,13.4,Clear
308,2022-03-27,01:00,Summer,3,Sunday,26.3,1005.6,43.9,20.3,Clear
312,2022-03-27,01:00,Summer,3,Sunday,28.8,1003.8,43,19.5,Clear
309,2022-03-27,05:00,Summer,3,Sunday,33.6,996.3,58.4,14.3,Clear
311,2022-03-27,05:00,Summer,3,Sunday,32.8,1006,51.3,26.3,Haze
310,2022-03-27,13:00,Summer,3,Sunday,38.4,1009.3,45.8,16,Haze
317,2022-03-28,01:00,Summer,3,Monday,25.5,1014.5,50.5,17.8,Clear
316,2022-03-28,04:00,Summer,3,Monday,26.4,,46.2,12.3,Cloudy
314,2022-03-28,09:00,Summer,3,Monday,35.2,1009.8,36.7,15.5,Haze
315,2022-03-28,20:00,Summer,3,Monday,33.4,1001.3,47.2,15.5,Clear
320,2022-03-29,01:00,Summer,3,Tuesday,28.2,1008.5,39.6,12.3,Partly Cloudy
319,2022-03-29,15:00,Summer,3,Tuesday,34.3,1005.5,60.7,15.3,Clear
318,2022-03-29,21:00,Summer,3,Tuesday,29.1,1010.1,39,17.1,CLEAR
322,2022-03-30,01:00,Summer,3,Wednesday,28.9,1009,39.2,14,Haze
321,2022-03-30,09:00,Summer,3,Wednesday,34.7,1005.5,42.4,17.2,Partly Cloudy
323,2022-03-30,15:00,Summer,3,Wednesday,35.6,1007.4,43,13.5,Clear
324,2022-03-30,15:00,Summer,3,Wednesday,42,1010.3,38.4,14,Partly Cloudy
326,2022-03-31,06:00,Summer,3,Thursday,33.8,1003.5,35.3,15.1,Partly Cloudy
328,2022-03-31,11:00,Summer,3,Thursday,39.6,1013.4,50.5,13.9,Clear
325,2022-03-31,18:00,Summer,3,Thursday,28.9,1014.4,48.2,14.9,Clear
327,2022-03-31,21:00,Summer,3,Thursday,34.8,1005.2,,16.7,Fog
329,2022-03-31,23:00,Summer,3,Thursday,24.7,1004,64.3,17.2,Clear
330,2022-04-01,14:00,Summer,4,Friday,34.8,1003.7,34.5,14.4,Cloudy
334,2022-04-02,02:00,Summer,4,Saturday,23.8,1004.3,51.6,18.3,Cloudy
332,2022-04-02,05:00,Summer,4,Saturday,,1001.5,37.8,13.5,Clear
331,2022-04-02,07:00,Summer,4,Saturday,30.9,1008.1,45.6,22.8,Haze
333,2022-04-02,09:00,Summer,4,Saturday,38.4,1008.9,53.7,16.6,Cloudy
336,2022-04-02,16:00,Summer,4,Saturday,34.1,998.1,40.3,19.2,Clear
335,2022-04-02,18:00,Summer,4,Saturday,31.3,1008.2,46.5,22.4,Haze
337,2022-04-03,06:00,Summer,4,Sunday,33.5,1002.6,15,22.5,Clear
338,2022-04-03,20:00,Summer,4,Sunday,25,1005.1,34.9,23,Clear
339,2022-04-04,19:00,Summer,4,Monday,29.7,1007.6,52.2,17.3,Haze
340,2022-04-05,03:00,Summer,4,Tuesday,26.8,1003.8,46.2,17.2,Cloudy
341,2022-04-05,13:00,Summer,4,Tuesday,37.4,1000.2,42.4,17.4,Clear
344,2022-04-05,14:00,Summer,4,Tuesday,42.2,1010,57.4,13,Fog
342,2022-04-05,19:00,Summer,4,Tuesday,33.1,1007.3,64.4,28,Clear
343,2022-04-05,21:00,Summer,4,Tuesday,32,1004.7,52.2,13.7,Cloudy
346,2022-04-06,07:00,Summer,4,Wednesday,35.7,1010.6,43.4,15.7,Clear
348,2022-04-06,14:00,Summer,4,Wednesday,,1009.1,57.1,18.2,Clear
347,2022-04-06,20:00,Summer,4,Wednesday,28.9,1005.3,55.6,17.1,Fog
345,2022-04-06,23:00,Summer,4,Wednesday,29.6,1010.2,55.7,14,Haze
350,2022-04-07,19:00,Summer,4,Thursday,35.2,1006.3,44.6,18,Partly Cloudy
349,2022-04-07,21:00,Summer,4,Thursday,29.9,1004.3,47.4,19.2,Haze
353,2022-04-08,07:00,Summer,4,Friday,31.6,996.8,32.7,18.7,Partly Cloudy
352,2022-04-08,08:00,Summer,4,Friday,37.6,1002.8,35.7,20.3,Clear
351,2022-04-08,13:00,Summer,4,Friday,37,999.8,47.7,20.1,Clear
360,2022-04-09,00:00,Summer,4,Saturday,33.4,1007.8,52.9,15.8,Haze
355,2022-04-09,01:00,Summer,4,Saturday,26.1,1004.3,42.7,18,Partly Cloudy
357,2022-04-09,02:00,Summer,4,Saturday,30,1006.8,42.6,18.2,Partly Cloudy
363,2022-04-09,02:00,Summer,4,Saturday,31.4,1010.4,48.1,15.1,Haze
364,2022-04-09,05:00,Summer,4,Saturday,31.8,1009.8,58.1,17.1,Haze
358,2022-04-09,07:00,Summer,4,Saturday,36.6,1002.9,25.6,23.8,Fog
361,2022-04-09,09:00,Summer,4,Saturday,36.5,1005,47.1,16.4,Clear
359,2022-04-09,11:00,Summer,4,Saturday,39.2,1007.1,49.8,14.4,Cloudy
354,2022-04-09,16:00,Summer,4,Saturday,36.1,1007,44.4,13.5,Clear
362,2022-04-09,19:00,Summer,4,Saturday,36.5,1008.9,63,13.3,Haze
356,2022-04-09,23:00,Summer,4,Saturday,28.9,1007.8,48.1,16.3,Haze
365,2022-04-10,06:00,Summer,4,Sunday,33.6,1000.5,56.6,13.2,Clear
366,2022-04-10,19:00,Summer,4,Sunday,32.2,1008.2,59.1,13.4,Haze
367,2022-04-10,22:00,Summer,4,Sunday,29.1,1006.2,40.7,12.1,Clear
369,2022-04-11,10:00,Summer,4,Monday,38.3,1002,47.7,14.3,Partly Cloudy
368,2022-04-11,17:00,Summer,4,Monday,38.2,1001.6,38.9,15.7,Clear
370,2022-04-11,18:00,Summer,4,Monday,32.4,1008.4,54.3,22.6,Clear
371,2022-04-12,04:00,Summer,4,Tuesday,29.2,1010.9,44.6,21,Clear
373,2022-04-12,10:00,Summer,4,Tuesday,36.4,1011.1,55.3,18,Clear
375,2022-04-12,11:00,Summer,4,Tuesday,38.4,1005.5,70.3,12.1,Clear
372,2022-04-12,18:00,Summer,4,Tuesday,31.8,1008.4,36.9,12.1,Haze
374,2022-04-12,23:00,Summer,4,Tuesday,25.5,1007.3,33.9,23.8,Clear
377,2022-04-13,07:00,Summer,4,Wednesday,40.3,1004.5,41,17.8,CLEAR
379,2022-04-13,08:00,Summer,4,Wednesday,38.6,1010.5,61.3,13.6,Partly Cloudy
376,2022-04-13,09:00,Summer,4,Wednesday,35.9,,52,14.1,Cloudy
378,2022-04-13,23:00,Summer,4,Wednesday,27.5,999.1,47.2,20.5,Haze
380,2022-04-14,03:00,Summer,4,Thursday,26.2,1010.3,49,12.5,Clear
381,2022-04-14,04:00,Summer,4,Thursday,30.9,998,41.9,13.9,Clear
383,2022-04-14,07:00,Summer,4,Thursday,35,1008.7,45.8,19,Fog
382,2022-04-14,20:00,Summer,4,Thursday,31.4,1003.6,39.1,20.3,Clear
385,2022-04-15,08:00,Summer,4,Friday,34.8,999.8,58.5,16.3,Clear
384,2022-04-15,22:00,Summer,4,Friday,29.3,1005.2,32.2,17.7,Haze
390,2022-04-16,07:00,Summer,4,Saturday,35.7,1006.8,47.4,24.6,Fog
389,2022-04-16,13:00,Summer,4,Saturday,39.8,1009.4,46.4,13.7,Haze
386,2022-04-16,14:00,Summer,4,Saturday,43.4,1006.1,40,25.6,Fog
387,2022-04-16,14:00,Summer,4,Saturday,40.8,1006.1,54.3,17.4,Clear
388,2022-04-16,15:00,Summer,4,Saturday,40.6,1003.5,40.8,13.8,Clear
391,2022-04-16,17:00,Summer,4,Saturday,38.2,1009.9,53,17.1,Partly Cloudy
394,2022-04-17,05:00,Summer,4,Sunday,36.6,1001.3,49.9,14.9,Clear
392,2022-04-17,09:00,Summer,4,Sunday,37.8,997,34.7,17.3,Clear
395,2022-04-17,11:00,Summer,4,Sunday,36.6,1010,48.3,21.7,Haze
393,2022-04-17,19:00,Summer,4,Sunday,33.5,998,47.3,17.7,Haze
396,2022-04-18,01:00,Summer,4,Monday,29.3,1000.7,43.4,15.5,Cloudy
399,2022-04-18,02:00,Summer,4,Monday,31.1,,20.8,14.3,Cloudy
397,2022-04-18,06:00,Summer,4,Monday,39.3,1005.2,16.2,12.5,Clear
398,2022-04-18,15:00,Summer,4,Monday,35.8,1009,37.6,19.7,Clear
401,2022-04-19,02:00,Summer,4,Tuesday,22.3,1013.2,52.5,15.4,Cloudy
400,2022-04-19,12:00,Summer,4,Tuesday,39.7,1008.6,-5,12.5,Clear
402,2022-04-19,17:00,Summer,4,Tuesday,34,1007.3,47,16.6,Clear
403,2022-04-20,10:00,Summer,4,Wednesday,,1013.1,,,Clear
406,2022-04-21,00:00,Summer,4,Thursday,28.5,1010.3,,,Haze
407,2022-04-21,00:00,Summer,4,Thursday,26.6,999,34,16.3,Haze
405,2022-04-21,05:00,Summer,4,Thursday,31.5,1004.3,57.5,16.8,Clear
404,2022-04-21,07:00,Summer,4,Thursday,34,1001.1,66.4,14.1,Partly Cloudy
408,2022-04-22,22:00,Summer,4,Friday,27.4,1006.1,27.7,12.1,Partly Cloudy
414,2022-04-23,03:00,Summer,4,Saturday,30.6,1007.1,45.1,14.3,Haze
410,2022-04-23,04:00,Summer,4,Saturday,32.6,1015.2,49.4,22,Clear
413,2022-04-23,04:00,Summer,4,Saturday,31.7,1009.9,50.2,26.4,Cloudy
415,2022-04-23,05:00,Summer,4,Saturday,28.4,1001.9,34.6,15.9,Partly Cloudy
409,2022-04-23,07:00,Summer,4,Saturday,32.2,1003.8,24.7,20.3,Clear
412,2022-04-23,10:00,Summer,4,Saturday,38.8,1007.6,38.3,17.3,Haze
411,2022-04-23,15:00,Summer,4,Saturday,37.1,1009.9,38.6,17.9,Clear
419,2022-04-24,08:00,Summer,4,Sunday,35,1002,44.8,24.8,Clear
416,2022-04-24,13:00,Summer,4,Sunday,38.9,1010.2,35.1,18,Haze
418,2022-04-24,18:00,Summer,4,Sunday,32.8,999.4,48.7,14.6,Clear
417,2022-04-24,21:00,Summer,4,Sunday,27.6,1010.4,29.5,20.7,Clear
421,2022-04-25,10:00,Summer,4,Monday,41.5,1005.9,48.1,14.9,Clear
420,2022-04-25,11:00,Summer,4,Monday,38.7,1003.7,34.9,16.9,Haze
422,2022-04-25,13:00,Summer,4,Monday,43.3,1006.5,45.4,14.1,Cloudy
425,2022-04-26,00:00,Summer,4,Tuesday,29.4,1009.8,49.5,16,Cloudy
424,2022-04-26,15:00,Summer,4,Tuesday,41.4,1008.9,33.8,13.1,Partly Cloudy
423,2022-04-26,22:00,Summer,4,Tuesday,28.4,1005,44.7,13.1,Clear
431,2022-04-27,01:00,Summer,4,Wednesday,30.2,998.2,42.8,18.5,Haze
432,2022-04-27,03:00,Summer,4,Wednesday,25.9,1007.7,58.6,14.9,Cloudy
426,2022-04-27,12:00,Summer,4,Wednesday,43.9,1003.3,45.5,18.1,Haze
430,2022-04-27,12:00,Summer,4,Wednesday,40.3,1002.8,40.7,14.3,Clear
428,2022-04-27,20:00,Summer,4,Wednesday,35,1011.2,67.2,21.8,Haze
429,2022-04-27,20:00,Summer,4,Wednesday,27.3,1007.7,46,23.1,Partly Cloudy
427,2022-04-27,22:00,Summer,4,Wednesday,27.8,1003.3,44.3,17.1,Clear
437,2022-04-28,00:00,Summer,4,Thursday,28.6,1010,46.6,14.5,Partly Cloudy
436,2022-04-28,02:00,Summer,4,Thursday,30.2,996.3,50.8,15.1,Fog
438,2022-04-28,03:00,Summer,4,Thursday,28.1,1005.1,52.3,,
435,2022-04-28,04:00,Summer,4,Thursday,30.1,1003.7,46.7,17.3,Haze
433,2022-04-28,05:00,Summer,4,Thursday,32.9,1009.4,27.6,17.6,Clear
434,2022-04-28,22:00,Summer,4,Thursday,29.6,1002.3,36.2,17.1,Fog
440,2022-04-29,01:00,Summer,4,Friday,25.5,1005.2,41.7,18.3,Clear
442,2022-04-29,02:00,Summer,4,Friday,30.5,998.4,60.9,16,Partly Cloudy
441,2022-04-29,04:00,Summer,4,Friday,30.5,1007.3,36.4,13.4,Partly Cloudy
443,2022-04-29,08:00,Summer,4,Friday,31.8,1005.7,40,17.3,Haze
439,2022-04-29,19:00,Summer,4,Friday,33.8,1007.2,36.7,16.6,Clear
445,2022-04-30,05:00,Summer,4,Saturday,30.2,1005.9,62.3,12.4,Fog
447,2022-04-30,05:00,Summer,4,Saturday,30.7,1002.5,35.2,18.8,Clear
449,2022-04-30,11:00,Summer,4,Saturday,36.8,1001.1,31.7,12.5,Haze
446,2022-04-30,17:00,Summer,4,Saturday,32,1010.7,49.5,14,Partly Cloudy
448,2022-04-30,18:00,Summer,4,Saturday,32.8,1002.2,61.2,15,Clear
444,2022-04-30,19:00,Summer,4,Saturday,35.1,1003.8,25.2,19.1,Partly Cloudy
451,2022-05-01,01:00,Summer,5,Sunday,31.4,1004.7,43.9,21.8,Clear
450,2022-05-01,10:00,Summer,5,Sunday,42.1,1005.5,66.2,13.4,Haze
455,2022-05-02,08:00,Summer,5,Monday,33.9,1011.1,52.8,18.9,Haze
453,2022-05-02,11:00,Summer,5,Monday,40.7,1008.9,52.7,16.6,Clear
454,2022-05-02,11:00,Summer,5,Monday,41.9,1002.4,52.9,13.4,Clear
452,2022-05-02,14:00,Summer,5,Monday,39.7,1004,27.7,28.6,Partly Cloudy
456,2022-05-03,20:00,Summer,5,Tuesday,30.6,1005.8,65.1,15.8,Clear
458,2022-05-04,01:00,Summer,5,Wednesday,26.7,1004.7,25.4,,Partly Cloudy
460,2022-05-04,02:00,Summer,5,Wednesday,30.4,1003.6,49.5,16.6,Fog
459,2022-05-04,21:00,Summer,5,Wednesday,31.7,998.4,43.4,12.1,Clear
457,2022-05-04,23:00,Summer,5,Wednesday,30.7,1001.1,48.8,17.4,Haze
461,2022-05-05,11:00,Summer,5,Thursday,38.1,1008,55,12.5,Haze
465,2022-05-06,00:00,Summer,5,Friday,26.8,1008.1,41,18.6,Clear
462,2022-05-06,15:00,Summer,5,Friday,34.1,1002.2,46.7,26.1,Clear
463,2022-05-06,20:00,Summer,5,Friday,30.5,1009.1,,13.7,Cloudy
464,2022-05-06,23:00,Summer,5,Friday,25.9,1004.2,46.4,16.5,Haze
467,2022-05-07,02:00,Summer,5,Saturday,28,996.9,39.9,19.1,Cloudy
468,2022-05-07,19:00,Summer,5,Saturday,31,1009.5,36.4,14.9,Cloudy
466,2022-05-07,20:00,Summer,5,Saturday,32,1001.7,63,12.4,Clear
469,2022-05-08,01:00,Summer,5,Sunday,25.6,995.9,53.8,15.4,Clear
470,2022-05-08,08:00,Summer,5,Sunday,34.3,,,18,Clear
472,2022-05-08,14:00,Summer,5,Sunday,43.1,1008.2,42.6,14.1,Partly Cloudy
471,2022-05-08,18:00,Summer,5,Sunday,36.5,1003.2,48,16.1,Clear
474,2022-05-09,10:00,Summer,5,Monday,41,1010.8,38.9,16.7,Haze
473,2022-05-09,17:00,Summer,5,Monday,37.6,1003.3,37.1,21.7,Clear
475,2022-05-09,22:00,Summer,5,Monday,31.6,1004.4,51,21.3,Haze
484,2022-05-10,00:00,Summer,5,Tuesday,26.6,1004.8,34,19,Partly Cloudy
483,2022-05-10,02:00,Summer,5,Tuesday,30.5,1015,44.9,13.2,Partly Cloudy
479,2022-05-10,04:00,Summer,5,Tuesday,30.2,1004.9,40,22.3,Haze
481,2022-05-10,10:00,Summer,5,Tuesday,38.4,1005.1,51.4,15.5,Clear
480,2022-05-10,11:00,Summer,5,Tuesday,34.8,1002.6,31.1,15.6,Cloudy
482,2022-05-10,14:00,Summer,5,Tuesday,38.8,1005.1,39.2,21.1,Haze
476,2022-05-10,15:00,Summer,5,Tuesday,38.8,1002.9,51.4,15.7,Clear
478,2022-05-10,16:00,Summer,5,Tuesday,39.5,1004.6,66.7,22.5,Clear
477,2022-05-10,21:00,Summer,5,Tuesday,32.9,1004.2,,23.3,Clear
487,2022-05-11,01:00,Summer,5,Wednesday,29.3,1002.9,34,19.2,Clear
488,2022-05-11,01:00,Summer,5,Wednesday,26.6,1006.4,44.5,21.3,Partly Cloudy
489,2022-05-11,02:00,Summer,5,Wednesday,26.8,1005.6,32.1,12.5,Partly Cloudy
486,2022-05-11,15:00,Summer,5,Wednesday,39.1,1013.3,,13.1,Partly Cloudy
485,2022-05-11,19:00,Summer,5,Wednesday,29.2,1008.5,39.1,17.9,Haze
490,2022-05-12,07:00,Summer,5,Thursday,35.8,1008.4,60.8,13,Clear
491,2022-05-12,23:00,Summer,5,Thursday,29.9,1009.7,70.4,18,Clear
497,2022-05-13,00:00,Summer,5,Friday,30.7,1002.8,37.4,13.6,Fog
494,2022-05-13,05:00,Summer,5,Friday,33.1,1015.6,-15,17.4,Clear
493,2022-05-13,06:00,Summer,5,Friday,36.6,999.8,37,17.7,Partly Cloudy
495,2022-05-13,08:00,Summer,5,Friday,36.4,1005.5,45,18.7,Clear
492,2022-05-13,14:00,Summer,5,Friday,42.8,1010.7,45.1,17.9,Clear
496,2022-05-13,19:00,Summer,5,Friday,36.4,1010.6,48.8,15.3,Clear
498,2022-05-14,07:00,Summer,5,Saturday,34.1,1013.2,28.6,17.7,Fog
499,2022-05-14,22:00,Summer,5,Saturday,27.8,1001.8,16.4,23.3,Haze
500,2022-05-14,22:00,Summer,5,Saturday,28.1,1003.9,48.3,13.2,Clear
501,2022-05-15,02:00,Summer,5,Sunday,30.8,1008.2,46.5,12.7,Clear
502,2022-05-15,03:00,Summer,5,Sunday,29.3,998.9,54,17.4,Haze
504,2022-05-17,05:00,Summer,5,Tuesday,34,1004.5,42.3,13.2,Clear
503,2022-05-17,14:00,Summer,5,Tuesday,38.6,1007,16.4,14.6,Partly Cloudy
505,2022-05-17,14:00,Summer,5,Tuesday,40.3,1005.2,60.3,25.8,Fog
506,2022-05-17,20:00,Summer,5,Tuesday,32.6,1003.3,67.2,20.9,Clear
507,2022-05-18,02:00,Summer,5,Wednesday,26.9,1005.4,37.2,17.8,Cloudy
508,2022-05-18,20:00,Summer,5,Wednesday,28.6,1003.6,36.3,15,Partly Cloudy
508,2022-05-18,20:00,Summer,5,Wednesday,28.6,1003.6,36.3,15,Partly Cloudy
510,2022-05-19,13:00,Summer,5,Thursday,46.7,998.8,39.9,17.7,Clear
509,2022-05-19,20:00,Summer,5,Thursday,31.2,1003.8,54,15.2,Clear
512,2022-05-20,13:00,Summer,5,Friday,35.5,1001.4,42.1,13,Clear
511,2022-05-20,19:00,Summer,5,Friday,29.1,1011.5,38.4,18.5,Partly Cloudy
513,2022-05-21,03:00,Summer,5,Saturday,24.8,997.4,36.9,23.3,Partly Cloudy
516,2022-05-21,06:00,Summer,5,Saturday,34.5,1002.8,53.9,13.2,Partly Cloudy
517,2022-05-21,08:00,Summer,5,Saturday,37.7,1004.7,50.1,19.1,Clear
514,2022-05-21,11:00,Summer,5,Saturday,40,1009.1,47.8,13.5,Cloudy
515,2022-05-21,16:00,Summer,5,Saturday,37.2,1007.5,47.9,12.6,Haze
518,2022-05-22,02:00,Summer,5,Sunday,32.5,1000.6,43.8,13.3,Partly Cloudy
523,2022-05-23,00:00,Summer,5,Monday,28.1,1000.4,40.3,18.2,Clear
524,2022-05-23,05:00,Summer,5,Monday,36.3,1009.2,48,20.9,haze
519,2022-05-23,12:00,Summer,5,Monday,33.8,1003,43.1,19,Partly Cloudy
520,2022-05-23,14:00,Summer,5,Monday,36.9,1006.1,53.1,14.4,Clear
521,2022-05-23,17:00,Summer,5,Monday,31.8,1011.6,50.7,15.2,Partly Cloudy
522,2022-05-23,18:00,Summer,5,Monday,31,1007.9,46.7,17.3,Haze
526,2022-05-24,01:00,Summer,5,Tuesday,30.3,999.9,32.6,14.7,Partly Cloudy
529,2022-05-24,05:00,Summer,5,Tuesday,31.4,1000.8,53.2,18.7,Partly Cloudy
528,2022-05-24,13:00,Summer,5,Tuesday,35.1,1005.7,27.9,15.9,Clear
530,2022-05-24,13:00,Summer,5,Tuesday,43.6,1005,47.7,19,Haze
525,2022-05-24,22:00,Summer,5,Tuesday,26.4,1007.1,54.9,18.2,Clear
527,2022-05-24,23:00,Summer,5,Tuesday,28.5,1004.5,35.3,12.2,Partly Cloudy
534,2022-05-25,02:00,Summer,5,Wednesday,29.8,1015.5,24.1,12.3,Clear
531,2022-05-25,03:00,Summer,5,Wednesday,31.2,1003.8,44.8,12.4,Partly Cloudy
533,2022-05-25,07:00,Summer,5,Wednesday,37.9,999.1,43.9,19.1,Haze
536,2022-05-25,13:00,Summer,5,Wednesday,41.8,1006.6,35.7,15.7,Clear
535,2022-05-25,18:00,Summer,5,Wednesday,33.7,1001.6,47.5,25.3,Clear
537,2022-05-25,19:00,Summer,5,Wednesday,29.9,1013.4,50.3,18.5,Clear
532,2022-05-25,20:00,Summer,5,Wednesday,34.5,1013.2,52.8,15.6,Clear
542,2022-05-26,05:00,Summer,5,Thursday,32.4,1013.2,42.2,15.2,Fog
539,2022-05-26,07:00,Summer,5,Thursday,34.9,999.8,48.8,14.1,Haze
541,2022-05-26,13:00,Summer,5,Thursday,40.7,1003.6,46.2,12.6,Haze
538,2022-05-26,16:00,Summer,5,Thursday,40.2,1015.4,48.4,15.9,Clear
540,2022-05-26,23:00,Summer,5,Thursday,27.5,1011,50.7,14.7,Partly Cloudy
547,2022-05-27,13:00,Summer,5,Friday,37.4,1008.4,46.8,13.3,Fog
545,2022-05-27,15:00,Summer,5,Friday,35.8,1000,62,16.2,Cloudy
546,2022-05-27,18:00,Summer,5,Friday,34.3,1000.5,45.3,12.3,Clear
544,2022-05-27,21:00,Summer,5,Friday,32.4,1005.7,48.4,14,Partly Cloudy
543,2022-05-27,22:00,Summer,5,Friday,28.6,1005.8,40.4,12.7,Cloudy
549,2022-05-28,02:00,Summer,5,Saturday,29,1015,46.7,27.4,Fog
550,2022-05-28,09:00,Summer,5,Saturday,40.4,1002.3,52.1,18.5,Clear
548,2022-05-28,18:00,Summer,5,Saturday,35.1,1008.2,39.7,16.6,Clear
551,2022-05-28,18:00,Summer,5,Saturday,34.4,1009,39.4,15.8,Haze
555,2022-05-29,06:00,Summer,5,Sunday,32.1,999.2,,13.4,Haze
552,2022-05-29,08:00,Summer,5,Sunday,31.7,1004.4,61.2,13.9,Partly Cloudy
557,2022-05-29,08:00,Summer,5,Sunday,38.7,1003.5,40.6,20.6,Partly Cloudy
554,2022-05-29,12:00,Summer,5,Sunday,41.7,1008.5,52.3,14.9,Clear
556,2022-05-29,13:00,Summer,5,Sunday,38.4,1005,49.9,,Partly Cloudy
553,2022-05-29,19:00,Summer,5,Sunday,35.4,1001.2,48.2,12.7,Cloudy
558,2022-05-30,22:00,Summer,5,Monday,28.7,1007.2,36.3,13.4,Haze
562,2022-05-31,13:00,Summer,5,Tuesday,38.5,1008.1,40.5,13.5,Fog
560,2022-05-31,14:00,Summer,5,Tuesday,35.3,1006,57.6,13.7,Clear
559,2022-05-31,18:00,Summer,5,Tuesday,36.9,1005,28.3,13.3,Partly Cloudy
561,2022-05-31,19:00,Summer,5,Tuesday,28.8,1010,37,21.3,Clear
566,2022-06-01,03:00,Monsoon,6,Wednesday,24.3,997.9,69.1,32.7,Clear
564,2022-06-01,05:00,Monsoon,6,Wednesday,25.4,1003,93.8,24.6,Light Rain
565,2022-06-01,20:00,Monsoon,6,Wednesday,26.4,1004.7,79,31.3,Light Rain
563,2022-06-01,23:00,Monsoon,6,Wednesday,24.9,1003.5,72.8,30,Light Rain
570,2022-06-02,00:00,Monsoon,6,Thursday,22.6,998.7,,27.4,Cloudy
567,2022-06-02,07:00,Monsoon,6,Thursday,27.4,1004.7,87.6,25.2,Light Rain
569,2022-06-02,08:00,Monsoon,6,Thursday,31.1,1002.2,81.9,21.4,Heavy Rain
568,2022-06-02,16:00,Monsoon,6,Thursday,31.3,997.7,85.6,21.5,Partly Cloudy
574,2022-06-03,10:00,Monsoon,6,Friday,34.6,1000.5,68.1,23.6,Thunderstorm
573,2022-06-03,13:00,Monsoon,6,Friday,30.5,999.1,74.7,20.5,Heavy Rain
572,2022-06-03,19:00,Monsoon,6,Friday,23.3,1005.1,69.6,28.9,Cloudy
575,2022-06-03,20:00,Monsoon,6,Friday,21.8,1001.3,99.8,21.1,Partly Cloudy
571,2022-06-03,23:00,Monsoon,6,Friday,20,1000.6,85.7,26.1,Cloudy
576,2022-06-04,02:00,Monsoon,6,Saturday,25.1,1001.2,74.8,23.1,Cloudy
577,2022-06-04,08:00,Monsoon,6,Saturday,28.1,1001.9,84.6,24.3,Partly Cloudy
580,2022-06-05,03:00,Monsoon,6,Sunday,24.6,1000.1,61.5,21.2,Light Rain
581,2022-06-05,03:00,Monsoon,6,Sunday,26.4,1008.4,79.9,30.3,Light Rain
579,2022-06-05,08:00,Monsoon,6,Sunday,29.3,1004.7,73.5,23.2,
578,2022-06-05,13:00,Monsoon,6,Sunday,30.2,995.4,79.1,20.2,Thunderstorm
583,2022-06-06,01:00,Monsoon,6,Monday,18.7,1000.9,92,20.8,Partly Cloudy
582,2022-06-06,07:00,Monsoon,6,Monday,29.6,995.5,85.3,30.1,Thunderstorm
584,2022-06-06,08:00,Monsoon,6,Monday,32.3,996,98.1,23.4,Partly Cloudy
585,2022-06-06,13:00,Monsoon,6,Monday,31.9,999.9,77.3,23.8,
586,2022-06-06,21:00,Monsoon,6,Monday,24.3,993.5,72.1,22.6,Heavy Rain
587,2022-06-07,08:00,Monsoon,6,Tuesday,29.7,997.6,87.5,20.7,Cloudy
589,2022-06-07,22:00,Monsoon,6,Tuesday,21.5,1001.8,88.4,22.1,Heavy Rain
588,2022-06-07,23:00,Monsoon,6,Tuesday,25.4,997.5,93.8,21,Cloudy
594,2022-06-08,02:00,Monsoon,6,Wednesday,22.2,996.9,80.2,22.2,Partly Cloudy
593,2022-06-08,11:00,Monsoon,6,Wednesday,33.4,1000.4,92,32.5,Cloudy
590,2022-06-08,15:00,Monsoon,6,Wednesday,35.7,1000.5,68.2,21.7,Thunderstorm
592,2022-06-08,15:00,Monsoon,6,Wednesday,34.5,999.1,80.5,26,Heavy Rain
591,2022-06-08,16:00,Monsoon,6,Wednesday,30.7,998.7,74,20.4,Cloudy
600,2022-06-09,04:00,Monsoon,6,Thursday,25.6,1000.6,75.6,22.2,Partly Cloudy
595,2022-06-09,10:00,Monsoon,6,Thursday,33.3,1004,76.1,32.5,Partly Cloudy
596,2022-06-09,13:00,Monsoon,6,Thursday,33.9,999.1,87.5,24.9,Heavy Rain
601,2022-06-09,15:00,Monsoon,6,Thursday,28.8,1002.3,88.4,23.8,Light Rain
597,2022-06-09,17:00,Monsoon,6,Thursday,27.6,1006.3,81.9,23.6,Light Rain
598,2022-06-09,20:00,Monsoon,6,Thursday,20.6,1003.6,72.3,29.5,Partly Cloudy
599,2022-06-09,20:00,Monsoon,6,Thursday,29.1,1000,65.3,24,Clear
606,2022-06-10,00:00,Monsoon,6,Friday,20.3,994.8,65.2,30.1,Cloudy
604,2022-06-10,02:00,Monsoon,6,Friday,24.6,992.8,95,27.3,Cloudy
603,2022-06-10,04:00,Monsoon,6,Friday,22.8,994.1,76.1,34.3,Light Rain
608,2022-06-10,08:00,Monsoon,6,Friday,32,996.4,83.9,24.8,Partly Cloudy
609,2022-06-10,08:00,Monsoon,6,Friday,31.2,998.6,83.2,25,Light Rain
605,2022-06-10,11:00,Monsoon,6,Friday,,1000.5,,22,Heavy Rain
602,2022-06-10,19:00,Monsoon,6,Friday,22.4,1004.6,80.4,29.9,Partly Cloudy
607,2022-06-10,20:00,Monsoon,6,Friday,29.2,1001.4,78.9,27.4,Light Rain
611,2022-06-11,02:00,Monsoon,6,Saturday,23.8,1001.3,63.8,24.2,Cloudy
610,2022-06-11,03:00,Monsoon,6,Saturday,22.9,1005,82.1,26.4,Light Rain
612,2022-06-11,16:00,Monsoon,6,Saturday,25.3,1005.8,68.5,22.7,Light Rain
615,2022-06-12,00:00,Monsoon,6,Sunday,21.1,996.4,77.4,37.1,Thunderstorm
613,2022-06-12,01:00,Monsoon,6,Sunday,24.6,1002,72,27,Heavy Rain
616,2022-06-12,07:00,Monsoon,6,Sunday,,999.4,100,,
614,2022-06-12,23:00,Monsoon,6,Sunday,17.5,998.6,66.4,30.8,Thunderstorm
617,2022-06-13,12:00,Monsoon,6,Monday,32.1,999.3,78.5,31.2,Partly Cloudy
618,2022-06-13,22:00,Monsoon,6,Monday,21.7,1000.9,62.7,29.6,Light Rain
620,2022-06-14,07:00,Monsoon,6,Tuesday,30.8,997.6,92,25.3,Light Rain
621,2022-06-14,11:00,Monsoon,6,Tuesday,35.2,1006.4,77,29.1,Heavy Rain
619,2022-06-14,14:00,Monsoon,6,Tuesday,33.9,1003,73.9,20.2,Light Rain
622,2022-06-14,21:00,Monsoon,6,Tuesday,20.8,1001.2,84.4,20.4,Cloudy
623,2022-06-15,11:00,Monsoon,6,Wednesday,29.9,995.5,71.9,21.6,Heavy Rain
624,2022-06-15,13:00,Monsoon,6,Wednesday,30.5,1004.7,70.2,20.8,Light Rain
625,2022-06-15,14:00,Monsoon,6,Wednesday,32.4,997.6,68.3,23.6,Cloudy
627,2022-06-16,08:00,Monsoon,6,Thursday,31.2,1005.8,86.4,20.9,Light Rain
626,2022-06-16,14:00,Monsoon,6,Thursday,29.1,1005.2,90.1,24.1,Partly Cloudy
628,2022-06-16,18:00,Monsoon,6,Thursday,26.5,998.6,77.6,24,Light Rain
629,2022-06-16,19:00,Monsoon,6,Thursday,26.6,1004.9,76.7,29.5,Light Rain
630,2022-06-16,21:00,Monsoon,6,Thursday,17.7,999.2,75,25,Thunderstorm
634,2022-06-17,05:00,Monsoon,6,Friday,24.4,1000.6,89.2,22.8,Light Rain
631,2022-06-17,07:00,Monsoon,6,Friday,29.6,996.8,82,24.6,Heavy Rain
633,2022-06-17,18:00,Monsoon,6,Friday,24.8,1004.3,77.9,25.2,Cloudy
635,2022-06-17,19:00,Monsoon,6,Friday,19.3,1002.2,89.5,23.7,Light Rain
632,2022-06-17,20:00,Monsoon,6,Friday,24.3,1001.6,71.2,26.1,Thunderstorm
636,2022-06-18,18:00,Monsoon,6,Saturday,24.8,1002.7,72.1,27.2,Heavy Rain
637,2022-06-19,03:00,Monsoon,6,Sunday,26.9,998.8,86.1,23.2,Cloudy
640,2022-06-19,03:00,Monsoon,6,Sunday,24.5,999.7,87.7,23.7,Light Rain
639,2022-06-19,06:00,Monsoon,6,Sunday,25.2,1003.5,81.5,28.1,Cloudy
638,2022-06-19,22:00,Monsoon,6,Sunday,17.9,1005.7,83.5,21.6,Partly Cloudy
642,2022-06-20,11:00,Monsoon,6,Monday,33.4,1002.7,73.6,27.4,Cloudy
641,2022-06-20,21:00,Monsoon,6,Monday,27.3,999,70.3,20.9,
647,2022-06-21,01:00,Monsoon,6,Tuesday,20.9,1003.8,55.3,25.4,Partly Cloudy
644,2022-06-21,02:00,Monsoon,6,Tuesday,23.5,997.8,73.3,24.5,Cloudy
646,2022-06-21,11:00,Monsoon,6,Tuesday,33.4,1006.9,92.4,23.7,Thunderstorm
643,2022-06-21,12:00,Monsoon,6,Tuesday,29.5,1004.6,60.1,27.7,Clear
645,2022-06-21,21:00,Monsoon,6,Tuesday,21.9,1000.7,67.8,25.7,Heavy Rain
652,2022-06-22,00:00,Monsoon,6,Wednesday,21.7,998.5,79.9,22.3,Light Rain
649,2022-06-22,01:00,Monsoon,6,Wednesday,20.2,996.8,78.2,24.8,Thunderstorm
653,2022-06-22,07:00,Monsoon,6,Wednesday,26.4,1004.4,83.5,27.1,Partly Cloudy
651,2022-06-22,08:00,Monsoon,6,Wednesday,29.8,1002,85,27.2,Thunderstorm
650,2022-06-22,22:00,Monsoon,6,Wednesday,21,998.1,86,24.2,Light Rain
648,2022-06-22,23:00,Monsoon,6,Wednesday,19.3,996.9,67,23.7,Heavy Rain
654,2022-06-23,22:00,Monsoon,6,Thursday,19.9,998.8,,23,
655,2022-06-24,05:00,Monsoon,6,Friday,32.2,1003.2,69.3,35.8,Partly Cloudy
656,2022-06-24,05:00,Monsoon,6,Friday,24.4,996.9,95.4,25.6,Light Rain
658,2022-06-25,17:00,Monsoon,6,Saturday,27,1001.4,90.1,24.2,Light Rain
657,2022-06-25,21:00,Monsoon,6,Saturday,22.2,1004,75.5,20.6,Heavy Rain
661,2022-06-26,05:00,Monsoon,6,Sunday,29.9,999.7,95.3,27.3,Cloudy
660,2022-06-26,11:00,Monsoon,6,Sunday,32.8,1007.5,87.3,30.9,Heavy Rain
659,2022-06-26,16:00,Monsoon,6,Sunday,31.9,995.4,80.9,20.4,Cloudy
662,2022-06-27,07:00,Monsoon,6,Monday,30.4,995.2,76.5,21.8,Cloudy
664,2022-06-27,09:00,Monsoon,6,Monday,32.3,996.9,76.9,22.6,Light Rain
663,2022-06-27,18:00,Monsoon,6,Monday,26,1002.9,65.6,20.7,Light Rain
665,2022-06-28,00:00,Monsoon,6,Tuesday,22.2,1006,86.4,30.8,Thunderstorm
666,2022-06-28,12:00,Monsoon,6,Tuesday,32.4,996.3,76.4,28.9,Clear
668,2022-06-29,02:00,Monsoon,6,Wednesday,22.6,1000.7,75.4,22.5,Light Rain
669,2022-06-29,07:00,Monsoon,6,Wednesday,26,998.1,83.7,20.4,Thunderstorm
667,2022-06-29,16:00,Monsoon,6,Wednesday,32.7,999.6,72.1,28.2,Cloudy
670,2022-06-30,13:00,Monsoon,6,Thursday,33.5,992.2,72.8,22,Light Rain
671,2022-07-01,02:00,Monsoon,7,Friday,22.7,999.1,92.5,25.2,Light Rain
673,2022-07-01,12:00,Monsoon,7,Friday,34.5,1002.3,71,23.9,Light Rain
672,2022-07-01,15:00,Monsoon,7,Friday,28.6,1005.6,77.2,20.6,Light Rain
672,2022-07-01,15:00,Monsoon,7,Friday,28.6,1005.6,77.2,20.6,Light Rain
674,2022-07-01,19:00,Monsoon,7,Friday,24.9,999.2,69.2,23.8,Heavy Rain
678,2022-07-02,05:00,Monsoon,7,Saturday,27.6,1002.4,76.6,21.6,Partly Cloudy
677,2022-07-02,12:00,Monsoon,7,Saturday,33.8,1003.3,83.1,26.2,Cloudy
676,2022-07-02,16:00,Monsoon,7,Saturday,28.8,1009.8,79.8,28.1,Cloudy
679,2022-07-02,16:00,Monsoon,7,Saturday,31.7,1001.2,59.4,30.4,Partly Cloudy
675,2022-07-02,23:00,Monsoon,7,Saturday,23.5,999.8,79.7,20.5,Heavy Rain
682,2022-07-03,07:00,Monsoon,7,Sunday,27.3,998.6,94.6,22.9,Clear
680,2022-07-03,13:00,Monsoon,7,Sunday,32.9,996.4,83.4,22.1,Clear
681,2022-07-03,16:00,Monsoon,7,Sunday,27.6,1002.6,79.8,22.4,Heavy Rain
683,2022-07-04,10:00,Monsoon,7,Monday,34.1,1002.6,80.5,20.1,Heavy Rain
685,2022-07-05,00:00,Monsoon,7,Tuesday,18.7,1002.7,92.1,26.1,Heavy Rain
684,2022-07-05,19:00,Monsoon,7,Tuesday,25,1002.6,74.7,26.3,Heavy Rain
686,2022-07-06,06:00,Monsoon,7,Wednesday,26.3,995,81.8,26.2,Light Rain
687,2022-07-06,20:00,Monsoon,7,Wednesday,22,997.9,90.6,29.7,Heavy Rain
688,2022-07-06,20:00,Monsoon,7,Wednesday,25.5,1001.5,78.6,25.4,Clear
690,2022-07-07,09:00,Monsoon,7,Thursday,31.1,1003.9,75.9,26.1,Cloudy
689,2022-07-07,16:00,Monsoon,7,Thursday,29.9,1005.1,86.4,23,Light Rain
691,2022-07-08,10:00,Monsoon,7,Friday,35.8,1003.6,82.5,20.5,Partly Cloudy
696,2022-07-09,04:00,Monsoon,7,Saturday,25.5,999.8,72.8,23.3,Cloudy
693,2022-07-09,08:00,Monsoon,7,Saturday,25.2,1009.4,69.6,25.8,Heavy Rain
694,2022-07-09,08:00,Monsoon,7,Saturday,28.9,996.1,88.6,30.4,Cloudy
698,2022-07-09,08:00,Monsoon,7,Saturday,32.2,998.2,75.9,25.9,Partly Cloudy
697,2022-07-09,16:00,Monsoon,7,Saturday,25.3,1004.1,88.4,23.7,Light Rain
692,2022-07-09,21:00,Monsoon,7,Saturday,21,999.7,99.5,21.5,Heavy Rain
695,2022-07-09,23:00,Monsoon,7,Saturday,21.8,1005,92.2,26.1,Light Rain
699,2022-07-10,16:00,Monsoon,7,Sunday,29.4,1004.5,58.7,21.9,Clear
701,2022-07-10,20:00,Monsoon,7,Sunday,22.7,990.8,87.5,21.4,Light Rain
700,2022-07-10,23:00,Monsoon,7,Sunday,23,1003.1,70.8,88,Thunderstorm
703,2022-07-11,06:00,Monsoon,7,Monday,25.6,995.8,89,27.2,Cloudy
706,2022-07-11,06:00,Monsoon,7,Monday,27.9,1000.8,82.2,22.3,Cloudy
705,2022-07-11,08:00,Monsoon,7,Monday,27.3,996.8,85.4,21.8,Heavy Rain
707,2022-07-11,12:00,Monsoon,7,Monday,32,1001.9,88.5,26.7,Thunderstorm
702,2022-07-11,18:00,Monsoon,7,Monday,25.2,1003.5,79.8,30.5,Light Rain
704,2022-07-11,22:00,Monsoon,7,Monday,17.6,1001.2,64.6,23.4,Clear
708,2022-07-12,10:00,Monsoon,7,Tuesday,37.6,1002.1,89.1,29.4,Clear
711,2022-07-13,10:00,Monsoon,7,Wednesday,32,999.9,83.9,23.2,Cloudy
712,2022-07-13,12:00,Monsoon,7,Wednesday,33.2,1000.3,70.3,27.4,Light Rain
709,2022-07-13,13:00,Monsoon,7,Wednesday,33.4,1001.9,82.6,32.1,Partly Cloudy
710,2022-07-13,18:00,Monsoon,7,Wednesday,26.1,995.6,70,20.2,Light Rain
715,2022-07-14,00:00,Monsoon,7,Thursday,23.8,999.4,75,35.5,Light Rain
716,2022-07-14,07:00,Monsoon,7,Thursday,26,998.3,94.6,20.3,Thunderstorm
714,2022-07-14,12:00,Monsoon,7,Thursday,35.5,1002.7,76.9,25.1,Clear
713,2022-07-14,13:00,Monsoon,7,Thursday,33.2,1004.3,86.9,21.1,Thunderstorm
720,2022-07-15,07:00,Monsoon,7,Friday,30.7,1004.9,77.7,21.2,Partly Cloudy
721,2022-07-15,07:00,Monsoon,7,Friday,24.3,1003.9,85.1,23.2,Partly Cloudy
717,2022-07-15,11:00,Monsoon,7,Friday,32.7,996.1,82.9,31.4,Light Rain
719,2022-07-15,11:00,Monsoon,7,Friday,30,1001,74.4,25,Clear
718,2022-07-15,18:00,Monsoon,7,Friday,27.9,1000.4,77.8,24.8,Light Rain
724,2022-07-17,11:00,Monsoon,7,Sunday,35.4,1002.6,75.5,21.3,Heavy Rain
723,2022-07-17,12:00,Monsoon,7,Sunday,30.5,996.5,71.2,30.8,Clear
722,2022-07-17,20:00,Monsoon,7,Sunday,23.7,1001.5,80.2,20.9,Light Rain
725,2022-07-18,15:00,Monsoon,7,Monday,28.7,997.5,79.3,23.6,Cloudy
726,2022-07-19,00:00,Monsoon,7,Tuesday,19.4,996.5,91.9,27.7,Light Rain
728,2022-07-19,06:00,Monsoon,7,Tuesday,26.1,1001.2,86.7,23.7,Heavy Rain
727,2022-07-19,12:00,Monsoon,7,Tuesday,31.7,998.2,73.3,21.9,Cloudy
729,2022-07-20,04:00,Monsoon,7,Wednesday,22,998.2,86.4,29,Thunderstorm
730,2022-07-20,07:00,Monsoon,7,Wednesday,28.1,997.6,96.5,20.1,Partly Cloudy
733,2022-07-20,12:00,Monsoon,7,Wednesday,,1003.3,100,21.1,
731,2022-07-20,13:00,Monsoon,7,Wednesday,32.7,1004.2,73.2,21.3,Heavy Rain
732,2022-07-20,22:00,Monsoon,7,Wednesday,20.8,995.9,71.9,30.9,Heavy Rain
734,2022-07-21,14:00,Monsoon,7,Thursday,32.9,1004.6,84.4,22.9,Light Rain
736,2022-07-21,16:00,Monsoon,7,Thursday,31,1000.1,,28,Clear
735,2022-07-21,22:00,Monsoon,7,Thursday,20.6,993.6,64,21.2,Partly Cloudy
737,2022-07-22,14:00,Monsoon,7,Friday,34.7,1000.1,67.1,29.1,Light Rain
738,2022-07-22,19:00,Monsoon,7,Friday,30.7,1007.3,60.5,20.2,Clear
739,2022-07-23,17:00,Monsoon,7,Saturday,24.3,1006.5,92.1,24.1,Clear
740,2022-07-23,17:00,Monsoon,7,Saturday,26,1000,70.4,36.3,Partly Cloudy
741,2022-07-24,01:00,Monsoon,7,Sunday,22.5,999.5,84.6,20.1,Cloudy
743,2022-07-25,00:00,Monsoon,7,Monday,27.5,1000,76.9,26.4,Partly Cloudy
742,2022-07-25,03:00,Monsoon,7,Monday,24,995.9,80.7,29.2,Heavy Rain
744,2022-07-25,03:00,Monsoon,7,Monday,22.1,1003.7,72.3,30.4,Heavy Rain
745,2022-07-25,17:00,Monsoon,7,Monday,30.8,993.6,75.6,20.1,Partly Cloudy
746,2022-07-26,04:00,Monsoon,7,Tuesday,21.2,990.7,92.5,28.8,Partly Cloudy
748,2022-07-26,14:00,Monsoon,7,Tuesday,36.8,1000.2,85.2,24.3,Partly Cloudy
747,2022-07-26,18:00,Monsoon,7,Tuesday,30.2,1003,69.2,24,Heavy Rain
752,2022-07-27,00:00,Monsoon,7,Wednesday,22.1,1000,78.4,30.9,Light Rain
749,2022-07-27,07:00,Monsoon,7,Wednesday,29.7,998.9,85.4,25.7,Thunderstorm
751,2022-07-27,16:00,Monsoon,7,Wednesday,31.6,995.4,68.6,21.5,Partly Cloudy
750,2022-07-27,19:00,Monsoon,7,Wednesday,25.8,1000.3,84.1,26.6,Thunderstorm
753,2022-07-28,11:00,Monsoon,7,Thursday,32.3,996,72,23,
754,2022-07-28,18:00,Monsoon,7,Thursday,28.9,996.5,80.9,22.1,Thunderstorm
757,2022-07-29,06:00,Monsoon,7,Friday,25.7,1006.2,74.6,22,Partly Cloudy
756,2022-07-29,08:00,Monsoon,7,Friday,31.5,1002,67.9,23.5,Light Rain
755,2022-07-29,14:00,Monsoon,7,Friday,34.1,999.9,90.1,25.1,Cloudy
758,2022-07-30,01:00,Monsoon,7,Saturday,19.1,996.7,73,20.9,Cloudy
759,2022-07-31,08:00,Monsoon,7,Sunday,30.7,993.3,74.5,20.1,Heavy Rain
761,2022-08-01,01:00,Monsoon,8,Monday,23.9,997.9,70.8,22.9,Light Rain
760,2022-08-01,09:00,Monsoon,8,Monday,28.7,1005.1,76.7,23.5,Partly Cloudy
762,2022-08-01,18:00,Monsoon,8,Monday,26.2,999.9,78.8,20.8,Cloudy
763,2022-08-02,10:00,Monsoon,8,Tuesday,32.8,999.7,100,21,Light Rain
764,2022-08-02,12:00,Monsoon,8,Tuesday,23.8,1000.3,84.7,23.6,Heavy Rain
765,2022-08-03,09:00,Monsoon,8,Wednesday,29,998.3,95.9,22,Light Rain
766,2022-08-03,13:00,Monsoon,8,Wednesday,33.1,994,84.5,25.6,Heavy Rain
767,2022-08-03,17:00,Monsoon,8,Wednesday,24.8,1003.5,81.6,21.6,Light Rain
772,2022-08-04,02:00,Monsoon,8,Thursday,20.3,1004.7,85.3,30.7,Cloudy
774,2022-08-04,05:00,Monsoon,8,Thursday,25.8,999.9,98.4,28.2,Cloudy
771,2022-08-04,06:00,Monsoon,8,Thursday,28.7,1004.5,68.9,26.1,Partly Cloudy
770,2022-08-04,08:00,Monsoon,8,Thursday,30.7,1004.6,81.8,23,Cloudy
768,2022-08-04,18:00,Monsoon,8,Thursday,23.1,999,65.4,25.6,Clear
773,2022-08-04,19:00,Monsoon,8,Thursday,25.6,994.6,80.4,24.3,Heavy Rain
769,2022-08-04,21:00,Monsoon,8,Thursday,20.9,1001.7,61.8,27.9,Heavy Rain
776,2022-08-05,01:00,Monsoon,8,Friday,23.2,1002.1,77.8,28.4,Thunderstorm
781,2022-08-05,01:00,Monsoon,8,Friday,19.5,1000,80.4,24.2,Light Rain
778,2022-08-05,02:00,Monsoon,8,Friday,18.9,1000.8,84.1,22.6,Clear
777,2022-08-05,05:00,Monsoon,8,Friday,28.9,1003.5,77.3,21.1,Partly Cloudy
780,2022-08-05,07:00,Monsoon,8,Friday,25.6,998.5,75.3,24.8,Heavy Rain
779,2022-08-05,15:00,Monsoon,8,Friday,26,1002.7,60.7,28.2,Cloudy
775,2022-08-05,20:00,Monsoon,8,Friday,20.1,998.9,84.6,23.3,Partly Cloudy
787,2022-08-06,00:00,Monsoon,8,Saturday,19.6,1001.2,,22.2,Partly Cloudy
785,2022-08-06,02:00,Monsoon,8,Saturday,22.9,1004,98,20.1,Cloudy
783,2022-08-06,08:00,Monsoon,8,Saturday,31,1003.1,66.7,,Cloudy
786,2022-08-06,10:00,Monsoon,8,Saturday,60.2,1001.2,72,21.8,Light Rain
784,2022-08-06,11:00,Monsoon,8,Saturday,32.2,1000.9,80.7,22,Thunderstorm
782,2022-08-06,16:00,Monsoon,8,Saturday,28.9,996.2,79.7,20.6,Heavy Rain
791,2022-08-08,04:00,Monsoon,8,Monday,25.1,1001.3,80.6,22.6,Cloudy
789,2022-08-08,12:00,Monsoon,8,Monday,32.1,997.2,73.9,24.8,Cloudy
790,2022-08-08,14:00,Monsoon,8,Monday,27.9,1001.8,68.4,22.1,Thunderstorm
793,2022-08-08,16:00,Monsoon,8,Monday,30.4,1005.6,76.9,27.7,Heavy Rain
792,2022-08-08,20:00,Monsoon,8,Monday,26.9,997.5,85.1,26.9,Thunderstorm
788,2022-08-08,22:00,Monsoon,8,Monday,22.2,998.3,93.1,24.1,Clear
794,2022-08-08,22:00,Monsoon,8,Monday,24.2,1006.4,65.2,24,Cloudy
796,2022-08-09,05:00,Monsoon,8,Tuesday,27.4,1002.9,100,25.3,Light Rain
795,2022-08-09,23:00,Monsoon,8,Tuesday,23.8,1005.4,70,28.8,Light Rain
797,2022-08-10,20:00,Monsoon,8,Wednesday,26.1,1002,81.3,31.8,Light Rain
798,2022-08-10,21:00,Monsoon,8,Wednesday,26.2,1004.4,100,25.8,Cloudy
802,2022-08-11,02:00,Monsoon,8,Thursday,24.4,995.4,77.4,21.2,Heavy Rain
801,2022-08-11,03:00,Monsoon,8,Thursday,27.9,997.9,85.8,28,Heavy Rain
805,2022-08-11,08:00,Monsoon,8,Thursday,33.3,992.5,89.4,28.5,
799,2022-08-11,10:00,Monsoon,8,Thursday,34.7,991.9,88.3,26.5,Partly Cloudy
803,2022-08-11,12:00,Monsoon,8,Thursday,36.5,1000.1,71,,Cloudy
800,2022-08-11,17:00,Monsoon,8,Thursday,31.9,1010,68.6,22,Cloudy
806,2022-08-11,20:00,Monsoon,8,Thursday,23.5,995.7,61.9,29.9,Thunderstorm
804,2022-08-11,22:00,Monsoon,8,Thursday,19.4,996.7,76.2,20.3,Heavy Rain
809,2022-08-12,01:00,Monsoon,8,Friday,18.7,1004.2,86.3,20.7,Partly Cloudy
810,2022-08-12,02:00,Monsoon,8,Friday,24,1003.6,84.2,22.5,Light Rain
807,2022-08-12,05:00,Monsoon,8,Friday,33.2,992.8,81.7,20.1,Clear
808,2022-08-12,11:00,Monsoon,8,Friday,31.1,998.7,70.6,28.2,Clear
811,2022-08-13,02:00,Monsoon,8,Saturday,21.3,1002.4,75.7,24,Heavy Rain
816,2022-08-13,07:00,Monsoon,8,Saturday,28.2,995.9,95.6,20.7,Heavy Rain
814,2022-08-13,08:00,Monsoon,8,Saturday,31.9,1005.6,83.5,22.4,Cloudy
812,2022-08-13,11:00,Monsoon,8,Saturday,33.6,997,85.1,24.7,Heavy Rain
813,2022-08-13,14:00,Monsoon,8,Saturday,34.8,1003.4,86.6,24.7,Light Rain
815,2022-08-13,22:00,Monsoon,8,Saturday,20.8,999.6,82.2,25.2,Partly Cloudy
821,2022-08-14,00:00,Monsoon,8,Sunday,21.6,993.5,91.1,27,Light Rain
820,2022-08-14,03:00,Monsoon,8,Sunday,23.5,1002.3,97.1,24.6,Clear
823,2022-08-14,06:00,Monsoon,8,Sunday,27.1,1002.9,75.9,20.5,Cloudy
817,2022-08-14,10:00,Monsoon,8,Sunday,30.9,995.6,77.1,36.9,Light Rain
818,2022-08-14,15:00,Monsoon,8,Sunday,33.6,1002.5,90.2,32.1,Light Rain
819,2022-08-14,21:00,Monsoon,8,Sunday,24.6,1008.2,74,28.7,Light Rain
822,2022-08-14,23:00,Monsoon,8,Sunday,24.5,1001.6,94.5,20.7,Light Rain
824,2022-08-15,01:00,Monsoon,8,Monday,18.4,1007.4,72.7,20.1,Partly Cloudy
828,2022-08-15,03:00,Monsoon,8,Monday,18.3,999.9,58.9,22.9,Cloudy
826,2022-08-15,04:00,Monsoon,8,Monday,26.7,994.8,73.4,26.3,Light Rain
827,2022-08-15,06:00,Monsoon,8,Monday,24.6,1000.6,78,23.1,Cloudy
825,2022-08-15,23:00,Monsoon,8,Monday,19.7,1002.2,91.2,22.8,Heavy Rain
831,2022-08-16,00:00,Monsoon,8,Tuesday,19.8,1007.9,78.8,27.6,Heavy Rain
829,2022-08-16,04:00,Monsoon,8,Tuesday,22.9,993.4,93.7,29.9,Heavy Rain
830,2022-08-16,23:00,Monsoon,8,Tuesday,22.9,1000.6,75.4,22.5,Cloudy
832,2022-08-17,00:00,Monsoon,8,Wednesday,20.8,1004.9,85.3,22.8,Heavy Rain
838,2022-08-17,02:00,Monsoon,8,Wednesday,22,987.8,52.5,26.7,Light Rain
836,2022-08-17,09:00,Monsoon,8,Wednesday,27.1,1003.5,64,21.8,Partly Cloudy
833,2022-08-17,14:00,Monsoon,8,Wednesday,32.2,995.2,89.9,21.4,Cloudy
837,2022-08-17,17:00,Monsoon,8,Wednesday,29.9,1008.8,64.5,24.8,Partly Cloudy
835,2022-08-17,18:00,Monsoon,8,Wednesday,26.5,1002.6,83.3,,Partly Cloudy
834,2022-08-17,19:00,Monsoon,8,Wednesday,25.5,1004.3,68.6,21.9,Thunderstorm
839,2022-08-18,10:00,Monsoon,8,Thursday,30.3,1002.9,83.8,26.3,Light Rain
841,2022-08-18,10:00,Monsoon,8,Thursday,28.8,999.1,82.6,30.3,Partly Cloudy
840,2022-08-18,14:00,Monsoon,8,Thursday,31.6,996,68.6,20.3,Light Rain
847,2022-08-19,01:00,Monsoon,8,Friday,24.3,1006.4,100,23.5,Partly Cloudy
845,2022-08-19,04:00,Monsoon,8,Friday,23.8,1000.9,86.8,26.5,Thunderstorm
844,2022-08-19,05:00,Monsoon,8,Friday,22.9,997.9,87.3,24.1,Heavy Rain
846,2022-08-19,07:00,Monsoon,8,Friday,25.2,1003.5,93.1,20.3,Partly Cloudy
848,2022-08-19,15:00,Monsoon,8,Friday,31.2,1002,64.4,32.5,Thunderstorm
842,2022-08-19,16:00,Monsoon,8,Friday,33.9,997.2,77.1,22.3,Partly Cloudy
843,2022-08-19,16:00,Monsoon,8,Friday,28.2,1005.1,88.3,24.5,Light Rain
849,2022-08-20,19:00,Monsoon,8,Saturday,25.3,1000.1,71.3,20.5,Cloudy
850,2022-08-20,23:00,Monsoon,8,Saturday,19.5,1003.3,74.9,21.1,Cloudy
853,2022-08-21,00:00,Monsoon,8,Sunday,24.7,999.9,78.5,22.8,Light Rain
854,2022-08-21,03:00,Monsoon,8,Sunday,22.7,1009.7,79.8,21.6,Cloudy
858,2022-08-21,04:00,Monsoon,8,Sunday,25.5,994.2,76.5,24.6,Light Rain
852,2022-08-21,05:00,Monsoon,8,Sunday,28.7,996.3,88.9,20.7,Heavy Rain
851,2022-08-21,11:00,Monsoon,8,Sunday,32.7,1006.4,77.5,25.6,Light Rain
856,2022-08-21,12:00,Monsoon,8,Sunday,36.5,996.7,83.3,27.2,Thunderstorm
855,2022-08-21,16:00,Monsoon,8,Sunday,27.1,994,80.7,25.4,Cloudy
857,2022-08-21,17:00,Monsoon,8,Sunday,31.8,995.8,79.3,26.1,Light Rain
859,2022-08-22,23:00,Monsoon,8,Monday,24.5,991.8,86.3,23.2,Light Rain
861,2022-08-23,02:00,Monsoon,8,Tuesday,21.5,999.6,98,22.4,Cloudy
860,2022-08-23,23:00,Monsoon,8,Tuesday,21.5,1007.5,67.6,22,Thunderstorm
864,2022-08-24,03:00,Monsoon,8,Wednesday,24.8,1006,85.5,26.3,Light Rain
862,2022-08-24,10:00,Monsoon,8,Wednesday,30.7,1002.9,69.7,32.5,
863,2022-08-24,12:00,Monsoon,8,Wednesday,32.9,1006.1,99.3,24.8,Clear
868,2022-08-25,09:00,Monsoon,8,Thursday,29.3,1000.7,77.5,20.7,Cloudy
867,2022-08-25,10:00,Monsoon,8,Thursday,29.2,998.4,77.2,23.4,Cloudy
865,2022-08-25,13:00,Monsoon,8,Thursday,33.1,997.1,75,21.6,Heavy Rain
866,2022-08-25,21:00,Monsoon,8,Thursday,25.2,996.9,69.2,,Heavy Rain
869,2022-08-26,18:00,Monsoon,8,Friday,28.6,998.8,92.5,23.9,Cloudy
871,2022-08-27,05:00,Monsoon,8,Saturday,26.3,999.3,93.5,27.3,Clear
874,2022-08-27,09:00,Monsoon,8,Saturday,31.3,999.3,69.2,21.1,Cloudy
872,2022-08-27,14:00,Monsoon,8,Saturday,33.5,993.6,71.3,23,Cloudy
870,2022-08-27,17:00,Monsoon,8,Saturday,29.9,994.9,89.8,32.3,Cloudy
873,2022-08-27,20:00,Monsoon,8,Saturday,18.5,996.6,76.5,21.1,Clear
875,2022-08-29,04:00,Monsoon,8,Monday,24.7,1000.8,75.1,30.3,Light Rain
876,2022-08-29,04:00,Monsoon,8,Monday,24.5,997.9,74.6,25.4,Clear
879,2022-08-30,02:00,Monsoon,8,Tuesday,24.7,996.3,88.5,30,Heavy Rain
882,2022-08-30,03:00,Monsoon,8,Tuesday,25.4,995.9,83.6,22.2,Heavy Rain
878,2022-08-30,04:00,Monsoon,8,Tuesday,26.2,996.1,70.3,25.9,Partly Cloudy
881,2022-08-30,05:00,Monsoon,8,Tuesday,24.4,1001.1,81.4,37,Heavy Rain
884,2022-08-30,08:00,Monsoon,8,Tuesday,30.1,1001.5,73.4,20.8,Clear
877,2022-08-30,09:00,Monsoon,8,Tuesday,31.8,,60.2,31.5,Light Rain
883,2022-08-30,17:00,Monsoon,8,Tuesday,25.1,1001.6,79.3,24.7,Heavy Rain
880,2022-08-30,22:00,Monsoon,8,Tuesday,20,999.3,94.8,25.9,Thunderstorm
886,2022-08-31,12:00,Monsoon,8,Wednesday,29.6,1003.4,72.9,,Heavy Rain
887,2022-08-31,14:00,Monsoon,8,Wednesday,30,994.5,84,20.2,Cloudy
885,2022-08-31,16:00,Monsoon,8,Wednesday,28.9,996.8,74.8,23.6,Light Rain
888,2022-08-31,19:00,Monsoon,8,Wednesday,28.8,996.7,72.8,24.3,Cloudy
890,2022-09-01,12:00,Monsoon,9,Thursday,31.3,,74.8,,Cloudy
891,2022-09-01,15:00,Monsoon,9,Thursday,27.7,,92.7,21.1,Cloudy
889,2022-09-01,16:00,Monsoon,9,Thursday,34.1,1090,73.1,21,Cloudy
892,2022-09-01,21:00,Monsoon,9,Thursday,20.2,1005.1,84.4,21.1,Light Rain
893,2022-09-02,03:00,Monsoon,9,Friday,19.4,1003.4,94.9,20.2,Partly Cloudy
894,2022-09-03,04:00,Monsoon,9,Saturday,24.7,1004.7,87.8,27.3,Thunderstorm
895,2022-09-03,04:00,Monsoon,9,Saturday,23.9,999.1,79.6,27.4,Light Rain
896,2022-09-03,08:00,Monsoon,9,Saturday,31.6,995.9,93.3,25.5,
898,2022-09-04,12:00,Monsoon,9,Sunday,31.2,999.5,50,24.3,Thunderstorm
897,2022-09-04,16:00,Monsoon,9,Sunday,,998.1,78.9,23.3,
899,2022-09-05,01:00,Monsoon,9,Monday,19.5,1007.9,87.4,25.4,Thunderstorm
900,2022-09-06,12:00,Monsoon,9,Tuesday,36.7,1000.4,79.4,29.3,Light Rain
901,2022-09-06,21:00,Monsoon,9,Tuesday,21.2,998.2,79,26.8,Light Rain
904,2022-09-07,18:00,Monsoon,9,Wednesday,30.4,1001.1,65.1,,Clear
902,2022-09-07,20:00,Monsoon,9,Wednesday,25.1,,84.6,24.7,Light Rain
903,2022-09-07,22:00,Monsoon,9,Wednesday,17.7,997.7,88.4,20.4,Light Rain
907,2022-09-08,01:00,Monsoon,9,Thursday,19.5,1001.1,67.5,20.2,
905,2022-09-08,02:00,Monsoon,9,Thursday,19,1004.1,77.6,22.6,Partly Cloudy
906,2022-09-08,09:00,Monsoon,9,Thursday,31.7,1003,85.8,23.6,Cloudy
908,2022-09-08,12:00,Monsoon,9,Thursday,33.9,992.1,86.2,20.1,Heavy Rain
910,2022-09-08,16:00,Monsoon,9,Thursday,29.6,1001.1,89.9,21.6,Light Rain
909,2022-09-08,18:00,Monsoon,9,Thursday,28.2,1000.9,87.9,21.5,Partly Cloudy
912,2022-09-09,13:00,Monsoon,9,Friday,36.2,992.5,99.8,21,Heavy Rain
911,2022-09-09,20:00,Monsoon,9,Friday,21.7,1001,78.8,23.7,Heavy Rain
920,2022-09-10,00:00,Monsoon,9,Saturday,18.2,999,76.3,20.1,Thunderstorm
918,2022-09-10,03:00,Monsoon,9,Saturday,24.3,1001,85.3,20,Clear
917,2022-09-10,06:00,Monsoon,9,Saturday,26.4,996.3,74,23.5,Heavy Rain
916,2022-09-10,10:00,Monsoon,9,Saturday,34.9,997,81.4,20.6,Heavy Rain
913,2022-09-10,11:00,Monsoon,9,Saturday,28.4,992.9,80.4,26.9,Heavy Rain
915,2022-09-10,11:00,Monsoon,9,Saturday,26.9,995.9,74.4,21.9,Thunderstorm
919,2022-09-10,18:00,Monsoon,9,Saturday,27,1004.5,76.3,22.8,Heavy Rain
914,2022-09-10,20:00,Monsoon,9,Saturday,18.9,998.9,76.4,21.1,Partly Cloudy
925,2022-09-11,01:00,Monsoon,9,Sunday,17.7,1006.5,75.9,28.8,Light Rain
922,2022-09-11,02:00,Monsoon,9,Sunday,20,1003.4,75.3,25.8,Heavy Rain
927,2022-09-11,03:00,Monsoon,9,Sunday,24.2,1000.8,84.3,26,
926,2022-09-11,10:00,Monsoon,9,Sunday,35.4,,67.5,27.9,Thunderstorm
923,2022-09-11,12:00,Monsoon,9,Sunday,30.4,,62.9,21.9,Partly Cloudy
924,2022-09-11,14:00,Monsoon,9,Sunday,34.4,998,96.5,23.1,Heavy Rain
921,2022-09-11,23:00,Monsoon,9,Sunday,21.7,997.4,76.1,,Heavy Rain
930,2022-09-13,02:00,Monsoon,9,Tuesday,21.4,993.1,74.4,24.7,Cloudy
929,2022-09-13,16:00,Monsoon,9,Tuesday,32.2,1005.1,71.8,27.9,Partly Cloudy
928,2022-09-13,18:00,Monsoon,9,Tuesday,28,1005.7,85.4,21,Cloudy
932,2022-09-14,07:00,Monsoon,9,Wednesday,26.3,999.2,73.8,20.6,Cloudy
931,2022-09-14,17:00,Monsoon,9,Wednesday,29.5,1007.9,63.1,,Cloudy
933,2022-09-14,21:00,Monsoon,9,Wednesday,25.9,1005.4,80.9,20.8,Heavy Rain
935,2022-09-15,18:00,Monsoon,9,Thursday,24.9,998.4,87.5,,Clear
934,2022-09-15,23:00,Monsoon,9,Thursday,,997.8,87,22.4,Clear
936,2022-09-16,04:00,Monsoon,9,Friday,19.3,998.7,62.4,23.8,Light Rain
940,2022-09-16,04:00,Monsoon,9,Friday,24.5,1000,61.1,28.3,Light Rain
937,2022-09-16,06:00,Monsoon,9,Friday,26.4,1000.2,88.2,27.4,Cloudy
939,2022-09-16,07:00,Monsoon,9,Friday,,1000.1,93.2,25.3,Partly Cloudy
938,2022-09-16,20:00,Monsoon,9,Friday,23.4,998.1,83.3,22.8,Cloudy
941,2022-09-17,16:00,Monsoon,9,Saturday,31.8,1006.2,84.2,23,Light Rain
947,2022-09-18,01:00,Monsoon,9,Sunday,23,1003.4,92.5,21.7,Heavy Rain
943,2022-09-18,03:00,Monsoon,9,Sunday,,1000.8,,26.6,Light Rain
942,2022-09-18,04:00,Monsoon,9,Sunday,22.9,1005.4,85.3,25.7,Partly Cloudy
945,2022-09-18,18:00,Monsoon,9,Sunday,23.6,1004.8,73,23.8,Thunderstorm
946,2022-09-18,20:00,Monsoon,9,Sunday,21,1001.2,79.7,30.3,Light Rain
944,2022-09-18,21:00,Monsoon,9,Sunday,22,995.6,89,32.2,Thunderstorm
948,2022-09-19,10:00,Monsoon,9,Monday,30,1005.7,71.7,23.4,Heavy Rain
949,2022-09-19,21:00,Monsoon,9,Monday,21.2,997.6,87.8,24,Clear
952,2022-09-20,11:00,Monsoon,9,Tuesday,33.4,1002.9,61.4,26.8,Cloudy
950,2022-09-20,12:00,Monsoon,9,Tuesday,29.4,1001.5,84.1,23.7,Light Rain
951,2022-09-20,14:00,Monsoon,9,Tuesday,26,997,78,23.4,Clear
953,2022-09-20,21:00,Monsoon,9,Tuesday,23.7,997.9,68.2,20.6,Light Rain
958,2022-09-21,04:00,Monsoon,9,Wednesday,25.3,1003.9,78.5,25.1,Cloudy
957,2022-09-21,06:00,Monsoon,9,Wednesday,26.7,1002,85.3,27.6,Cloudy
956,2022-09-21,10:00,Monsoon,9,Wednesday,35.6,1004.3,72.9,26.3,Heavy Rain
954,2022-09-21,20:00,Monsoon,9,Wednesday,23.6,1002,77.3,23.4,Heavy Rain
955,2022-09-21,21:00,Monsoon,9,Wednesday,22.8,998.4,67.2,23.9,Heavy Rain
959,2022-09-22,16:00,Monsoon,9,Thursday,29.8,1003.5,87.4,20.7,Heavy Rain
961,2022-09-23,19:00,Monsoon,9,Friday,26.9,1002.4,85.3,22.4,Cloudy
960,2022-09-23,23:00,Monsoon,9,Friday,24.1,997.7,61.3,23.5,Thunderstorm
962,2022-09-24,08:00,Monsoon,9,Saturday,33.4,996.9,68,22.2,Light Rain
963,2022-09-24,13:00,Monsoon,9,Saturday,34.8,992.5,86.5,22.9,Heavy Rain
965,2022-09-25,05:00,Monsoon,9,Sunday,23.7,1007.7,81.2,23.1,
964,2022-09-25,11:00,Monsoon,9,Sunday,29,993.8,70.6,21.7,Heavy Rain
969,2022-09-25,15:00,Monsoon,9,Sunday,,999.3,74.8,20.9,Thunderstorm
966,2022-09-25,16:00,Monsoon,9,Sunday,,999,74.4,21.4,Heavy Rain
967,2022-09-25,18:00,Monsoon,9,Sunday,,1002.6,84.5,24.6,Light Rain
968,2022-09-25,18:00,Monsoon,9,Sunday,,995.6,72.5,23.4,Partly Cloudy
970,2022-09-26,11:00,Monsoon,9,Monday,,870.5,74.9,20.1,Heavy Rain
973,2022-09-27,05:00,Monsoon,9,Tuesday,25.5,992.9,80.7,21.7,Clear
971,2022-09-27,11:00,Monsoon,9,Tuesday,36.5,991.8,84.8,20.4,Heavy Rain
972,2022-09-27,19:00,Monsoon,9,Tuesday,25,1000.1,85.9,29.8,Cloudy
974,2022-09-27,22:00,Monsoon,9,Tuesday,24.5,,80.6,26.7,Clear
978,2022-09-28,00:00,Monsoon,9,Wednesday,21.2,1003.4,74,22.2,Heavy Rain
975,2022-09-28,03:00,Monsoon,9,Wednesday,21.3,1009.1,77,25.2,Cloudy
976,2022-09-28,05:00,Monsoon,9,Wednesday,27.4,1001.2,83.5,24,Light Rain
977,2022-09-28,10:00,Monsoon,9,Wednesday,29.4,1000.1,69.4,23.2,Partly Cloudy
980,2022-09-29,22:00,Monsoon,9,Thursday,21.2,,80.7,26.5,Heavy Rain
980,2022-09-29,22:00,Monsoon,9,Thursday,21.2,,80.7,26.5,Heavy Rain
979,2022-09-29,23:00,Monsoon,9,Thursday,20.1,1007.3,,22,Thunderstorm
982,2022-09-30,10:00,Monsoon,9,Friday,31.5,999.8,,21,Cloudy
981,2022-09-30,14:00,Monsoon,9,Friday,28.3,1002,93,25.4,
985,2022-09-30,16:00,Monsoon,9,Friday,35.9,1002.8,54.2,21.9,Cloudy
984,2022-09-30,17:00,Monsoon,9,Friday,28.3,1001.9,71,26.4,Light Rain
983,2022-09-30,18:00,Monsoon,9,Friday,23.7,1004.3,78.1,33,Clear
988,2022-10-01,13:00,Post-Monsoon,10,Saturday,30.6,1012.7,56.3,21.7,Clear
989,2022-10-01,17:00,Post-Monsoon,10,Saturday,25.2,1008.2,64.6,16.4,Partly Cloudy
986,2022-10-01,18:00,Post-Monsoon,10,Saturday,18.7,1011.1,84.7,12.8,Partly Cloudy
987,2022-10-01,20:00,Post-Monsoon,10,Saturday,26.9,1005.7,51.3,14.2,Partly Cloudy
990,2022-10-02,18:00,Post-Monsoon,10,Sunday,25.3,1015.8,63.2,12.5,Clear
991,2022-10-03,14:00,Post-Monsoon,10,Monday,27.6,1011.2,66.4,10.9,Cloudy
992,2022-10-03,14:00,Post-Monsoon,10,Monday,29,1006.7,30.7,21,
996,2022-10-04,02:00,Post-Monsoon,10,Tuesday,12.3,1008.7,66.3,16.7,Partly Cloudy
993,2022-10-04,03:00,Post-Monsoon,10,Tuesday,17.9,1006.6,54.4,11.1,Cloudy
994,2022-10-04,06:00,Post-Monsoon,10,Tuesday,25.2,1013.8,70.4,25.3,Clear
999,2022-10-04,07:00,Post-Monsoon,10,Tuesday,25.5,1011,85,11.3,Clear
998,2022-10-04,08:00,Post-Monsoon,10,Tuesday,28.2,1010.8,56,12.6,Clear
995,2022-10-04,12:00,Post-Monsoon,10,Tuesday,27.7,1018.7,75.5,10.9,Cloudy
997,2022-10-04,15:00,Post-Monsoon,10,Tuesday,21.9,1006.9,43.5,17.8,Cloudy
1001,2022-10-05,12:00,Post-Monsoon,10,Wednesday,31.2,1010.4,70.1,10.5,Partly Cloudy
1000,2022-10-05,19:00,Post-Monsoon,10,Wednesday,26.6,1010.9,73.2,15.8,Partly Cloudy
1002,2022-10-06,16:00,Post-Monsoon,10,Thursday,30.3,1015.4,73.2,30.6,Light Rain
1003,2022-10-06,16:00,Post-Monsoon,10,Thursday,28.7,1013.2,65.2,21.5,Clear
1004,2022-10-06,16:00,Post-Monsoon,10,Thursday,24.4,1016.1,55.4,14.8,Light Rain
1005,2022-10-07,00:00,Post-Monsoon,10,Friday,18.8,1015.7,85.3,11.9,Partly Cloudy
1008,2022-10-07,05:00,Post-Monsoon,10,Friday,22.6,1004.9,77.4,15.4,Cloudy
1006,2022-10-07,07:00,Post-Monsoon,10,Friday,21,1006.9,,20.6,Partly Cloudy
1007,2022-10-07,18:00,Post-Monsoon,10,Friday,25.2,1011.8,62.6,13.9,Cloudy
1009,2022-10-08,02:00,Post-Monsoon,10,Saturday,19.7,1009.8,63,12.9,Haze
1010,2022-10-08,04:00,Post-Monsoon,10,Saturday,18.1,1014.9,58.1,15.2,Cloudy
1011,2022-10-09,12:00,Post-Monsoon,10,Sunday,34.6,1012.5,63.4,13,Light Rain
1013,2022-10-09,13:00,Post-Monsoon,10,Sunday,28.4,1012.4,77.7,,Partly Cloudy
1012,2022-10-09,14:00,Post-Monsoon,10,Sunday,32.5,1014.1,64.7,20.9,Clear
1015,2022-10-10,15:00,Post-Monsoon,10,Monday,26.2,1014,66.2,11.9,Clear
1016,2022-10-10,17:00,Post-Monsoon,10,Monday,27.6,1013.3,46.4,15.9,Light Rain
1014,2022-10-10,22:00,Post-Monsoon,10,Monday,18.8,1012.4,73,17.1,Haze
1019,2022-10-11,10:00,Post-Monsoon,10,Tuesday,25,1009.3,71,10.9,Cloudy
1017,2022-10-11,21:00,Post-Monsoon,10,Tuesday,20.3,1017.9,60.3,13.9,Partly Cloudy
1018,2022-10-11,21:00,Post-Monsoon,10,Tuesday,18.2,1015.4,58.3,11.3,Partly Cloudy
1020,2022-10-12,02:00,Post-Monsoon,10,Wednesday,16.8,1012.4,61.3,18.3,Light Rain
1022,2022-10-12,09:00,Post-Monsoon,10,Wednesday,24.3,1016.9,,10.5,Clear
1023,2022-10-12,09:00,Post-Monsoon,10,Wednesday,26.5,1015.8,80,13.7,
1026,2022-10-12,11:00,Post-Monsoon,10,Wednesday,32.8,1014.7,69.8,14.1,Partly Cloudy
1025,2022-10-12,15:00,Post-Monsoon,10,Wednesday,30.6,1008.9,45.3,11.9,Partly Cloudy
1024,2022-10-12,20:00,Post-Monsoon,10,Wednesday,24.2,1011.3,97.1,14.9,Clear
1021,2022-10-12,21:00,Post-Monsoon,10,Wednesday,18.5,1005.8,69.7,21,Clear
1027,2022-10-13,01:00,Post-Monsoon,10,Thursday,14.3,1007.7,44.9,14.1,Cloudy
1028,2022-10-13,08:00,Post-Monsoon,10,Thursday,26.3,1012.9,65.5,12.8,Clear
1030,2022-10-14,02:00,Post-Monsoon,10,Friday,19.8,1015.7,45.7,14.9,Clear
1033,2022-10-14,02:00,Post-Monsoon,10,Friday,16.3,1005.3,83.9,16.9,Clear
1032,2022-10-14,14:00,Post-Monsoon,10,Friday,32.7,1011.9,71.5,10.3,Light Rain
1029,2022-10-14,23:00,Post-Monsoon,10,Friday,18.8,1007.9,59.9,10.9,Clear
1031,2022-10-14,23:00,Post-Monsoon,10,Friday,17.5,1013,71.5,20.7,Clear
1039,2022-10-15,06:00,Post-Monsoon,10,Saturday,23.1,1016.2,71.4,12,Haze
1040,2022-10-15,06:00,Post-Monsoon,10,Saturday,27.1,1015.4,53,21.9,Clear
1036,2022-10-15,07:00,Post-Monsoon,10,Saturday,25.1,1010.3,67.4,18.1,Cloudy
1038,2022-10-15,07:00,Post-Monsoon,10,Saturday,23.6,1014.6,55.3,17.8,Partly Cloudy
1037,2022-10-15,16:00,Post-Monsoon,10,Saturday,28,1008,47.5,11.7,Cloudy
1035,2022-10-15,17:00,Post-Monsoon,10,Saturday,26.2,1017.1,66.9,16.5,Haze
1034,2022-10-15,18:00,Post-Monsoon,10,Saturday,24.2,1013.5,81.8,17,Cloudy
1042,2022-10-16,00:00,Post-Monsoon,10,Sunday,19.4,1012.6,49.4,14.4,Light Rain
1045,2022-10-16,00:00,Post-Monsoon,10,Sunday,22.8,1012.8,85.1,16.3,Light Rain
1041,2022-10-16,02:00,Post-Monsoon,10,Sunday,15,1016.8,60.3,14.2,Clear
1043,2022-10-16,03:00,Post-Monsoon,10,Sunday,16.7,1008,58.2,12.7,Partly Cloudy
1044,2022-10-16,04:00,Post-Monsoon,10,Sunday,20.3,1007.2,61.1,10.2,Clear
1047,2022-10-16,04:00,Post-Monsoon,10,Sunday,22.5,1012,74,15.1,Clear
1048,2022-10-16,12:00,Post-Monsoon,10,Sunday,28,1011.4,56.4,11.4,Light Rain
1046,2022-10-16,14:00,Post-Monsoon,10,Sunday,26.6,1014.6,73.8,10.5,Cloudy
1051,2022-10-18,04:00,Post-Monsoon,10,Tuesday,19.4,1014.6,65.5,14.5,Clear
1049,2022-10-18,07:00,Post-Monsoon,10,Tuesday,25.9,1017.4,69.4,17.8,Partly Cloudy
1050,2022-10-18,07:00,Post-Monsoon,10,Tuesday,25.8,1004.3,62.5,19.9,Partly Cloudy
1053,2022-10-19,00:00,Post-Monsoon,10,Wednesday,19.9,1009.6,70.2,15.2,Partly Cloudy
1052,2022-10-19,08:00,Post-Monsoon,10,Wednesday,28.9,1015.8,68.1,15.1,Clear
1056,2022-10-20,01:00,Post-Monsoon,10,Thursday,22.6,1010.2,76.2,11.4,Cloudy
1055,2022-10-20,02:00,Post-Monsoon,10,Thursday,19.2,1014.5,66.2,10.8,Light Rain
1054,2022-10-20,03:00,Post-Monsoon,10,Thursday,16.7,1007.3,76,,Clear
1057,2022-10-20,07:00,Post-Monsoon,10,Thursday,28,1009.4,66,13,Light Rain
1058,2022-10-20,22:00,Post-Monsoon,10,Thursday,17.5,1008.4,76.4,17.7,Partly Cloudy
1060,2022-10-21,01:00,Post-Monsoon,10,Friday,19.1,1008.5,63.1,14,Partly Cloudy
1059,2022-10-21,08:00,Post-Monsoon,10,Friday,23.3,1011.9,73.1,23.2,Cloudy
1063,2022-10-22,03:00,Post-Monsoon,10,Saturday,16.3,1011.3,57.6,15.3,Cloudy
1061,2022-10-22,13:00,Post-Monsoon,10,Saturday,29.9,1010.6,,10,Cloudy
1062,2022-10-22,13:00,Post-Monsoon,10,Saturday,24.2,1015.6,54.1,15,Cloudy
1066,2022-10-23,02:00,Post-Monsoon,10,Sunday,18.7,1016.2,85.2,18.2,Partly Cloudy
1068,2022-10-23,02:00,Post-Monsoon,10,Sunday,19,1009.4,52.5,17,Haze
1064,2022-10-23,05:00,Post-Monsoon,10,Sunday,24.8,1013.6,56.4,13.5,Cloudy
1067,2022-10-23,07:00,Post-Monsoon,10,Sunday,24.6,1012,54.7,13.2,Partly Cloudy
1065,2022-10-23,10:00,Post-Monsoon,10,Sunday,28.6,1020,60.2,15.5,Clear
1069,2022-10-23,13:00,Post-Monsoon,10,Sunday,31,1011.7,72.4,11.9,Clear
1070,2022-10-24,12:00,Post-Monsoon,10,Monday,30.4,1014.8,60.7,17.6,Clear
1072,2022-10-25,01:00,Post-Monsoon,10,Tuesday,,1008.7,62.9,,
1071,2022-10-25,12:00,Post-Monsoon,10,Tuesday,29.4,1012,66.8,15.7,Clear
1073,2022-10-25,12:00,Post-Monsoon,10,Tuesday,34.7,1017,48.6,14.8,Partly Cloudy
1075,2022-10-27,05:00,Post-Monsoon,10,Thursday,21.7,1007.2,48.1,10.6,Cloudy
1074,2022-10-27,18:00,Post-Monsoon,10,Thursday,25.2,1015.3,66.6,12,Partly Cloudy
1077,2022-10-28,01:00,Post-Monsoon,10,Friday,14.2,1007,71.8,11.9,Cloudy
1078,2022-10-28,07:00,Post-Monsoon,10,Friday,22.5,1013.5,47.6,11.9,Partly Cloudy
1076,2022-10-28,15:00,Post-Monsoon,10,Friday,30.8,1007.5,40.5,20.6,Haze
1079,2022-10-28,16:00,Post-Monsoon,10,Friday,28.3,,66,20.5,Partly Cloudy
1080,2022-10-28,22:00,Post-Monsoon,10,Friday,23.4,1008.2,62.9,10.7,Cloudy
1081,2022-10-29,01:00,Post-Monsoon,10,Saturday,14.1,1011,61.8,11,Clear
1085,2022-10-29,01:00,Post-Monsoon,10,Saturday,17.4,1010.2,67.2,11.1,Clear
1084,2022-10-29,05:00,Post-Monsoon,10,Saturday,21.8,1008.6,70.5,12.6,Cloudy
1082,2022-10-29,09:00,Post-Monsoon,10,Saturday,27.2,1018.3,70.7,20.4,Haze
1083,2022-10-29,15:00,Post-Monsoon,10,Saturday,27.7,1012.2,55.6,12.3,Haze
1086,2022-10-30,01:00,Post-Monsoon,10,Sunday,17.8,1011.6,75.8,12.5,Cloudy
1090,2022-10-30,01:00,Post-Monsoon,10,Sunday,18.7,1019,65.4,12.2,Clear
1091,2022-10-30,06:00,Post-Monsoon,10,Sunday,21.4,1013.2,69.1,12.1,Cloudy
1087,2022-10-30,12:00,Post-Monsoon,10,Sunday,28.8,1013,52.2,16.7,Partly Cloudy
1089,2022-10-30,14:00,Post-Monsoon,10,Sunday,28.8,1013.5,71.9,12.7,Clear
1088,2022-10-30,23:00,Post-Monsoon,10,Sunday,16.4,1007,66,13.5,Cloudy
1092,2022-10-31,02:00,Post-Monsoon,10,Monday,17.6,1013.5,40.2,11.1,Partly Cloudy
1093,2022-10-31,07:00,Post-Monsoon,10,Monday,26.1,1009.5,65.6,17.8,Clear
1094,2022-10-31,22:00,Post-Monsoon,10,Monday,16.5,1016.7,55.5,16,Partly Cloudy
1099,2022-11-01,06:00,Post-Monsoon,11,Tuesday,17,1013.5,79.7,15.2,Partly Cloudy
1095,2022-11-01,13:00,Post-Monsoon,11,Tuesday,28.3,1012,56.5,15.3,Partly Cloudy
1100,2022-11-01,20:00,Post-Monsoon,11,Tuesday,22.5,1007.8,74.9,18.2,Cloudy
1098,2022-11-01,21:00,Post-Monsoon,11,Tuesday,17.1,1006.4,,,Clear
1097,2022-11-01,22:00,Post-Monsoon,11,Tuesday,18.3,1007.1,45.2,10.4,Cloudy
1096,2022-11-01,23:00,Post-Monsoon,11,Tuesday,22.1,1011.9,73.8,17.3,Light Rain
1102,2022-11-02,00:00,Post-Monsoon,11,Wednesday,16.7,1008.6,80.1,11.3,Cloudy
1101,2022-11-02,06:00,Post-Monsoon,11,Wednesday,25.7,1012.2,82.1,16.2,Clear
1104,2022-11-02,08:00,Post-Monsoon,11,Wednesday,29.3,1016.9,62.4,16.2,Clear
1103,2022-11-02,16:00,Post-Monsoon,11,Wednesday,23.7,1008.9,54.8,12.4,Partly Cloudy
1105,2022-11-03,20:00,Post-Monsoon,11,Thursday,22.3,1016.2,43.5,,Clear
1106,2022-11-04,12:00,Post-Monsoon,11,Friday,30.1,1014.2,45.1,17.8,Partly Cloudy
1108,2022-11-04,18:00,Post-Monsoon,11,Friday,26.9,1016.8,76.6,10.1,Clear
1107,2022-11-04,20:00,Post-Monsoon,11,Friday,20.7,1010.1,66.1,18.6,Partly Cloudy
1112,2022-11-05,16:00,Post-Monsoon,11,Saturday,26.8,1016.8,56.3,15,Light Rain
1110,2022-11-05,18:00,Post-Monsoon,11,Saturday,18.7,1017.4,54.9,10.6,Partly Cloudy
1109,2022-11-05,20:00,Post-Monsoon,11,Saturday,16.6,1010.3,67.5,12.3,Cloudy
1111,2022-11-05,21:00,Post-Monsoon,11,Saturday,23,1010.9,59.3,13.5,Partly Cloudy
1115,2022-11-06,09:00,Post-Monsoon,11,Sunday,30.2,1008.4,57.7,13.3,Partly Cloudy
1113,2022-11-06,22:00,Post-Monsoon,11,Sunday,20,1011.6,63.8,14.8,Partly Cloudy
1114,2022-11-06,22:00,Post-Monsoon,11,Sunday,15.5,1010.2,79.7,13.2,Partly Cloudy
1117,2022-11-07,03:00,Post-Monsoon,11,Monday,21.2,1016.3,79.4,11.1,Cloudy
1118,2022-11-07,07:00,Post-Monsoon,11,Monday,23.5,1010,70.9,11.2,Clear
1116,2022-11-07,09:00,Post-Monsoon,11,Monday,28.1,1016.9,46.1,11.8,Cloudy
1119,2022-11-07,21:00,Post-Monsoon,11,Monday,19.1,1006.9,58.9,15.5,Clear
1123,2022-11-08,13:00,Post-Monsoon,11,Tuesday,30.1,1011.8,60.2,16.3,Haze
1122,2022-11-08,17:00,Post-Monsoon,11,Tuesday,21.4,1019.1,75.6,11.6,Cloudy
1120,2022-11-08,19:00,Post-Monsoon,11,Tuesday,,1021,59.8,22.9,Haze
1121,2022-11-08,19:00,Post-Monsoon,11,Tuesday,16,1009.7,59,14.1,Clear
1125,2022-11-09,13:00,Post-Monsoon,11,Wednesday,27.1,1018.5,69.5,11.7,Haze
1124,2022-11-09,17:00,Post-Monsoon,11,Wednesday,26.4,1005.4,61.8,16.9,
1126,2022-11-09,19:00,Post-Monsoon,11,Wednesday,19.6,1010.3,58,12.6,cloudy
1129,2022-11-10,14:00,Post-Monsoon,11,Thursday,25.3,1013.8,55.8,13.2,Partly Cloudy
1127,2022-11-10,20:00,Post-Monsoon,11,Thursday,18.1,1010.8,76.5,16.2,Clear
1128,2022-11-10,23:00,Post-Monsoon,11,Thursday,19.1,1018.2,57,19.6,Partly Cloudy
1130,2022-11-11,21:00,Post-Monsoon,11,Friday,21,1014.6,66.2,19.9,Light Rain
1131,2022-11-12,03:00,Post-Monsoon,11,Saturday,21.7,1012.7,68.9,28.3,Clear
1134,2022-11-12,07:00,Post-Monsoon,11,Saturday,25.7,1016.6,66.1,,Clear
1132,2022-11-12,12:00,Post-Monsoon,11,Saturday,27.2,1012.6,68.8,14.8,Haze
1133,2022-11-12,22:00,Post-Monsoon,11,Saturday,18.3,1010.8,62.4,15.7,Cloudy
1135,2022-11-13,17:00,Post-Monsoon,11,Sunday,24.2,1012.8,63.8,17.3,Clear
1139,2022-11-14,01:00,Post-Monsoon,11,Monday,16.7,1014,72.6,14.9,Cloudy
1142,2022-11-14,01:00,Post-Monsoon,11,Monday,15.2,1014.6,62.6,13,Clear
1144,2022-11-14,08:00,Post-Monsoon,11,Monday,31.1,1013.3,63,17.1,Cloudy
1143,2022-11-14,10:00,Post-Monsoon,11,Monday,24.1,1015,79,11.6,Clear
1136,2022-11-14,11:00,Post-Monsoon,11,Monday,29.6,1019.5,56.9,11,Clear
1138,2022-11-14,13:00,Post-Monsoon,11,Monday,29,1014.1,45.9,12.4,Cloudy
1140,2022-11-14,17:00,Post-Monsoon,11,Monday,22.7,1020.7,49.5,12.9,Cloudy
1137,2022-11-14,22:00,Post-Monsoon,11,Monday,20.7,1006.5,57.4,10.3,Haze
1141,2022-11-14,23:00,Post-Monsoon,11,Monday,,1010.2,74.4,15.8,Clear
1145,2022-11-15,11:00,Post-Monsoon,11,Tuesday,27.2,1003.8,80.6,11,Clear
1146,2022-11-15,16:00,Post-Monsoon,11,Tuesday,28.9,1016.2,73.8,15.4,Cloudy
1151,2022-11-16,05:00,Post-Monsoon,11,Wednesday,25.8,1017.4,65.2,15.6,Cloudy
1147,2022-11-16,14:00,Post-Monsoon,11,Wednesday,29.7,1006.2,66,13.1,Clear
1148,2022-11-16,16:00,Post-Monsoon,11,Wednesday,27.6,1011.7,,20.2,Partly Cloudy
1152,2022-11-16,16:00,Post-Monsoon,11,Wednesday,28,1014.4,55.4,22.7,Clear
1149,2022-11-16,17:00,Post-Monsoon,11,Wednesday,18.6,1018.5,52.7,11.7,Light Rain
1150,2022-11-16,21:00,Post-Monsoon,11,Wednesday,21.4,1011.4,63.7,12.6,Partly Cloudy
1155,2022-11-17,17:00,Post-Monsoon,11,Thursday,24.4,,71.3,18.1,Clear
1153,2022-11-17,22:00,Post-Monsoon,11,Thursday,15.8,1017.7,61.3,11.7,Clear
1154,2022-11-17,23:00,Post-Monsoon,11,Thursday,15.6,1013.4,71.2,13.3,Clear
1156,2022-11-18,07:00,Post-Monsoon,11,Friday,27.7,1012.7,,11.9,Cloudy
1159,2022-11-19,04:00,Post-Monsoon,11,Saturday,17.4,1008.7,57.1,13.3,Cloudy
1158,2022-11-19,05:00,Post-Monsoon,11,Saturday,19.3,1014.1,72.4,21.6,Partly Cloudy
1157,2022-11-19,08:00,Post-Monsoon,11,Saturday,23.4,1013.7,66.7,13.6,Cloudy
1160,2022-11-19,11:00,Post-Monsoon,11,Saturday,31.1,1007.3,45.3,16.9,Cloudy
1162,2022-11-20,00:00,Post-Monsoon,11,Sunday,16.9,1016.1,66.7,13.6,Clear
1166,2022-11-20,01:00,Post-Monsoon,11,Sunday,15.9,1011.3,84.3,10.4,Clear
1165,2022-11-20,08:00,Post-Monsoon,11,Sunday,25.7,1015.3,72.2,10.7,Clear
1161,2022-11-20,10:00,Post-Monsoon,11,Sunday,29.7,,,13.2,Partly Cloudy
1163,2022-11-20,10:00,Post-Monsoon,11,Sunday,33.2,1013.8,58,16,Cloudy
1164,2022-11-20,18:00,Post-Monsoon,11,Sunday,26.9,1013.7,64.8,11.1,Clear
1167,2022-11-21,11:00,Post-Monsoon,11,Monday,31.9,1010,49.3,15,Partly Cloudy
1168,2022-11-22,03:00,Post-Monsoon,11,Tuesday,20.3,1016.9,64.6,12.9,Cloudy
1169,2022-11-22,03:00,Post-Monsoon,11,Tuesday,24.7,1014,,12.4,Partly Cloudy
1171,2022-11-22,14:00,Post-Monsoon,11,Tuesday,,1006.8,68.9,10.5,Haze
1170,2022-11-22,17:00,Post-Monsoon,11,Tuesday,28.8,1007.2,57.7,16.5,Haze
1173,2022-11-23,12:00,Post-Monsoon,11,Wednesday,,1014.3,70.6,18.9,Clear
1172,2022-11-23,18:00,Post-Monsoon,11,Wednesday,,1015.6,75.8,12.6,Cloudy
1176,2022-11-24,05:00,Post-Monsoon,11,Thursday,23.6,1008.7,67.8,14.9,Clear
1175,2022-11-24,16:00,Post-Monsoon,11,Thursday,28.8,1016.7,70.5,12.3,Cloudy
1174,2022-11-24,18:00,Post-Monsoon,11,Thursday,,1006.3,65.9,16.2,Partly Cloudy
1179,2022-11-25,11:00,Post-Monsoon,11,Friday,32,1010,57.1,20.1,Cloudy
1177,2022-11-25,15:00,Post-Monsoon,11,Friday,28.6,1009.8,66.3,13.1,Clear
1180,2022-11-25,18:00,Post-Monsoon,11,Friday,26.1,1017.3,55.2,16.3,Haze
1178,2022-11-25,23:00,Post-Monsoon,11,Friday,18.1,1015.7,70.2,12.4,Clear
1184,2022-11-26,00:00,Post-Monsoon,11,Saturday,20.2,1007.6,62.8,13.5,Cloudy
1181,2022-11-26,04:00,Post-Monsoon,11,Saturday,21,1013.2,71.3,14.9,Clear
1182,2022-11-26,16:00,Post-Monsoon,11,Saturday,28.3,1014.9,56.6,12.2,Partly Cloudy
1183,2022-11-26,22:00,Post-Monsoon,11,Saturday,20.1,1013.5,55.1,12.3,Partly Cloudy
1185,2022-11-26,23:00,Post-Monsoon,11,Saturday,15.2,1011.5,80.2,13.4,Haze
1187,2022-11-27,09:00,Post-Monsoon,11,Sunday,27.8,1008.1,68.2,16.7,Partly Cloudy
1188,2022-11-27,14:00,Post-Monsoon,11,Sunday,33.5,1007.7,63.5,10.4,Cloudy
1186,2022-11-27,22:00,Post-Monsoon,11,Sunday,18.9,1016.8,73.8,13.8,Cloudy
1190,2022-11-28,20:00,Post-Monsoon,11,Monday,19.3,1012.5,54.2,11.2,Clear
1189,2022-11-28,22:00,Post-Monsoon,11,Monday,19.1,1008.6,58.9,12.5,Clear
1194,2022-11-30,04:00,Post-Monsoon,11,Wednesday,20.9,1012.9,55.9,12,Partly Cloudy
1192,2022-11-30,10:00,Post-Monsoon,11,Wednesday,26.8,1005.9,,16.5,Partly Cloudy
1193,2022-11-30,12:00,Post-Monsoon,11,Wednesday,30.9,1011.8,77.4,19.4,Cloudy
1191,2022-11-30,20:00,Post-Monsoon,11,Wednesday,21.5,1011.4,72.1,12.4,Cloudy
1195,2022-12-01,00:00,Winter,12,Thursday,,1011.2,67,9.6,Clear
1198,2022-12-01,10:00,Winter,12,Thursday,27.7,1024.1,44.8,,Cloudy
1197,2022-12-01,11:00,Winter,12,Thursday,26.2,1015.3,48.9,9.6,Haze
1199,2022-12-01,16:00,Winter,12,Thursday,20.1,1011.5,50,9.4,Haze
1196,2022-12-01,23:00,Winter,12,Thursday,13.2,1022.1,65,8.2,Cloudy
1200,2022-12-02,03:00,Winter,12,Friday,18,1021.3,46.8,20.6,Clear
1202,2022-12-02,08:00,Winter,12,Friday,16.4,1014.8,51.5,12.1,Partly Cloudy
1201,2022-12-02,14:00,Winter,12,Friday,22.4,1019,56.1,10.2,Partly Cloudy
1204,2022-12-02,19:00,Winter,12,Friday,19.4,1016.5,45.8,13.8,Fog
1203,2022-12-02,20:00,Winter,12,Friday,17.1,1026.3,48.3,18.1,Cloudy
1205,2022-12-03,18:00,Winter,12,Saturday,22.8,1014.4,42.3,11.8,Fog
1206,2022-12-03,18:00,Winter,12,Saturday,15.2,1018.8,36.2,11.5,Fog
1208,2022-12-04,04:00,Winter,12,Sunday,14.2,1022.4,51.9,9.8,Cloudy
1211,2022-12-04,04:00,Winter,12,Sunday,17.5,1018.4,43.5,12.8,Haze
1209,2022-12-04,09:00,Winter,12,Sunday,18.5,1018.9,56.6,8.2,Cloudy
1207,2022-12-04,11:00,Winter,12,Sunday,24.6,1017.4,43.7,13.2,Haze
1210,2022-12-04,16:00,Winter,12,Sunday,18.6,1018.8,39.3,11.3,Clear
1213,2022-12-05,15:00,Winter,12,Monday,22.2,1020.1,53.9,13.9,Haze
1212,2022-12-05,21:00,Winter,12,Monday,14,1018.6,51.2,9.9,Clear
1216,2022-12-06,02:00,Winter,12,Tuesday,11.7,1013.5,60.6,11.4,Partly Cloudy
1214,2022-12-06,06:00,Winter,12,Tuesday,,1018.2,47,9.8,Partly Cloudy
1215,2022-12-06,08:00,Winter,12,Tuesday,23.3,1003,53.1,11.6,Fog
1217,2022-12-07,14:00,Winter,12,Wednesday,27.2,1015,,8.2,Cloudy
1218,2022-12-07,15:00,Winter,12,Wednesday,18.6,1013.3,59.8,17.3,Partly Cloudy
1219,2022-12-07,17:00,Winter,12,Wednesday,20.2,1016.5,43,11.9,Fog
1221,2022-12-08,02:00,Winter,12,Thursday,8.1,1016.6,50.2,8.7,Clear
1224,2022-12-08,06:00,Winter,12,Thursday,15.2,1013,46.9,10.1,Clear
1223,2022-12-08,08:00,Winter,12,Thursday,21.4,1024.4,48.3,14.9,Fog
1225,2022-12-08,08:00,Winter,12,Thursday,23.6,1011.1,56,8.5,Cloudy
1222,2022-12-08,11:00,Winter,12,Thursday,24.3,1022.3,62.9,10.9,Fog
1226,2022-12-08,12:00,Winter,12,Thursday,28.4,1018.7,51.3,8.6,Partly Cloudy
1220,2022-12-08,13:00,Winter,12,Thursday,25.5,1026.3,46.9,15.3,Fog
1227,2022-12-09,17:00,Winter,12,Friday,15.2,1020.6,69.8,32.3,Clear
1231,2022-12-10,01:00,Winter,12,Saturday,9.6,1021.5,51.3,8.9,Cloudy
1230,2022-12-10,03:00,Winter,12,Saturday,17.2,1017.6,47,13.3,Clear
1228,2022-12-10,04:00,Winter,12,Saturday,18.3,1014.9,38.6,8.4,Clear
1233,2022-12-10,08:00,Winter,12,Saturday,17.9,1015.6,53,10.7,Fog
1229,2022-12-10,12:00,Winter,12,Saturday,24.2,1022.5,60.6,8.2,Clear
1232,2022-12-10,15:00,Winter,12,Saturday,23,1021.3,57.3,9.5,Cloudy
1235,2022-12-11,05:00,Winter,12,Sunday,12.1,1016.7,31.5,18.1,Haze
1234,2022-12-11,08:00,Winter,12,Sunday,18.3,1022.1,59.6,15.9,Haze
1236,2022-12-11,10:00,Winter,12,Sunday,22.2,1017.2,59.4,12.7,Clear
1237,2022-12-11,21:00,Winter,12,Sunday,14.8,1021.2,61.1,10.9,Clear
1240,2022-12-12,00:00,Winter,12,Monday,10.4,1017.6,53.3,15.5,Cloudy
1241,2022-12-12,03:00,Winter,12,Monday,15.6,1009,,14.5,Partly Cloudy
1242,2022-12-12,12:00,Winter,12,Monday,24.8,1020,42.9,9.9,Clear
1244,2022-12-12,12:00,Winter,12,Monday,23.6,1018.6,51.3,9.4,Fog
1239,2022-12-12,21:00,Winter,12,Monday,10.8,1021.9,48.3,16.4,Fog
1243,2022-12-12,22:00,Winter,12,Monday,8.1,1022.3,61.3,12.6,Clear
1238,2022-12-12,23:00,Winter,12,Monday,12.3,1023.3,54.3,9.7,Fog
1245,2022-12-13,12:00,Winter,12,Tuesday,22.1,1020.2,62,10.5,Partly Cloudy
1246,2022-12-14,01:00,Winter,12,Wednesday,12.1,1017.7,55.5,10.8,Fog
1250,2022-12-14,06:00,Winter,12,Wednesday,,1013.5,48.9,10.9,Cloudy
1249,2022-12-14,07:00,Winter,12,Wednesday,25.5,1023.8,40.5,12.4,Haze
1247,2022-12-14,08:00,Winter,12,Wednesday,21.1,1019.2,42.4,15.3,Fog
1248,2022-12-14,23:00,Winter,12,Wednesday,10.5,1018.6,47.2,11.8,Clear
1253,2022-12-15,02:00,Winter,12,Thursday,14.3,1016.5,70.4,9.4,Haze
1251,2022-12-15,03:00,Winter,12,Thursday,15,1016.1,38.6,10.6,Clear
1254,2022-12-15,05:00,Winter,12,Thursday,17.3,1020.4,54.2,11,Cloudy
1255,2022-12-15,11:00,Winter,12,Thursday,25.5,1018.5,51.2,13,Clear
1256,2022-12-15,11:00,Winter,12,Thursday,23.9,1020.7,58.5,13.5,fog
1252,2022-12-15,17:00,Winter,12,Thursday,13.1,1017.6,60.8,9.7,
1257,2022-12-15,20:00,Winter,12,Thursday,18.2,1022,69.3,8.4,Partly Cloudy
1261,2022-12-16,00:00,Winter,12,Friday,8.8,,47.8,13.7,Clear
1262,2022-12-16,03:00,Winter,12,Friday,15.5,,63.9,23.2,Clear
1258,2022-12-16,07:00,Winter,12,Friday,18.9,,41.9,11.2,Clear
1263,2022-12-16,20:00,Winter,12,Friday,17.5,1022.2,51,17.3,Haze
1259,2022-12-16,21:00,Winter,12,Friday,12.4,,64.1,13.3,Haze
1260,2022-12-16,21:00,Winter,12,Friday,12.7,,59.5,13.5,Cloudy
1265,2022-12-17,02:00,Winter,12,Saturday,12.4,1014.6,63.2,9,Clear
1264,2022-12-17,10:00,Winter,12,Saturday,21.8,1020.5,66.8,12.1,Haze
1266,2022-12-18,12:00,Winter,12,Sunday,23.2,1019,47,12.8,Partly Cloudy
1267,2022-12-18,16:00,Winter,12,Sunday,22.5,1015.5,60,12.2,Partly Cloudy
1268,2022-12-18,21:00,Winter,12,Sunday,16.3,1019.6,50.6,9.6,Haze
1270,2022-12-19,09:00,Winter,12,Monday,23.5,1009.2,50.7,16,Haze
1272,2022-12-19,11:00,Winter,12,Monday,30.2,1015.5,55.2,8.5,Cloudy
1271,2022-12-19,20:00,Winter,12,Monday,13.3,1021.5,66.1,10.6,Cloudy
1269,2022-12-19,21:00,Winter,12,Monday,9,1011.2,32.9,10.6,Haze
1273,2022-12-20,14:00,Winter,12,Tuesday,25.5,1022.2,51.3,18.6,Fog
1274,2022-12-20,20:00,Winter,12,Tuesday,13.7,1017.9,48.9,10.8,Partly Cloudy
1278,2022-12-22,04:00,Winter,12,Thursday,14.4,1011.6,82.3,13.2,Cloudy
1279,2022-12-22,05:00,Winter,12,Thursday,19.1,1023,45.8,8.4,Fog
1275,2022-12-22,09:00,Winter,12,Thursday,20.5,1016.3,58.6,12.1,Clear
1277,2022-12-22,12:00,Winter,12,Thursday,19.8,1022.5,47.9,8.5,Cloudy
1276,2022-12-22,13:00,Winter,12,Thursday,,,,11.3,Haze
1281,2022-12-23,01:00,Winter,12,Friday,13.7,1019.4,45.4,9.8,
1280,2022-12-23,23:00,Winter,12,Friday,10,1021,53.1,13.3,Partly Cloudy
1283,2022-12-24,16:00,Winter,12,Saturday,18.6,1015.9,57.8,10.9,Fog
1282,2022-12-24,21:00,Winter,12,Saturday,14,1015.6,63.1,13.3,Haze
1287,2022-12-25,02:00,Winter,12,Sunday,11.1,1023.4,46.6,10.4,Clear
1288,2022-12-25,02:00,Winter,12,Sunday,11.7,1021.7,57.6,11.1,Fog
1284,2022-12-25,03:00,Winter,12,Sunday,15.9,1016.3,59.9,23.2,Cloudy
1286,2022-12-25,09:00,Winter,12,Sunday,26.9,1018.7,46.6,11.6,Clear
1285,2022-12-25,13:00,Winter,12,Sunday,25.2,1021.8,34.5,14.1,Cloudy
1290,2022-12-26,05:00,Winter,12,Monday,21.1,1013.1,39.2,10.1,Haze
1292,2022-12-26,11:00,Winter,12,Monday,25.2,1022.2,35.9,16.5,Fog
1289,2022-12-26,14:00,Winter,12,Monday,23.8,1013.8,56.3,95,Fog
1291,2022-12-26,16:00,Winter,12,Monday,20.2,1021.7,52.6,15.1,Fog
1297,2022-12-27,03:00,Winter,12,Tuesday,16.8,1013.9,65.2,11.5,Clear
1296,2022-12-27,10:00,Winter,12,Tuesday,24.3,1016.7,46.7,12,Clear
1294,2022-12-27,19:00,Winter,12,Tuesday,16.5,1019.2,55.7,,Partly Cloudy
1293,2022-12-27,21:00,Winter,12,Tuesday,13,1017.8,60,12.9,Fog
1295,2022-12-27,23:00,Winter,12,Tuesday,,1021.8,69.6,,Clear
1298,2022-12-28,05:00,Winter,12,Wednesday,21.7,1018.5,,9.7,Haze
1299,2022-12-29,00:00,Winter,12,Thursday,14.4,1015.2,47.3,12,Clear
1303,2022-12-29,14:00,Winter,12,Thursday,19.7,1019.5,51.4,9.7,Clear
1302,2022-12-29,15:00,Winter,12,Thursday,23,1020,29.5,9.5,Fog
1300,2022-12-29,19:00,Winter,12,Thursday,14.9,1026.5,69.8,12.2,Partly Cloudy
1301,2022-12-29,22:00,Winter,12,Thursday,10,1020.9,57.9,12.8,
1305,2022-12-30,07:00,Winter,12,Friday,15.8,1016.1,63.3,8.3,Cloudy
1306,2022-12-30,11:00,Winter,12,Friday,22,1025.8,53.8,8.3,Haze
1304,2022-12-30,16:00,Winter,12,Friday,21.1,1017.8,67.8,20.3,Haze
1308,2022-12-30,20:00,Winter,12,Friday,14.7,1015,63.5,13.1,Haze
1307,2022-12-30,21:00,Winter,12,Friday,8.8,1020.8,60.6,11.3,Clear
1312,2022-12-31,01:00,Winter,12,Saturday,13.7,1019.2,47.9,15.3,Cloudy
1313,2022-12-31,04:00,Winter,12,Saturday,18,1016.9,51.3,12.2,
1314,2022-12-31,05:00,Winter,12,Saturday,15.3,1014.3,39.5,8.6,Haze
1311,2022-12-31,08:00,Winter,12,Saturday,25.5,1015.4,62.7,10.8,Fog
1309,2022-12-31,09:00,Winter,12,Saturday,20.5,1022.4,61.2,10.5,Clear
1310,2022-12-31,14:00,Winter,12,Saturday,25,1016.9,53.6,10.6,Clear
1317,2023-01-01,00:00,Winter,1,Sunday,13.2,1022.9,56.9,13.3,Fog
1315,2023-01-01,06:00,Winter,1,Sunday,,1019.5,,15.2,
1316,2023-01-01,20:00,Winter,1,Sunday,16.1,1016.7,50.2,11.6,Clear
1319,2023-01-02,06:00,Winter,1,Monday,19.8,1021.4,47.9,18.5,Partly Cloudy
1320,2023-01-02,19:00,Winter,1,Monday,14.8,1013.7,70,8.6,Cloudy
1318,2023-01-02,22:00,Winter,1,Monday,11.1,1020.6,43,9,Partly Cloudy
1321,2023-01-03,11:00,Winter,1,Tuesday,19.4,1024.1,59.6,15.4,Fog
1324,2023-01-04,10:00,Winter,1,Wednesday,23.8,1023.4,55.6,15.2,haze
1322,2023-01-04,15:00,Winter,1,Wednesday,20.9,1016.8,52.8,11.6,Haze
1323,2023-01-04,15:00,Winter,1,Wednesday,21.3,1019.6,36.1,15.9,Fog
1326,2023-01-05,03:00,Winter,1,Thursday,12.3,1014.9,54.3,15.2,Partly Cloudy
1327,2023-01-05,12:00,Winter,1,Thursday,24,1020,60,14.2,Partly Cloudy
1325,2023-01-05,20:00,Winter,1,Thursday,18.2,1017,57.1,11.9,Cloudy
1329,2023-01-06,03:00,Winter,1,Friday,13.7,1022.5,60.4,19.5,Clear
1328,2023-01-06,06:00,Winter,1,Friday,19.8,1021.7,62.3,16.5,Fog
1330,2023-01-06,14:00,Winter,1,Friday,22.9,1012.9,52.1,12.2,Fog
1331,2023-01-06,18:00,Winter,1,Friday,12.7,1009.2,61.6,10.7,fog
1332,2023-01-07,08:00,Winter,1,Saturday,19.4,1015.9,50.2,9.2,Clear
1335,2023-01-08,00:00,Winter,1,Sunday,13.6,1022.8,49.5,15.5,Clear
1334,2023-01-08,07:00,Winter,1,Sunday,17.5,1019.6,55.3,14.3,Clear
1333,2023-01-08,10:00,Winter,1,Sunday,27.2,1023.7,70.9,9.1,Clear
1336,2023-01-08,22:00,Winter,1,Sunday,10.1,1022.7,60.5,8.5,Clear
1337,2023-01-08,23:00,Winter,1,Sunday,11.3,1011.8,51.3,17.9,Clear
1343,2023-01-09,02:00,Winter,1,Monday,,1014,43.9,14.1,Fog
1341,2023-01-09,03:00,Winter,1,Monday,10.9,1011.9,52.7,13.5,Haze
1338,2023-01-09,07:00,Winter,1,Monday,20.7,1015.9,64,19.5,Clear
1342,2023-01-09,07:00,Winter,1,Monday,19,1019.1,26.9,8.9,Partly Cloudy
1339,2023-01-09,12:00,Winter,1,Monday,24.2,1018.4,60.6,8.9,Haze
1340,2023-01-09,21:00,Winter,1,Monday,15.5,1014.5,59.6,16.1,Cloudy
1345,2023-01-10,01:00,Winter,1,Tuesday,10.5,1009.1,54.7,8.8,Fog
1346,2023-01-10,01:00,Winter,1,Tuesday,11.8,1016.9,72.1,12,Haze
1344,2023-01-10,08:00,Winter,1,Tuesday,19,1010.8,56.2,8.6,Partly Cloudy
1350,2023-01-11,11:00,Winter,1,Wednesday,27.5,1017.7,70,8.7,FOG
1347,2023-01-11,12:00,Winter,1,Wednesday,25.4,1014.3,51.7,15.1,Haze
1348,2023-01-11,14:00,Winter,1,Wednesday,25.6,1016.3,56.9,11.3,Clear
1349,2023-01-11,22:00,Winter,1,Wednesday,13.5,1012,55,11.7,Fog
1351,2023-01-12,03:00,Winter,1,Thursday,11.7,1013.4,54.9,12.9,Clear
1352,2023-01-12,07:00,Winter,1,Thursday,18.7,1023.2,42.9,9.5,Partly Cloudy
1353,2023-01-12,08:00,Winter,1,Thursday,23.4,1023.9,52.7,10.4,Haze
1355,2023-01-13,04:00,Winter,1,Friday,16.4,1018.2,58.5,,Clear
1358,2023-01-13,17:00,Winter,1,Friday,24,1020.9,38.5,10.8,Fog
1357,2023-01-13,19:00,Winter,1,Friday,12.9,1021.9,41.4,9.1,Clear
1354,2023-01-13,22:00,Winter,1,Friday,12,1017.9,55.8,8.4,Haze
1356,2023-01-13,23:00,Winter,1,Friday,15.5,1010.8,57.7,18.1,Fog
1359,2023-01-14,10:00,Winter,1,Saturday,20.2,1016.5,64.9,14.7,Fog
1360,2023-01-14,14:00,Winter,1,Saturday,24.1,1018.7,42.8,13.1,Haze
1365,2023-01-15,06:00,Winter,1,Sunday,24.2,1013.3,57.9,16.5,Fog
1362,2023-01-15,08:00,Winter,1,Sunday,20.3,1017.8,44.5,16.7,Fog
1364,2023-01-15,11:00,Winter,1,Sunday,24.4,1013.4,43.5,22.2,Cloudy
1363,2023-01-15,16:00,Winter,1,Sunday,19.5,1016.5,42.9,8.2,Haze
1361,2023-01-15,21:00,Winter,1,Sunday,18.5,1010.3,66.5,8.3,Haze
1366,2023-01-16,09:00,Winter,1,Monday,22.8,1016.4,67.1,11.7,Fog
1367,2023-01-16,09:00,Winter,1,Monday,17.9,1022.3,66.5,12.6,Fog
1370,2023-01-16,10:00,Winter,1,Monday,19.4,1012.1,54.7,10,Clear
1368,2023-01-16,12:00,Winter,1,Monday,22.4,1015.6,59.2,13.1,Fog
1371,2023-01-16,12:00,Winter,1,Monday,24.7,1029.1,,15,Clear
1369,2023-01-16,18:00,Winter,1,Monday,14.6,1010.2,54.3,12.1,Cloudy
1375,2023-01-17,03:00,Winter,1,Tuesday,13.3,1011.9,52.4,8.9,Fog
1373,2023-01-17,07:00,Winter,1,Tuesday,21.9,1012.2,55.5,16,Cloudy
1374,2023-01-17,07:00,Winter,1,Tuesday,16.7,1013.6,67.3,14,Partly Cloudy
1372,2023-01-17,20:00,Winter,1,Tuesday,19.8,1018.6,57.3,12.7,Partly Cloudy
1376,2023-01-18,14:00,Winter,1,Wednesday,19.7,1014.9,45.5,16.3,Partly Cloudy
1377,2023-01-19,10:00,Winter,1,Thursday,,1021.6,51.9,12.6,Fog
1378,2023-01-19,10:00,Winter,1,Thursday,22.4,1020.1,47.6,,Partly Cloudy
1379,2023-01-20,00:00,Winter,1,Friday,13.8,1010.5,38.5,17.2,Clear
1383,2023-01-20,05:00,Winter,1,Friday,14.7,1021.8,48.7,16.3,Fog
1381,2023-01-20,14:00,Winter,1,Friday,21.5,1011.3,48.7,13.9,Fog
1380,2023-01-20,16:00,Winter,1,Friday,24,1018.5,66,17.3,Haze
1382,2023-01-20,19:00,Winter,1,Friday,18.4,1007.9,64.7,16.5,Haze
1387,2023-01-21,08:00,Winter,1,Saturday,23.7,1016.5,69.3,14.3,Fog
1388,2023-01-21,13:00,Winter,1,Saturday,20.9,1020.9,30.5,9.4,Clear
1386,2023-01-21,14:00,Winter,1,Saturday,22.2,1013.8,56.6,13.3,Clear
1390,2023-01-21,16:00,Winter,1,Saturday,22.4,1022.5,79.7,14.3,Fog
1389,2023-01-21,17:00,Winter,1,Saturday,19.3,1027.4,52.9,18.6,Cloudy
1391,2023-01-21,17:00,Winter,1,Saturday,18.8,1014.2,79,12.4,Partly Cloudy
1385,2023-01-21,21:00,Winter,1,Saturday,15.3,1026,35.3,8.3,Fog
1384,2023-01-21,23:00,Winter,1,Saturday,14.9,1020.7,62,9.7,Clear
1392,2023-01-22,04:00,Winter,1,Sunday,13.7,1019.7,63.9,14.2,Partly Cloudy
1395,2023-01-22,08:00,Winter,1,Sunday,,1015.7,47.6,,
1393,2023-01-22,19:00,Winter,1,Sunday,19.7,1018.4,65.2,9.2,Cloudy
1394,2023-01-22,19:00,Winter,1,Sunday,18.7,1025.8,49.1,17.8,Clear
1396,2023-01-23,10:00,Winter,1,Monday,24.8,1010.6,50,9.6,Clear
1397,2023-01-23,23:00,Winter,1,Monday,13.1,1016.7,64.9,14,Haze
1399,2023-01-24,00:00,Winter,1,Tuesday,10.2,1018.5,38.5,8.2,fog
1398,2023-01-24,21:00,Winter,1,Tuesday,15.7,1013.6,53.3,9.7,Partly Cloudy
1402,2023-01-25,01:00,Winter,1,Wednesday,14.7,1016.7,67.6,13.5,Clear
1401,2023-01-25,05:00,Winter,1,Wednesday,16.3,1013.1,59.9,,Haze
1403,2023-01-25,14:00,Winter,1,Wednesday,22.1,1016.7,64.7,8.9,Clear
1400,2023-01-25,17:00,Winter,1,Wednesday,21.2,1019.5,68.2,22.6,Partly Cloudy
1406,2023-01-26,04:00,Winter,1,Thursday,14.2,1016,51.9,14.1,Clear
1407,2023-01-26,05:00,Winter,1,Thursday,15.1,,61,11.6,Cloudy
1405,2023-01-26,13:00,Winter,1,Thursday,21.4,1021,55.3,9.6,Haze
1404,2023-01-26,20:00,Winter,1,Thursday,17.6,1016.5,68.9,11.9,Clear
1408,2023-01-27,05:00,Winter,1,Friday,14.8,1017.9,40.6,18.2,Clear
1412,2023-01-27,09:00,Winter,1,Friday,22.4,1018.1,56.2,12.4,Cloudy
1411,2023-01-27,13:00,Winter,1,Friday,22.1,1013.6,49.9,15.9,Haze
1410,2023-01-27,17:00,Winter,1,Friday,16.7,1019.6,72.4,8.3,Clear
1409,2023-01-27,21:00,Winter,1,Friday,11.5,1025.9,46.5,8.3,Cloudy
1415,2023-01-28,02:00,Winter,1,Saturday,15,1020.7,67,15.3,Haze
1416,2023-01-28,05:00,Winter,1,Saturday,10.8,1018.9,45.8,14.3,Fog
1417,2023-01-28,07:00,Winter,1,Saturday,15.4,1016,46.2,11,Cloudy
1414,2023-01-28,12:00,Winter,1,Saturday,23.3,1015.4,59.5,10.6,Cloudy
1413,2023-01-28,13:00,Winter,1,Saturday,27.6,1019.5,62.3,20.8,Fog
1420,2023-01-29,10:00,Winter,1,Sunday,23.9,1014.4,70.7,13.4,Haze
1418,2023-01-29,11:00,Winter,1,Sunday,28.2,1023.5,49.9,14.3,Clear
1419,2023-01-29,12:00,Winter,1,Sunday,25.6,1014.7,42.3,11,Clear
1422,2023-01-30,00:00,Winter,1,Monday,11.5,1028.1,61.2,12.5,Clear
1421,2023-01-30,11:00,Winter,1,Monday,28.2,1015.4,59.3,8.1,Clear
1424,2023-01-30,15:00,Winter,1,Monday,24.3,1021.1,58.1,14.8,Partly Cloudy
1423,2023-01-30,16:00,Winter,1,Monday,17.2,1012.3,50.8,17.2,Fog
1425,2023-01-31,10:00,Winter,1,Tuesday,23,1014.1,61.3,16.5,Clear
1428,2023-01-31,10:00,Winter,1,Tuesday,24.2,,46.5,9.3,Partly Cloudy
1426,2023-01-31,12:00,Winter,1,Tuesday,24.4,1008,54.7,8.7,Clear
1427,2023-01-31,17:00,Winter,1,Tuesday,24,1012.6,48.1,13.7,Partly Cloudy
1434,2023-02-01,02:00,Winter,2,Wednesday,11.6,1019.5,52,14.4,Cloudy
1433,2023-02-01,03:00,Winter,2,Wednesday,9.4,1020.2,58.3,12.9,Partly Cloudy
1430,2023-02-01,05:00,Winter,2,Wednesday,16.8,1018.2,69.8,24.1,Clear
1431,2023-02-01,08:00,Winter,2,Wednesday,21.5,1023.8,82.2,17.3,Fog
1429,2023-02-01,11:00,Winter,2,Wednesday,24.3,1015.3,70.4,20.4,Clear
1432,2023-02-01,15:00,Winter,2,Wednesday,23.7,1022.2,51.5,13.1,Clear
1437,2023-02-02,11:00,Winter,2,Thursday,23.8,1010.4,58.1,10.3,Partly Cloudy
1435,2023-02-02,15:00,Winter,2,Thursday,25.5,1018.5,48.2,8.7,
1436,2023-02-02,23:00,Winter,2,Thursday,18.7,,57.3,12.6,Clear
1439,2023-02-03,04:00,Winter,2,Friday,15.3,1014.4,71.2,12,Fog
1438,2023-02-03,10:00,Winter,2,Friday,22.8,1016.8,56.5,9.5,Clear
1440,2023-02-03,17:00,Winter,2,Friday,15.1,1010.9,52.2,13.9,Clear
1441,2023-02-03,18:00,Winter,2,Friday,15.3,1015.7,52.4,11,Partly Cloudy
1444,2023-02-04,05:00,Winter,2,Saturday,17.9,1009,56.6,10.4,Haze
1442,2023-02-04,22:00,Winter,2,Saturday,13.8,1023.5,42.8,15.1,Haze
1443,2023-02-04,22:00,Winter,2,Saturday,10.9,1011.6,47.3,12.8,Cloudy
1451,2023-02-05,01:00,Winter,2,Sunday,13.1,1015.6,66.9,22.8,Fog
1448,2023-02-05,03:00,Winter,2,Sunday,16.1,1018.3,64.4,11.9,Haze
1447,2023-02-05,05:00,Winter,2,Sunday,16,1016.4,68.6,16.9,Clear
1449,2023-02-05,11:00,Winter,2,Sunday,23.2,1017.2,60.3,13.3,Haze
1452,2023-02-05,16:00,Winter,2,Sunday,22.2,1013.7,57.6,14.3,Haze
1446,2023-02-05,17:00,Winter,2,Sunday,21.3,1010.6,57.5,9.9,Haze
1450,2023-02-05,18:00,Winter,2,Sunday,19,1013.1,49.5,19.1,Clear
1445,2023-02-05,21:00,Winter,2,Sunday,14.9,1018.9,61.3,16.4,Fog
1457,2023-02-06,01:00,Winter,2,Monday,13.7,1020.2,49,12.2,Partly Cloudy
1453,2023-02-06,10:00,Winter,2,Monday,26.7,1021.4,59.1,14.3,Clear
1454,2023-02-06,10:00,Winter,2,Monday,24.3,1017.1,66.6,9.1,Clear
1456,2023-02-06,15:00,Winter,2,Monday,25.4,1018.7,81.8,12,Haze
1455,2023-02-06,20:00,Winter,2,Monday,16.9,1016.9,51.4,12.3,Cloudy
1458,2023-02-07,01:00,Winter,2,Tuesday,13.3,1022.7,60.1,10.5,Fog
1460,2023-02-07,07:00,Winter,2,Tuesday,21,1021,75.3,13.6,Clear
1459,2023-02-07,22:00,Winter,2,Tuesday,12.7,1017.4,45.6,13,Haze
1462,2023-02-08,09:00,Winter,2,Wednesday,19.6,1013.3,63.7,13,Fog
1461,2023-02-08,12:00,Winter,2,Wednesday,20,1016.2,43.5,13.2,Fog
1466,2023-02-09,00:00,Winter,2,Thursday,8.5,1015.5,37.2,18,Clear
1464,2023-02-09,03:00,Winter,2,Thursday,10.7,1015.8,52.4,9.5,Haze
1463,2023-02-09,07:00,Winter,2,Thursday,18.7,1024.9,74.4,20.7,Partly Cloudy
1467,2023-02-09,10:00,Winter,2,Thursday,24.4,1014.8,53.3,8.7,Fog
1465,2023-02-09,14:00,Winter,2,Thursday,18.5,1020.9,51.5,13.9,Cloudy
1468,2023-02-10,06:00,Winter,2,Friday,13.6,1018.2,65.3,8.5,Partly Cloudy
1469,2023-02-10,16:00,Winter,2,Friday,20.3,1016,44.2,13.1,Fog
1470,2023-02-10,19:00,Winter,2,Friday,17.4,1016.7,51.4,12,Cloudy
1475,2023-02-11,11:00,Winter,2,Saturday,28.2,1017.4,41.5,9.8,Haze
1472,2023-02-11,17:00,Winter,2,Saturday,20.3,1019.3,58.6,11.2,Clear
1473,2023-02-11,21:00,Winter,2,Saturday,11.5,1010.4,60.3,11.9,Fog
1474,2023-02-11,21:00,Winter,2,Saturday,16.8,1018.9,53.7,10.3,Clear
1471,2023-02-11,23:00,Winter,2,Saturday,10.3,1016.9,60.4,16.7,Clear
1477,2023-02-12,04:00,Winter,2,Sunday,9.3,1018.1,56.8,9,Fog
1476,2023-02-12,08:00,Winter,2,Sunday,22.1,,59.5,12.9,
1478,2023-02-12,09:00,Winter,2,Sunday,25.1,1010.3,65,15.1,Fog
1479,2023-02-13,03:00,Winter,2,Monday,12.3,1020.8,37.2,23,Clear
1480,2023-02-14,04:00,Winter,2,Tuesday,15.2,,63.2,26.4,
1481,2023-02-14,09:00,Winter,2,Tuesday,25.9,1013.6,49.2,18.6,Clear
1482,2023-02-14,10:00,Winter,2,Tuesday,23,1014.2,37.9,9.3,Haze
1485,2023-02-15,09:00,Winter,2,Wednesday,23.5,1021.1,48.2,13.6,Fog
1483,2023-02-15,20:00,Winter,2,Wednesday,12.4,1022.3,47.6,11.9,Fog
1484,2023-02-15,23:00,Winter,2,Wednesday,12.6,1023.6,69.2,20.2,Haze
1486,2023-02-16,07:00,Winter,2,Thursday,21.8,1026.4,64.2,19.3,Partly Cloudy
1487,2023-02-17,01:00,Winter,2,Friday,11.7,1020.2,,12.2,Fog
1489,2023-02-18,07:00,Winter,2,Saturday,,1015.3,65.4,19,Clear
1490,2023-02-18,15:00,Winter,2,Saturday,22.3,1010.2,57.4,17.3,Clear
1491,2023-02-18,21:00,Winter,2,Saturday,15.6,,,14.2,
1488,2023-02-18,22:00,Winter,2,Saturday,12.7,1019,45.1,,Fog
1493,2023-02-19,02:00,Winter,2,Sunday,14.1,1011.3,46.7,14.6,Partly Cloudy
1492,2023-02-19,04:00,Winter,2,Sunday,11.3,1017.7,62.8,14.3,Clear
1494,2023-02-19,11:00,Winter,2,Sunday,21.1,1019.2,46.3,12,Fog
1498,2023-02-20,03:00,Winter,2,Monday,16.4,1017.2,42,10.2,Clear
1497,2023-02-20,09:00,Winter,2,Monday,27.2,1014.2,51.4,11.6,Fog
1495,2023-02-20,12:00,Winter,2,Monday,20.7,1021.4,69.4,12.3,Partly Cloudy
1496,2023-02-20,12:00,Winter,2,Monday,23.3,1018.1,44.6,18,Clear
1499,2023-02-21,08:00,Winter,2,Tuesday,18.5,1014.7,45.3,11.4,Fog
1500,2023-02-21,21:00,Winter,2,Tuesday,13.7,1019.1,57.7,8.5,Clear
1503,2023-02-22,01:00,Winter,2,Wednesday,16.2,1019.7,61.6,8.5,Cloudy
1504,2023-02-22,18:00,Winter,2,Wednesday,16.6,1018.7,61.8,9.5,Fog
1502,2023-02-22,22:00,Winter,2,Wednesday,9.7,1012,69.3,9.6,Cloudy
1501,2023-02-22,23:00,Winter,2,Wednesday,15,1017,56.6,12,Clear
1505,2023-02-23,00:00,Winter,2,Thursday,10.8,1021.6,74.1,13.4,Haze
1508,2023-02-23,02:00,Winter,2,Thursday,12.1,1016.4,53.5,13.4,Clear
1506,2023-02-23,06:00,Winter,2,Thursday,17.2,1019.8,63.9,14.2,Clear
1507,2023-02-23,16:00,Winter,2,Thursday,20,1017.9,59.2,13,Cloudy
1509,2023-02-23,19:00,Winter,2,Thursday,20.6,1016.2,,13.7,Haze
1512,2023-02-24,02:00,Winter,2,Friday,10.1,1014.7,49.4,8.9,Cloudy
1513,2023-02-24,02:00,Winter,2,Friday,8.3,1019.9,49.7,15,Haze
1515,2023-02-24,06:00,Winter,2,Friday,19.1,1023.4,53.8,17.4,Fog
1516,2023-02-24,13:00,Winter,2,Friday,24.5,1021,67.3,18.7,Fog
1514,2023-02-24,16:00,Winter,2,Friday,22.8,1017.6,58.9,12.9,Clear
1510,2023-02-24,19:00,Winter,2,Friday,15.9,1020.3,62.7,19,Clear
1511,2023-02-24,20:00,Winter,2,Friday,17.5,1019.9,74.5,10.7,Haze
1519,2023-02-26,12:00,Winter,2,Sunday,22.5,1018.9,,8.6,Partly Cloudy
1517,2023-02-26,16:00,Winter,2,Sunday,21.7,1023.8,51,11.2,Cloudy
1518,2023-02-26,17:00,Winter,2,Sunday,20.7,1016.1,53.3,10.8,Fog
1523,2023-02-26,17:00,Winter,2,Sunday,23.5,1021.7,78.2,16.7,Haze
1520,2023-02-26,19:00,Winter,2,Sunday,17.4,1020.8,67.6,13.1,Fog
1521,2023-02-26,19:00,Winter,2,Sunday,19.5,1009.4,56.2,9.4,Haze
1522,2023-02-26,20:00,Winter,2,Sunday,13.5,1023.2,48.9,17.4,Clear
1524,2023-02-27,03:00,Winter,2,Monday,14.6,1019,59.4,8.8,Haze
1525,2023-02-28,00:00,Winter,2,Tuesday,13.7,1021.9,55.9,18.7,Cloudy
1526,2023-02-28,17:00,Winter,2,Tuesday,14.7,1017,64.9,13.6,
1527,2023-03-01,00:00,Summer,3,Wednesday,26,1011,39.7,14.4,Clear
1528,2023-03-01,12:00,Summer,3,Wednesday,41.5,1012.4,45.1,12.1,Clear
1529,2023-03-01,19:00,Summer,3,Wednesday,29.1,1003.6,43.2,26.6,Clear
1530,2023-03-01,19:00,Summer,3,Wednesday,31.1,1010.5,36.4,16,Clear
1532,2023-03-02,09:00,Summer,3,Thursday,44.2,1004.5,46.7,14.2,Haze
1531,2023-03-02,22:00,Summer,3,Thursday,31.7,1006.8,59,13.2,Haze
1536,2023-03-03,04:00,Summer,3,Friday,27.2,999,31.2,12.1,Cloudy
1534,2023-03-03,08:00,Summer,3,Friday,34.8,1009.6,33.6,15.6,Clear
1535,2023-03-03,08:00,Summer,3,Friday,36.7,1004,20.5,23.6,Fog
1533,2023-03-03,10:00,Summer,3,Friday,34.6,1005.9,41.2,12.5,Clear
1537,2023-03-04,00:00,Summer,3,Saturday,24.7,1006.2,35.6,13.2,Clear
1540,2023-03-04,01:00,Summer,3,Saturday,28.7,1006.7,45.4,21.8,Clear
1538,2023-03-04,16:00,Summer,3,Saturday,34.6,1001.8,51.9,12,Clear
1539,2023-03-04,21:00,Summer,3,Saturday,32.9,1009.4,58.5,14.7,Partly Cloudy
1543,2023-03-05,08:00,Summer,3,Sunday,37.1,999.2,57.2,18.2,Clear
1542,2023-03-05,12:00,Summer,3,Sunday,37.4,1002.6,41.7,14.3,Clear
1541,2023-03-05,23:00,Summer,3,Sunday,30.1,1013.1,50.3,13.2,Partly Cloudy
1544,2023-03-06,03:00,Summer,3,Monday,27.2,1004.1,48,13.6,Clear
1545,2023-03-06,04:00,Summer,3,Monday,27.4,1002.2,52.8,13.9,Partly Cloudy
1546,2023-03-07,10:00,Summer,3,Tuesday,38.5,1008,48.4,15.8,Partly Cloudy
1548,2023-03-08,18:00,Summer,3,Wednesday,37.9,1007.2,43.3,23.9,Partly Cloudy
1549,2023-03-08,20:00,Summer,3,Wednesday,34.8,1002.1,29.9,16.7,Partly Cloudy
1547,2023-03-08,23:00,Summer,3,Wednesday,28.9,1000.8,41.2,12.6,
1550,2023-03-11,02:00,Summer,3,Saturday,31.4,1011.9,105,19.3,Cloudy
1555,2023-03-11,06:00,Summer,3,Saturday,30.6,1002.2,47.7,18.5,Cloudy
1551,2023-03-11,11:00,Summer,3,Saturday,43.4,1003.4,44.3,13.4,Clear
1554,2023-03-11,12:00,Summer,3,Saturday,36.2,1006.9,51.9,14.1,Clear
1556,2023-03-11,14:00,Summer,3,Saturday,40.8,1009.3,39.7,12.8,Cloudy
1552,2023-03-11,18:00,Summer,3,Saturday,34.8,,28.7,19.4,Clear
1553,2023-03-11,18:00,Summer,3,Saturday,36.4,1012.7,51.4,16.7,Cloudy
1560,2023-03-12,04:00,Summer,3,Sunday,31,996.5,45.4,12.1,Clear
1558,2023-03-12,06:00,Summer,3,Sunday,,1008.6,51.9,18.6,Clear
1559,2023-03-12,07:00,Summer,3,Sunday,34.4,992.8,33.2,14.7,Clear
1561,2023-03-12,20:00,Summer,3,Sunday,30,1007.7,56.5,25.4,Haze
1557,2023-03-12,22:00,Summer,3,Sunday,32.5,996.8,46,17.5,Haze
1563,2023-03-13,03:00,Summer,3,Monday,30,999.1,28.5,13.6,Clear
1562,2023-03-13,13:00,Summer,3,Monday,37.9,,,,Clear
1564,2023-03-13,22:00,Summer,3,Monday,30.9,1008.2,35.4,,Haze
1565,2023-03-14,09:00,Summer,3,Tuesday,43,1004.3,45.5,15.9,Clear
1566,2023-03-14,19:00,Summer,3,Tuesday,30.5,998.9,56.3,12.3,Clear
1567,2023-03-15,14:00,Summer,3,Wednesday,36.7,1015.2,58.9,12.1,Clear
1568,2023-03-15,17:00,Summer,3,Wednesday,39.1,1002.6,63.8,,Partly Cloudy
1571,2023-03-16,07:00,Summer,3,Thursday,34.8,1009.1,45.4,19.7,Clear
1570,2023-03-16,12:00,Summer,3,Thursday,37.2,1000.5,37.7,18.5,Clear
1569,2023-03-16,19:00,Summer,3,Thursday,33.8,1003.7,45,14.5,Cloudy
1572,2023-03-17,08:00,Summer,3,Friday,38.8,1001.4,37.1,13.5,Cloudy
1573,2023-03-17,15:00,Summer,3,Friday,34.3,1006.5,41,13.9,Clear
1575,2023-03-17,15:00,Summer,3,Friday,43,1007.1,46.7,15.3,Clear
1574,2023-03-17,18:00,Summer,3,Friday,33.4,1000.8,49.2,17.6,Partly Cloudy
1579,2023-03-18,03:00,Summer,3,Saturday,29.7,1009.6,51.5,26,Cloudy
1576,2023-03-18,06:00,Summer,3,Saturday,36.8,1004.4,41.2,16.9,Haze
1577,2023-03-18,13:00,Summer,3,Saturday,42.6,1008,36.5,14.6,Fog
1578,2023-03-18,13:00,Summer,3,Saturday,43.1,1004.9,41.6,18,Clear
1580,2023-03-18,14:00,Summer,3,Saturday,37.1,1001.8,36.6,19.4,Clear
1583,2023-03-19,00:00,Summer,3,Sunday,30.7,1006.2,28.3,20.7,Cloudy
1581,2023-03-19,02:00,Summer,3,Sunday,26.4,1007.6,36.4,18.2,Partly Cloudy
1582,2023-03-19,04:00,Summer,3,Sunday,34.2,1003.8,32.5,14.8,Clear
1584,2023-03-20,02:00,Summer,3,Monday,27.3,997.9,27.4,13.3,Cloudy
1588,2023-03-21,03:00,Summer,3,Tuesday,27.3,1004.3,47.6,14.4,Clear
1587,2023-03-21,07:00,Summer,3,Tuesday,32.7,1005.5,72.8,16.8,Partly Cloudy
1585,2023-03-21,14:00,Summer,3,Tuesday,33.1,1000.5,40.5,17.1,Partly Cloudy
1586,2023-03-21,23:00,Summer,3,Tuesday,27.8,1004.3,60.8,19.7,Cloudy
1589,2023-03-22,01:00,Summer,3,Wednesday,28.1,1005.7,47.2,13.5,Cloudy
1590,2023-03-22,23:00,Summer,3,Wednesday,26.7,1007.4,62.2,21.1,Clear
1591,2023-03-22,23:00,Summer,3,Wednesday,26.5,1001.4,73.3,26.9,Partly Cloudy
1594,2023-03-23,02:00,Summer,3,Thursday,29.7,1013.5,38.1,15.7,Cloudy
1593,2023-03-23,03:00,Summer,3,Thursday,28.9,1005,52.1,23,Haze
1592,2023-03-23,09:00,Summer,3,Thursday,39,1005.7,39.8,16.2,Clear
1595,2023-03-24,01:00,Summer,3,Friday,25.9,1001.1,34.4,13.5,Haze
1596,2023-03-24,16:00,Summer,3,Friday,39.8,1007.6,37.4,14.7,Haze
1600,2023-03-25,19:00,Summer,3,Saturday,37.3,1005.7,45.5,12.6,Haze
1598,2023-03-25,20:00,Summer,3,Saturday,27.5,1001.8,34.1,14.2,Clear
1597,2023-03-25,22:00,Summer,3,Saturday,24.8,1003.5,56.4,17.6,Cloudy
1599,2023-03-25,23:00,Summer,3,Saturday,32.7,1005.7,40.6,22.9,Haze
1603,2023-03-26,04:00,Summer,3,Sunday,31.1,1004.7,51.7,17.9,Clear
1605,2023-03-26,08:00,Summer,3,Sunday,35.2,1008.1,43.5,14.8,Partly Cloudy
1602,2023-03-26,12:00,Summer,3,Sunday,39.3,1002,52,20.2,Clear
1604,2023-03-26,20:00,Summer,3,Sunday,30.1,1008.3,30.3,16.9,Cloudy
1601,2023-03-26,22:00,Summer,3,Sunday,29,1001.1,37.5,19.1,Clear
1606,2023-03-27,21:00,Summer,3,Monday,29.5,1006.3,48.8,14,Partly Cloudy
1608,2023-03-28,04:00,Summer,3,Tuesday,31.3,995.9,57.2,15.6,Fog
1607,2023-03-28,05:00,Summer,3,Tuesday,31.5,1005.8,46.9,14,Clear
1613,2023-03-29,05:00,Summer,3,Wednesday,33.4,1001.5,40.5,12.4,Clear
1611,2023-03-29,06:00,Summer,3,Wednesday,37.9,998.9,42.8,17.1,Clear
1612,2023-03-29,06:00,Summer,3,Wednesday,34.5,1009.9,56,18.9,Partly Cloudy
1610,2023-03-29,07:00,Summer,3,Wednesday,34.8,1007.9,53.5,16.8,Partly Cloudy
1609,2023-03-29,09:00,Summer,3,Wednesday,34.8,,,,Partly Cloudy
1616,2023-03-30,02:00,Summer,3,Thursday,25.6,1006.7,46.2,13.3,Partly Cloudy
1615,2023-03-30,19:00,Summer,3,Thursday,30.7,1001.3,45.1,17.3,Clear
1614,2023-03-30,20:00,Summer,3,Thursday,30.3,1004.4,43,12.4,Haze
1620,2023-03-31,03:00,Summer,3,Friday,29.1,1014.9,36.8,12.1,Clear
1624,2023-03-31,03:00,Summer,3,Friday,26.3,1005.9,45.5,14.2,Haze
1622,2023-03-31,05:00,Summer,3,Friday,32.4,1003.7,61.1,24.7,Partly Cloudy
1621,2023-03-31,11:00,Summer,3,Friday,37.8,997.9,55.4,13.6,Clear
1619,2023-03-31,14:00,Summer,3,Friday,38,1017.5,32.4,12.3,Haze
1617,2023-03-31,18:00,Summer,3,Friday,32.2,1003.8,62.9,22.4,Fog
1623,2023-03-31,18:00,Summer,3,Friday,37.6,,,,Clear
1618,2023-03-31,21:00,Summer,3,Friday,34.3,1002.8,32.5,13.7,Haze
1627,2023-04-01,04:00,Summer,4,Saturday,27.1,1003.7,27.3,13.3,Cloudy
1626,2023-04-01,08:00,Summer,4,Saturday,41.9,997,41.9,15.7,Clear
1628,2023-04-01,12:00,Summer,4,Saturday,38.5,1009.2,-15,21.3,Haze
1625,2023-04-01,14:00,Summer,4,Saturday,36.9,1006.6,43.1,13.1,Cloudy
1631,2023-04-02,04:00,Summer,4,Sunday,30.9,1000.7,63.8,13.4,Fog
1630,2023-04-02,17:00,Summer,4,Sunday,33.2,1005.7,47.3,20.1,Clear
1629,2023-04-02,22:00,Summer,4,Sunday,,1001.3,35.8,17.1,Partly Cloudy
1632,2023-04-03,15:00,Summer,4,Monday,33.2,999.5,56,14.6,Clear
1633,2023-04-03,18:00,Summer,4,Monday,37.2,1001.5,33.9,15,Clear
1638,2023-04-04,03:00,Summer,4,Tuesday,30.8,1011.6,45.6,21.3,Haze
1639,2023-04-04,06:00,Summer,4,Tuesday,32.4,1005.5,44.7,14.8,Cloudy
1634,2023-04-04,13:00,Summer,4,Tuesday,33.1,1003.1,44.4,16.7,Clear
1636,2023-04-04,14:00,Summer,4,Tuesday,43.3,1004.8,26.7,13.1,Clear
1635,2023-04-04,15:00,Summer,4,Tuesday,40.6,993.4,42.2,22,Clear
1640,2023-04-04,15:00,Summer,4,Tuesday,38.8,1003.6,54,14.9,Partly Cloudy
1637,2023-04-04,21:00,Summer,4,Tuesday,28.6,1006.3,34.8,14.3,Clear
1646,2023-04-05,07:00,Summer,4,Wednesday,35.5,1000.6,63.2,14,Clear
1643,2023-04-05,20:00,Summer,4,Wednesday,28.8,1003.5,46.9,13.4,Cloudy
1645,2023-04-05,20:00,Summer,4,Wednesday,30.9,1005.5,61.2,13.6,Partly Cloudy
1642,2023-04-05,21:00,Summer,4,Wednesday,31.4,1006.2,49.2,13,CLEAR
1644,2023-04-05,21:00,Summer,4,Wednesday,28.6,,57.9,12.5,Clear
1641,2023-04-05,23:00,Summer,4,Wednesday,31.3,,55.4,19.2,
1648,2023-04-06,15:00,Summer,4,Thursday,38.8,1000.5,32,16.6,Clear
1647,2023-04-06,16:00,Summer,4,Thursday,,1011.2,,21.3,Clear
1649,2023-04-06,22:00,Summer,4,Thursday,32.9,1001.9,45.6,17.8,Clear
1652,2023-04-07,01:00,Summer,4,Friday,25.6,1009.7,63.6,21,Clear
1653,2023-04-07,08:00,Summer,4,Friday,40.1,1002.2,33.9,13.6,Partly Cloudy
1650,2023-04-07,09:00,Summer,4,Friday,43.2,1009,46.6,18.8,Clear
1651,2023-04-07,09:00,Summer,4,Friday,40.4,1006.4,61.3,17.1,Partly Cloudy
1656,2023-04-08,09:00,Summer,4,Saturday,37.8,1008.8,51,12.3,Clear
1655,2023-04-08,10:00,Summer,4,Saturday,43.9,1002.5,45.5,19.9,Clear
1654,2023-04-08,16:00,Summer,4,Saturday,36.8,1009.1,41.8,14.9,Clear
1657,2023-04-08,21:00,Summer,4,Saturday,32,1002.4,52.9,15.2,Clear
1658,2023-04-09,16:00,Summer,4,Sunday,41.4,1006.3,39.1,14.9,Partly Cloudy
1659,2023-04-10,03:00,Summer,4,Monday,28.1,996.6,44.2,14,Partly Cloudy
1662,2023-04-11,14:00,Summer,4,Tuesday,39.4,1004.9,53.5,15.1,Clear
1660,2023-04-11,15:00,Summer,4,Tuesday,39.6,1008.6,45.6,23.7,Haze
1661,2023-04-11,19:00,Summer,4,Tuesday,30.3,1008.3,,,Haze
1663,2023-04-11,20:00,Summer,4,Tuesday,29.4,999.7,46.9,21.2,Partly Cloudy
1667,2023-04-12,00:00,Summer,4,Wednesday,29.1,1005.7,56.9,14.8,Fog
1669,2023-04-12,03:00,Summer,4,Wednesday,34.8,1006.9,41,21.8,Cloudy
1664,2023-04-12,04:00,Summer,4,Wednesday,,1004.2,27.2,,
1665,2023-04-12,05:00,Summer,4,Wednesday,32.7,,53.5,13.8,Partly Cloudy
1666,2023-04-12,16:00,Summer,4,Wednesday,37.6,1010.1,62.7,13.2,Clear
1668,2023-04-12,18:00,Summer,4,Wednesday,36.6,850,40.4,17.4,Haze
1670,2023-04-13,16:00,Summer,4,Thursday,38.4,1007.4,39.6,12.3,Haze
1673,2023-04-14,01:00,Summer,4,Friday,29.5,998.8,41.1,12.3,Clear
1671,2023-04-14,08:00,Summer,4,Friday,39.5,1009.7,61.1,15.8,Clear
1672,2023-04-14,23:00,Summer,4,Friday,29.4,1008.3,52,15.9,Clear
1676,2023-04-15,06:00,Summer,4,Saturday,35,1003.3,38.2,13.7,Partly Cloudy
1674,2023-04-15,07:00,Summer,4,Saturday,36.5,1009.6,51.8,12.2,Clear
1675,2023-04-15,14:00,Summer,4,Saturday,41.3,1001.8,40.2,20.3,Fog
1678,2023-04-16,00:00,Summer,4,Sunday,26.5,1000.5,52.2,13,Cloudy
1677,2023-04-16,05:00,Summer,4,Sunday,31.2,992.8,50.4,18.3,Haze
1681,2023-04-16,06:00,Summer,4,Sunday,34.5,1008.5,38.3,16.9,Clear
1679,2023-04-16,14:00,Summer,4,Sunday,41.7,1001.4,51.5,15.5,Haze
1680,2023-04-16,22:00,Summer,4,Sunday,29.3,1005.2,52.1,19.6,Clear
1683,2023-04-17,01:00,Summer,4,Monday,26.5,1004.7,36.7,12.5,Partly Cloudy
1682,2023-04-17,16:00,Summer,4,Monday,34.8,1011.8,39.4,13.9,Haze
1687,2023-04-18,05:00,Summer,4,Tuesday,31.8,1000.1,32.8,21.7,Partly Cloudy
1684,2023-04-18,08:00,Summer,4,Tuesday,39.2,1013.2,40.9,16.2,Haze
1685,2023-04-18,08:00,Summer,4,Tuesday,34.2,1006.9,31.5,12.4,Haze
1686,2023-04-18,12:00,Summer,4,Tuesday,38.6,996.9,57.4,20.8,Clear
1692,2023-04-19,02:00,Summer,4,Wednesday,31.3,1016.7,40,13.4,Partly Cloudy
1688,2023-04-19,05:00,Summer,4,Wednesday,31.7,1006.9,43.5,19.4,Clear
1689,2023-04-19,19:00,Summer,4,Wednesday,32.5,1000.3,34.3,14.7,Cloudy
1690,2023-04-19,19:00,Summer,4,Wednesday,26.4,1008.5,61.6,19.5,Clear
1691,2023-04-19,20:00,Summer,4,Wednesday,31.9,1009.1,,18.8,Clear
1695,2023-04-20,11:00,Summer,4,Thursday,38.5,1000.6,37.3,16.8,Haze
1693,2023-04-20,16:00,Summer,4,Thursday,36.4,,46.6,18,Clear
1694,2023-04-20,16:00,Summer,4,Thursday,37.3,1003.6,39.3,13.9,Clear
1700,2023-04-21,00:00,Summer,4,Friday,29.4,994.2,34.9,26.5,Partly Cloudy
1698,2023-04-21,12:00,Summer,4,Friday,39.1,1006.5,43.3,15.6,Cloudy
1697,2023-04-21,14:00,Summer,4,Friday,37.2,1009.7,54.7,18.7,Cloudy
1696,2023-04-21,15:00,Summer,4,Friday,41.1,1000.3,46.5,14.9,Partly Cloudy
1701,2023-04-21,16:00,Summer,4,Friday,35.8,1011.9,48.8,17.7,Partly Cloudy
1699,2023-04-21,22:00,Summer,4,Friday,27.5,1003.3,35.3,20.9,Haze
1702,2023-04-22,02:00,Summer,4,Saturday,31.6,1012.1,51.6,19.4,Clear
1704,2023-04-22,03:00,Summer,4,Saturday,30.6,996.7,56.2,16.8,
1705,2023-04-22,03:00,Summer,4,Saturday,31.9,1005.5,45.7,13.3,Fog
1703,2023-04-22,14:00,Summer,4,Saturday,39.8,1007.5,42.8,,Partly Cloudy
1707,2023-04-22,16:00,Summer,4,Saturday,40,1004.4,50.6,20.6,Clear
1706,2023-04-22,17:00,Summer,4,Saturday,31.4,1013.1,35,95,Clear
1708,2023-04-22,18:00,Summer,4,Saturday,32.7,1000.7,33.5,17.2,Clear
1711,2023-04-23,02:00,Summer,4,Sunday,27.6,1002.8,,16.9,Fog
1709,2023-04-23,10:00,Summer,4,Sunday,42.6,1002.7,48.5,16.1,Clear
1710,2023-04-23,19:00,Summer,4,Sunday,29.7,1004.2,41.6,14,Clear
1714,2023-04-26,00:00,Summer,4,Wednesday,29.9,1003.3,,28.3,Clear
1712,2023-04-26,07:00,Summer,4,Wednesday,38.3,1004.1,51.9,12.9,Cloudy
1713,2023-04-26,13:00,Summer,4,Wednesday,42.7,1010.2,41.7,13.5,Clear
1716,2023-04-27,01:00,Summer,4,Thursday,27.1,1007.2,42,15.9,Haze
1718,2023-04-27,03:00,Summer,4,Thursday,26.5,1009.3,50.7,18.3,Haze
1715,2023-04-27,13:00,Summer,4,Thursday,40,1006.9,42.4,12.1,Haze
1717,2023-04-27,22:00,Summer,4,Thursday,,1006.7,25.9,15.7,Clear
1722,2023-04-28,00:00,Summer,4,Friday,29.8,1003.9,45.1,14.6,Haze
1721,2023-04-28,05:00,Summer,4,Friday,32.3,1012.3,34,22.8,
1720,2023-04-28,18:00,Summer,4,Friday,36,1001.7,53.9,13.7,Fog
1719,2023-04-28,23:00,Summer,4,Friday,28.6,997,50.7,14.4,Clear
1724,2023-04-29,07:00,Summer,4,Saturday,34.7,1006.6,42.2,14.1,Haze
1723,2023-04-29,16:00,Summer,4,Saturday,32.5,1002.9,19.4,13.6,Clear
1727,2023-04-30,00:00,Summer,4,Sunday,27.4,1004.6,55.7,15.9,Fog
1728,2023-04-30,04:00,Summer,4,Sunday,30.1,1000.6,48.8,14.5,Haze
1730,2023-04-30,05:00,Summer,4,Sunday,28.8,999.9,34.5,21.5,Clear
1729,2023-04-30,15:00,Summer,4,Sunday,35.9,1001,47.8,19.4,Haze
1725,2023-04-30,18:00,Summer,4,Sunday,34.2,1002.5,41.3,13.6,Clear
1726,2023-04-30,20:00,Summer,4,Sunday,31.2,1004.1,50.6,22.9,Cloudy
1734,2023-05-03,02:00,Summer,5,Wednesday,31.2,1000.7,69.1,21.1,Clear
1731,2023-05-03,07:00,Summer,5,Wednesday,38.7,1003.4,45.9,13.9,Partly Cloudy
1732,2023-05-03,12:00,Summer,5,Wednesday,45.6,1007.4,44.7,13.5,Clear
1733,2023-05-03,15:00,Summer,5,Wednesday,38.8,1004.8,32.8,20.8,Haze
1738,2023-05-04,10:00,Summer,5,Thursday,40,1009.5,42.6,27.6,Cloudy
1736,2023-05-04,11:00,Summer,5,Thursday,36.4,1005.4,43.4,17.5,Clear
1737,2023-05-04,15:00,Summer,5,Thursday,39.7,1005.9,51.1,14.6,Cloudy
1735,2023-05-04,18:00,Summer,5,Thursday,34.2,1007,40.4,17.1,Partly Cloudy
1744,2023-05-05,01:00,Summer,5,Friday,28.4,1006.3,35.2,13.8,Clear
1741,2023-05-05,03:00,Summer,5,Friday,30.5,1004.7,74.7,,Partly Cloudy
1739,2023-05-05,09:00,Summer,5,Friday,36.1,1003,47.3,13.5,Partly Cloudy
1742,2023-05-05,11:00,Summer,5,Friday,35.9,1004.7,51.7,12.3,Clear
1740,2023-05-05,19:00,Summer,5,Friday,28,1004.9,43,12.5,Haze
1743,2023-05-05,22:00,Summer,5,Friday,30,1009,46.5,12.5,Fog
1747,2023-05-06,18:00,Summer,5,Saturday,36,1004.2,38.5,15.4,Haze
1746,2023-05-06,21:00,Summer,5,Saturday,26.6,1003.4,29.8,13.4,Fog
1745,2023-05-06,23:00,Summer,5,Saturday,34.8,1011.7,40.5,23.3,Partly Cloudy
1748,2023-05-07,04:00,Summer,5,Sunday,31.9,1010.8,35.4,13.8,Clear
1750,2023-05-07,06:00,Summer,5,Sunday,34,998.9,49.4,14.7,Partly Cloudy
1749,2023-05-07,07:00,Summer,5,Sunday,33.9,1006.2,42.2,15.3,Partly Cloudy
1754,2023-05-08,02:00,Summer,5,Monday,31.2,1005.6,57,20.1,Clear
1751,2023-05-08,13:00,Summer,5,Monday,38.5,1007.3,22.3,28,Cloudy
1755,2023-05-08,17:00,Summer,5,Monday,39.6,1001.3,41.8,16.1,Clear
1753,2023-05-08,22:00,Summer,5,Monday,32.9,1002.2,52.7,12.1,Partly Cloudy
1752,2023-05-08,23:00,Summer,5,Monday,29.2,1004.3,64.6,15.4,Clear
1756,2023-05-09,15:00,Summer,5,Tuesday,36.5,1005.6,55,18.3,Clear
1758,2023-05-09,18:00,Summer,5,Tuesday,33.1,1006.8,29.1,17.7,Clear
1759,2023-05-09,18:00,Summer,5,Tuesday,31.6,1001.9,46.6,13.7,Clear
1757,2023-05-09,22:00,Summer,5,Tuesday,28.8,1008.9,33.3,15.5,Clear
1762,2023-05-10,15:00,Summer,5,Wednesday,36.1,1004.9,41,16,Clear
1760,2023-05-10,17:00,Summer,5,Wednesday,31.4,1005.7,50.2,14.9,Clear
1761,2023-05-10,19:00,Summer,5,Wednesday,28.2,870.5,41.3,13.1,Cloudy
1763,2023-05-11,07:00,Summer,5,Thursday,36.8,998.2,44.7,16.8,cloudy
1764,2023-05-12,00:00,Summer,5,Friday,26.6,1000.9,59.6,22.6,Cloudy
1769,2023-05-12,04:00,Summer,5,Friday,29.3,1005.5,49.4,21.3,Clear
1768,2023-05-12,10:00,Summer,5,Friday,36.2,1009.7,65.5,12.6,Haze
1766,2023-05-12,11:00,Summer,5,Friday,35.4,1006.4,35,12.8,Cloudy
1770,2023-05-12,11:00,Summer,5,Friday,37.8,1002,47.3,21.8,Haze
1765,2023-05-12,16:00,Summer,5,Friday,,1004.3,34.1,15.2,Partly Cloudy
1771,2023-05-12,16:00,Summer,5,Friday,36.5,1008.1,47.1,,Cloudy
1767,2023-05-12,20:00,Summer,5,Friday,32.1,1004.1,55.9,16,Clear
1773,2023-05-13,00:00,Summer,5,Saturday,29.5,1006.4,45.2,17,Haze
1774,2023-05-13,04:00,Summer,5,Saturday,26.7,998.2,44.3,15.1,Partly Cloudy
1772,2023-05-13,05:00,Summer,5,Saturday,33.7,1008.6,32.4,16.2,Clear
1776,2023-05-14,04:00,Summer,5,Sunday,28.1,1008.1,21.6,17.2,Cloudy
1775,2023-05-14,13:00,Summer,5,Sunday,42.4,1004.1,36.6,14.3,Partly Cloudy
1777,2023-05-14,21:00,Summer,5,Sunday,27,1006.4,56.3,12,Partly Cloudy
1779,2023-05-15,00:00,Summer,5,Monday,30,1003.7,54.9,14.3,Clear
1782,2023-05-15,08:00,Summer,5,Monday,42.1,1010.9,72.3,19.3,Clear
1781,2023-05-15,15:00,Summer,5,Monday,41.3,1005.7,39.8,17.6,Cloudy
1780,2023-05-15,17:00,Summer,5,Monday,34.5,1001.4,62.7,26.2,Haze
1778,2023-05-15,23:00,Summer,5,Monday,27,1007.6,48,14.7,Partly Cloudy
1786,2023-05-16,01:00,Summer,5,Tuesday,27.8,1004.7,49.4,18.5,Cloudy
1785,2023-05-16,04:00,Summer,5,Tuesday,35.1,1003.4,28.6,13.9,Partly Cloudy
1783,2023-05-16,18:00,Summer,5,Tuesday,34.2,1005,39.3,12.5,Partly Cloudy
1784,2023-05-16,21:00,Summer,5,Tuesday,27,1003.7,41.9,14.2,Cloudy
1789,2023-05-17,03:00,Summer,5,Wednesday,32.7,1008.6,51.3,13.7,Clear
1788,2023-05-17,06:00,Summer,5,Wednesday,36.1,999.7,46.6,12.6,Clear
1787,2023-05-17,14:00,Summer,5,Wednesday,36.8,1010.8,46,17.7,Clear
1790,2023-05-18,00:00,Summer,5,Thursday,30.7,1000.6,40.7,13.1,Haze
1791,2023-05-18,12:00,Summer,5,Thursday,42.9,1007.9,66.4,16.5,Haze
1792,2023-05-18,19:00,Summer,5,Thursday,35.2,1004.4,42.1,16.9,Haze
1793,2023-05-18,21:00,Summer,5,Thursday,31.1,1002.8,53.2,18.3,Haze
1794,2023-05-19,06:00,Summer,5,Friday,30.6,999.1,36.8,12,Partly Cloudy
1795,2023-05-19,14:00,Summer,5,Friday,36.2,1002.4,36.8,15.4,Cloudy
1796,2023-05-19,22:00,Summer,5,Friday,31.4,1005.8,-5,12.3,Clear
1797,2023-05-20,13:00,Summer,5,Saturday,37.2,1005.6,66.1,21.5,Haze
1799,2023-05-20,18:00,Summer,5,Saturday,34.3,1005.6,33.6,14,Partly Cloudy
1798,2023-05-20,22:00,Summer,5,Saturday,27.2,1004.2,43.4,24.9,Clear
1805,2023-05-21,09:00,Summer,5,Sunday,41.7,999.9,34.9,22.2,Clear
1804,2023-05-21,17:00,Summer,5,Sunday,38.1,1008.5,54.6,12,Fog
1802,2023-05-21,19:00,Summer,5,Sunday,32.1,1008.1,35.5,15.2,Clear
1800,2023-05-21,21:00,Summer,5,Sunday,30.1,998.9,44.3,18.5,Haze
1801,2023-05-21,23:00,Summer,5,Sunday,26.3,1004.6,15.6,20.6,Clear
1803,2023-05-21,23:00,Summer,5,Sunday,27.8,1001.1,32.9,15.8,Haze
1807,2023-05-22,07:00,Summer,5,Monday,32.4,1010.9,44.3,22.2,Clear
1806,2023-05-22,08:00,Summer,5,Monday,34.4,1007.9,38.2,13.2,Haze
1810,2023-05-23,01:00,Summer,5,Tuesday,24.3,1000.2,45,12.6,Partly Cloudy
1808,2023-05-23,09:00,Summer,5,Tuesday,34.6,997.2,56.3,17.4,Clear
1809,2023-05-23,16:00,Summer,5,Tuesday,36.8,1000.7,38.3,20.2,
1812,2023-05-24,04:00,Summer,5,Wednesday,29.7,1001.8,27.2,13,Clear
1811,2023-05-24,05:00,Summer,5,Wednesday,31.9,1003.4,48.5,21,Haze
1813,2023-05-24,08:00,Summer,5,Wednesday,38.9,1008.8,26.2,15.8,Partly Cloudy
1814,2023-05-25,04:00,Summer,5,Thursday,31.7,1005.8,25.4,17,Haze
1817,2023-05-25,08:00,Summer,5,Thursday,39.2,1002.5,38.3,17.7,Clear
1815,2023-05-25,17:00,Summer,5,Thursday,35.4,1004,39.3,14.7,Haze
1816,2023-05-25,19:00,Summer,5,Thursday,29.9,1005.5,43.3,14.1,Cloudy
1824,2023-05-26,01:00,Summer,5,Friday,33.6,1004.9,36.2,,Clear
1822,2023-05-26,02:00,Summer,5,Friday,30.9,997.9,54.5,21.5,
1821,2023-05-26,06:00,Summer,5,Friday,32.5,1011.7,43.6,14.7,Clear
1823,2023-05-26,09:00,Summer,5,Friday,35.4,1010.7,46.1,16.2,Clear
1820,2023-05-26,11:00,Summer,5,Friday,46.4,1010,58.8,14.5,Cloudy
1818,2023-05-26,16:00,Summer,5,Friday,38.8,1002.9,33.3,22.4,Fog
1819,2023-05-26,16:00,Summer,5,Friday,38.2,1004.9,45.3,13.8,Clear
1827,2023-05-27,01:00,Summer,5,Saturday,,,53.5,21.1,Clear
1825,2023-05-27,02:00,Summer,5,Saturday,30.8,1007.6,27.9,20.9,Fog
1826,2023-05-27,15:00,Summer,5,Saturday,38,1005.7,50.6,19.7,Clear
1828,2023-05-27,23:00,Summer,5,Saturday,30.3,995.9,47.2,14.3,Clear
1830,2023-05-28,05:00,Summer,5,Sunday,34.4,1000.7,55.2,14.8,Clear
1829,2023-05-28,09:00,Summer,5,Sunday,39.4,1004.9,57.7,20,Clear
1832,2023-05-28,10:00,Summer,5,Sunday,35.8,1005.8,27.3,13.8,Clear
1831,2023-05-28,21:00,Summer,5,Sunday,24.6,1007.6,26.1,16.5,Clear
1833,2023-05-28,22:00,Summer,5,Sunday,25.4,998.1,65.7,13.1,Clear
1834,2023-05-29,06:00,Summer,5,Monday,34.8,1004,24.8,15.6,Clear
1836,2023-05-30,05:00,Summer,5,Tuesday,32.3,1003.8,31.4,19.3,Clear
1835,2023-05-30,14:00,Summer,5,Tuesday,42.2,999.4,25,14.3,Partly Cloudy
1838,2023-05-31,08:00,Summer,5,Wednesday,38,1001.6,45.3,14.4,Clear
1841,2023-05-31,11:00,Summer,5,Wednesday,41.4,1002.3,44.1,19,Partly Cloudy
1842,2023-05-31,18:00,Summer,5,Wednesday,36,1003,33.2,22,Clear
1837,2023-05-31,19:00,Summer,5,Wednesday,32.6,1006,36.9,12.6,
1840,2023-05-31,19:00,Summer,5,Wednesday,33.1,1005.1,39.5,16.5,Partly Cloudy
1839,2023-05-31,21:00,Summer,5,Wednesday,30.4,1014.3,27.5,27.9,Partly Cloudy
1846,2023-06-01,01:00,Monsoon,6,Thursday,17.4,999.7,,26.2,Partly Cloudy
1848,2023-06-01,01:00,Monsoon,6,Thursday,15.8,1001.9,76.3,20.3,Cloudy
1844,2023-06-01,02:00,Monsoon,6,Thursday,25.4,994.4,60,21.5,Cloudy
1845,2023-06-01,14:00,Monsoon,6,Thursday,27.8,1001.7,74.7,28.4,Partly Cloudy
1843,2023-06-01,19:00,Monsoon,6,Thursday,28.2,1004.1,82.1,22.5,Heavy Rain
1847,2023-06-01,20:00,Monsoon,6,Thursday,21,1002.8,91.2,21.2,Cloudy
1849,2023-06-01,21:00,Monsoon,6,Thursday,21.8,999.5,70,21.6,Light Rain
1850,2023-06-02,02:00,Monsoon,6,Friday,23.1,1004.9,71.3,20.7,Heavy Rain
1851,2023-06-02,05:00,Monsoon,6,Friday,27.1,1001,74.3,20.3,Partly Cloudy
1852,2023-06-02,14:00,Monsoon,6,Friday,28.2,,85.8,20.3,Partly Cloudy
1855,2023-06-03,00:00,Monsoon,6,Saturday,19.3,997.7,80,20,Thunderstorm
1854,2023-06-03,08:00,Monsoon,6,Saturday,29.9,999.4,80,21.3,Heavy Rain
1853,2023-06-03,09:00,Monsoon,6,Saturday,36,998.8,97.2,24.3,Partly Cloudy
1859,2023-06-04,03:00,Monsoon,6,Sunday,20.5,999.9,72,21.3,Cloudy
1857,2023-06-04,05:00,Monsoon,6,Sunday,26.2,1005.6,82.2,23.6,Heavy Rain
1858,2023-06-04,08:00,Monsoon,6,Sunday,30.4,999.5,68.6,29.5,Thunderstorm
1856,2023-06-04,15:00,Monsoon,6,Sunday,29.7,1005.3,93.1,29.5,Partly Cloudy
1862,2023-06-05,00:00,Monsoon,6,Monday,23.3,994,89.5,21.1,Light Rain
1860,2023-06-05,01:00,Monsoon,6,Monday,22.3,992,80.8,24.9,Thunderstorm
1861,2023-06-05,03:00,Monsoon,6,Monday,26,997.1,72.6,33.3,Cloudy
1864,2023-06-05,09:00,Monsoon,6,Monday,32.1,994,84.2,22,Cloudy
1863,2023-06-05,18:00,Monsoon,6,Monday,27.4,997.1,77,25.1,Heavy Rain
1865,2023-06-05,20:00,Monsoon,6,Monday,27.3,994.5,61.7,21.5,Partly Cloudy
1866,2023-06-06,14:00,Monsoon,6,Tuesday,33.6,1003.5,,24.2,Light Rain
1868,2023-06-06,18:00,Monsoon,6,Tuesday,29,1000.4,88,29.8,Heavy Rain
1867,2023-06-06,21:00,Monsoon,6,Tuesday,22.2,1005.8,73.9,23.7,Cloudy
1869,2023-06-07,15:00,Monsoon,6,Wednesday,28.4,1005.9,81.2,21.6,Thunderstorm
1870,2023-06-07,20:00,Monsoon,6,Wednesday,,997.9,93.9,23.3,Clear
1871,2023-06-07,23:00,Monsoon,6,Wednesday,24.8,998.5,61.4,21.6,Thunderstorm
1876,2023-06-08,00:00,Monsoon,6,Thursday,20.5,1003.2,89.6,22.1,Clear
1874,2023-06-08,01:00,Monsoon,6,Thursday,23.4,1003.6,99.6,24.1,Clear
1873,2023-06-08,03:00,Monsoon,6,Thursday,23.1,1002.8,78.5,21.1,Clear
1875,2023-06-08,12:00,Monsoon,6,Thursday,32.9,996.2,80,23.9,Light Rain
1877,2023-06-08,16:00,Monsoon,6,Thursday,22.2,1001.1,73.6,21,Light Rain
1872,2023-06-08,21:00,Monsoon,6,Thursday,21.3,1002.4,79.5,,Cloudy
1879,2023-06-09,03:00,Monsoon,6,Friday,26.2,999.3,80.5,23.6,Thunderstorm
1880,2023-06-09,06:00,Monsoon,6,Friday,27.9,996.4,83.1,20.1,Thunderstorm
1882,2023-06-09,08:00,Monsoon,6,Friday,32.7,990,83.3,21,Heavy Rain
1878,2023-06-09,12:00,Monsoon,6,Friday,30.4,999.2,85.9,30.4,Thunderstorm
1881,2023-06-09,16:00,Monsoon,6,Friday,32.1,1007.5,57.7,31.4,Light Rain
1885,2023-06-10,00:00,Monsoon,6,Saturday,22.8,994.6,76.7,27,Partly Cloudy
1883,2023-06-10,03:00,Monsoon,6,Saturday,22.5,1004.9,70.7,27.5,Heavy Rain
1887,2023-06-10,03:00,Monsoon,6,Saturday,,,66.5,,Light Rain
1888,2023-06-10,08:00,Monsoon,6,Saturday,28.9,1001.9,77.1,33.4,Light Rain
1886,2023-06-10,09:00,Monsoon,6,Saturday,32.4,996.1,76.2,28.1,Heavy Rain
1891,2023-06-10,09:00,Monsoon,6,Saturday,35.5,995.6,57.2,22.9,Clear
1889,2023-06-10,12:00,Monsoon,6,Saturday,36.9,1002.8,90.5,20.9,Heavy Rain
1890,2023-06-10,13:00,Monsoon,6,Saturday,33.7,996,87.3,20.4,Light Rain
1884,2023-06-10,18:00,Monsoon,6,Saturday,21.2,999.9,66,20.4,Partly Cloudy
1892,2023-06-11,05:00,Monsoon,6,Sunday,22.8,996.2,84,27.9,Cloudy
1894,2023-06-11,05:00,Monsoon,6,Sunday,27.8,1008.6,73,25.2,Thunderstorm
1893,2023-06-11,15:00,Monsoon,6,Sunday,31.2,1001.3,68.7,21.9,Light Rain
1895,2023-06-13,16:00,Monsoon,6,Tuesday,31.7,993.4,70.5,21.6,Heavy Rain
1896,2023-06-14,09:00,Monsoon,6,Wednesday,31.2,998.8,75.5,21.2,Clear
1897,2023-06-15,17:00,Monsoon,6,Thursday,30.3,999.7,79,25.9,Clear
1899,2023-06-15,17:00,Monsoon,6,Thursday,31.4,1004.1,84.4,21.9,Heavy Rain
1898,2023-06-15,21:00,Monsoon,6,Thursday,23.8,1005.3,74.7,20.1,Thunderstorm
1900,2023-06-16,02:00,Monsoon,6,Friday,20.7,1002.7,84.5,29.1,Cloudy
1903,2023-06-16,14:00,Monsoon,6,Friday,36.8,1001.4,89.9,29.4,Cloudy
1904,2023-06-16,14:00,Monsoon,6,Friday,31.5,1004.8,79.2,20.3,Light Rain
1901,2023-06-16,19:00,Monsoon,6,Friday,22.4,998.5,67.2,29.3,Heavy Rain
1902,2023-06-16,20:00,Monsoon,6,Friday,27.4,1007.7,78.5,22.6,Cloudy
1905,2023-06-18,03:00,Monsoon,6,Sunday,26.6,1004.4,89.9,20.7,Thunderstorm
1906,2023-06-19,08:00,Monsoon,6,Monday,32,998.7,92.4,26.2,Partly Cloudy
1907,2023-06-20,18:00,Monsoon,6,Tuesday,32,997.4,76.9,29.8,Cloudy
1911,2023-06-21,08:00,Monsoon,6,Wednesday,26.9,996.8,81.3,26.2,Light Rain
1912,2023-06-21,09:00,Monsoon,6,Wednesday,31.7,1001.7,85.4,27.9,Partly Cloudy
1910,2023-06-21,10:00,Monsoon,6,Wednesday,30.5,1005.9,70.6,27.1,
1909,2023-06-21,16:00,Monsoon,6,Wednesday,31.7,1000.4,69.9,20.2,Heavy Rain
1913,2023-06-21,17:00,Monsoon,6,Wednesday,25.9,1003.2,92.3,29.2,Partly Cloudy
1914,2023-06-21,19:00,Monsoon,6,Wednesday,26.8,996.4,87.6,30.3,Thunderstorm
1908,2023-06-21,23:00,Monsoon,6,Wednesday,22.4,1001,72.5,21.7,Light Rain
1917,2023-06-22,06:00,Monsoon,6,Thursday,29.3,1001.5,82.4,21.7,Partly Cloudy
1916,2023-06-22,07:00,Monsoon,6,Thursday,30.4,999.1,,24,Light Rain
1915,2023-06-22,12:00,Monsoon,6,Thursday,36.2,995.1,82.9,23,Thunderstorm
1918,2023-06-22,16:00,Monsoon,6,Thursday,33.7,1002,75.8,22.4,Partly Cloudy
1921,2023-06-23,14:00,Monsoon,6,Friday,29,995.9,82.5,30.7,Heavy Rain
1922,2023-06-23,19:00,Monsoon,6,Friday,18.9,999.3,74.1,28.8,Cloudy
1919,2023-06-23,20:00,Monsoon,6,Friday,19.9,1000,86.7,21.9,Heavy Rain
1920,2023-06-23,22:00,Monsoon,6,Friday,21.2,991.4,78,28.9,Heavy Rain
1924,2023-06-24,00:00,Monsoon,6,Saturday,19.5,1000,78.8,26.4,Cloudy
1923,2023-06-24,14:00,Monsoon,6,Saturday,31.3,997.3,78.4,23.8,Light Rain
1926,2023-06-25,04:00,Monsoon,6,Sunday,26.2,1001.2,75.1,27.4,Light Rain
1925,2023-06-25,13:00,Monsoon,6,Sunday,31.5,1003.8,97.5,24.7,Light Rain
1927,2023-06-26,10:00,Monsoon,6,Monday,29.9,994.8,53.3,21.2,Cloudy
1928,2023-06-26,15:00,Monsoon,6,Monday,30.1,996,100,28.2,Heavy Rain
1929,2023-06-27,01:00,Monsoon,6,Tuesday,23.4,1003.6,69.8,21.2,Heavy Rain
1930,2023-06-27,07:00,Monsoon,6,Tuesday,26.1,998.7,79.8,20.5,Heavy Rain
1931,2023-06-28,10:00,Monsoon,6,Wednesday,29.3,999.9,81.5,23.3,Light Rain
1932,2023-06-29,17:00,Monsoon,6,Thursday,27.4,999.8,89.4,,Light Rain
1934,2023-06-30,00:00,Monsoon,6,Friday,24.2,991.2,69.5,26.1,Clear
1933,2023-06-30,02:00,Monsoon,6,Friday,21.7,998.3,82.6,25.1,Heavy Rain
1935,2023-06-30,10:00,Monsoon,6,Friday,32.1,999.7,68.4,20.1,Cloudy
1936,2023-06-30,15:00,Monsoon,6,Friday,34,992,90.3,25.2,Thunderstorm
1940,2023-07-01,09:00,Monsoon,7,Saturday,35,998.7,71.1,26.6,Heavy Rain
1938,2023-07-01,15:00,Monsoon,7,Saturday,30.6,999.1,71.1,23.9,Clear
1937,2023-07-01,17:00,Monsoon,7,Saturday,26.6,998.7,71,24.1,Cloudy
1939,2023-07-01,22:00,Monsoon,7,Saturday,22.4,1001.7,,21.9,Light Rain
1944,2023-07-02,03:00,Monsoon,7,Sunday,,996.3,100,34.6,Cloudy
1942,2023-07-02,05:00,Monsoon,7,Sunday,24.9,1001.9,75.3,21.2,Heavy Rain
1945,2023-07-02,12:00,Monsoon,7,Sunday,,1000.2,90.2,31.7,Partly Cloudy
1941,2023-07-02,17:00,Monsoon,7,Sunday,29.7,994.1,76,20.6,Light Rain
1943,2023-07-02,18:00,Monsoon,7,Sunday,26,1003.9,84.3,29.5,Light Rain
1946,2023-07-03,23:00,Monsoon,7,Monday,,1007,73.8,23.5,Cloudy
1951,2023-07-04,00:00,Monsoon,7,Tuesday,20.7,997.1,83.4,22.9,Partly Cloudy
1948,2023-07-04,02:00,Monsoon,7,Tuesday,,992.8,65.5,22.9,Partly Cloudy
1950,2023-07-04,05:00,Monsoon,7,Tuesday,28.7,1005,70,22.7,Light Rain
1949,2023-07-04,09:00,Monsoon,7,Tuesday,30.2,1000.4,94.2,31.5,Cloudy
1947,2023-07-04,13:00,Monsoon,7,Tuesday,,1004.2,,,
1952,2023-07-04,22:00,Monsoon,7,Tuesday,21.6,1001.3,82,26.9,Cloudy
1955,2023-07-05,07:00,Monsoon,7,Wednesday,33,992.2,86,21.1,Light Rain
1954,2023-07-05,13:00,Monsoon,7,Wednesday,31.3,1004.4,91,22.9,Light Rain
1956,2023-07-05,18:00,Monsoon,7,Wednesday,23,1004,89,21.7,Light Rain
1953,2023-07-05,23:00,Monsoon,7,Wednesday,23.4,995.7,88.7,25.5,Clear
1958,2023-07-06,09:00,Monsoon,7,Thursday,29.4,998.2,98.5,20.9,Heavy Rain
1957,2023-07-06,13:00,Monsoon,7,Thursday,37.9,1003,88.6,21.1,Light Rain
1959,2023-07-06,16:00,Monsoon,7,Thursday,30.3,1004.3,92.1,26.2,Light Rain
1961,2023-07-07,05:00,Monsoon,7,Friday,25.9,996.1,84.9,25.9,Light Rain
1960,2023-07-07,08:00,Monsoon,7,Friday,28.1,998.1,100,24.3,Heavy Rain
1962,2023-07-07,10:00,Monsoon,7,Friday,33.2,1002.1,89.5,26.4,Heavy Rain
1965,2023-07-08,00:00,Monsoon,7,Saturday,22.9,996.1,96.3,34.1,Thunderstorm
1967,2023-07-08,04:00,Monsoon,7,Saturday,21.5,999.5,68.6,26.5,Cloudy
1963,2023-07-08,06:00,Monsoon,7,Saturday,27.4,998,59,33.7,Light Rain
1968,2023-07-08,08:00,Monsoon,7,Saturday,31.2,999.7,62.3,26.1,
1964,2023-07-08,16:00,Monsoon,7,Saturday,29.8,1000.5,81.2,20.3,Partly Cloudy
1964,2023-07-08,16:00,Monsoon,7,Saturday,29.8,1000.5,81.2,20.3,Partly Cloudy
1969,2023-07-08,17:00,Monsoon,7,Saturday,28.9,995.1,72.1,22.8,Light Rain
1966,2023-07-08,21:00,Monsoon,7,Saturday,21.5,998.3,66.9,25.7,Clear
1972,2023-07-10,01:00,Monsoon,7,Monday,,1005.6,69.4,25.5,Cloudy
1974,2023-07-10,05:00,Monsoon,7,Monday,,997.7,74.7,20.3,Partly Cloudy
1973,2023-07-10,10:00,Monsoon,7,Monday,,1004.9,87.4,22.6,Clear
1971,2023-07-10,20:00,Monsoon,7,Monday,,998.1,67.4,23.8,
1970,2023-07-10,23:00,Monsoon,7,Monday,,997.4,82.9,28.9,Heavy Rain
1976,2023-07-11,03:00,Monsoon,7,Tuesday,21.6,1004.1,81.9,21.7,Heavy Rain
1975,2023-07-11,07:00,Monsoon,7,Tuesday,29.4,1002.9,74,22.2,Light Rain
1977,2023-07-11,17:00,Monsoon,7,Tuesday,27.5,996.2,90.2,21.4,Light Rain
1979,2023-07-12,04:00,Monsoon,7,Wednesday,22.7,994.4,91,33.5,
1978,2023-07-12,10:00,Monsoon,7,Wednesday,32.6,995.9,84,27,Light Rain
1980,2023-07-12,14:00,Monsoon,7,Wednesday,32.5,998.1,80.1,26.4,Clear
1982,2023-07-13,01:00,Monsoon,7,Thursday,22.2,999.5,78.2,29.7,Clear
1981,2023-07-13,17:00,Monsoon,7,Thursday,30.8,1006.1,67.4,21.8,Light Rain
1984,2023-07-14,10:00,Monsoon,7,Friday,34.5,1005.5,91.2,23.9,Clear
1983,2023-07-14,21:00,Monsoon,7,Friday,18.7,1004.2,74.6,25.1,Cloudy
1986,2023-07-15,03:00,Monsoon,7,Saturday,,993.4,72,28.1,Thunderstorm
1986,2023-07-15,03:00,Monsoon,7,Saturday,,993.4,72,28.1,Thunderstorm
1988,2023-07-15,06:00,Monsoon,7,Saturday,29.7,1006.6,62,27.3,Heavy Rain
1989,2023-07-15,10:00,Monsoon,7,Saturday,31,1004.2,87.2,20.7,Light Rain
1985,2023-07-15,12:00,Monsoon,7,Saturday,30.2,998.3,75.6,25.1,Heavy Rain
1987,2023-07-15,21:00,Monsoon,7,Saturday,25.6,996.7,90.3,28.6,Thunderstorm
1990,2023-07-15,21:00,Monsoon,7,Saturday,21.9,1000.8,90.2,20.4,Heavy Rain
1994,2023-07-16,00:00,Monsoon,7,Sunday,23,995.2,68,26.7,Thunderstorm
1992,2023-07-16,03:00,Monsoon,7,Sunday,25.7,1002.1,72.7,22.5,Partly Cloudy
1993,2023-07-16,14:00,Monsoon,7,Sunday,34.4,1003,,21.2,Cloudy
1991,2023-07-16,23:00,Monsoon,7,Sunday,23.2,1000.9,89.9,26.5,Heavy Rain
1996,2023-07-17,02:00,Monsoon,7,Monday,22,992.1,66.6,26.8,Cloudy
1998,2023-07-17,05:00,Monsoon,7,Monday,28.6,997.8,91,21,Thunderstorm
1997,2023-07-17,13:00,Monsoon,7,Monday,32,1000,73.9,25.3,Clear
1995,2023-07-17,22:00,Monsoon,7,Monday,20.9,999,73.9,31.2,Partly Cloudy
2000,2023-07-18,00:00,Monsoon,7,Tuesday,21.7,1001.6,69.2,22.5,Cloudy
2001,2023-07-18,05:00,Monsoon,7,Tuesday,22.1,1006.9,96.4,21.3,Cloudy
2002,2023-07-18,05:00,Monsoon,7,Tuesday,25.4,999.1,80.8,32.6,Partly Cloudy
2004,2023-07-18,15:00,Monsoon,7,Tuesday,31.4,999.6,93,24.4,Clear
1999,2023-07-18,17:00,Monsoon,7,Tuesday,30.5,1000.4,82.2,25.2,Light Rain
2003,2023-07-18,20:00,Monsoon,7,Tuesday,19.5,997.5,78.3,,Light Rain
2005,2023-07-19,04:00,Monsoon,7,Wednesday,26.3,998.8,68.1,22.4,Cloudy
2007,2023-07-19,09:00,Monsoon,7,Wednesday,30.9,1000.9,69.9,21.1,Light Rain
2006,2023-07-19,16:00,Monsoon,7,Wednesday,27.3,,77.1,20.4,Thunderstorm
2011,2023-07-20,02:00,Monsoon,7,Thursday,25.6,996.5,87.5,22.4,Heavy Rain
2010,2023-07-20,06:00,Monsoon,7,Thursday,23.9,999.6,84.9,21.6,Light Rain
2009,2023-07-20,17:00,Monsoon,7,Thursday,31.8,994.5,69.5,21.6,Partly Cloudy
2008,2023-07-20,20:00,Monsoon,7,Thursday,24.2,995.6,83.8,30,Light Rain
2012,2023-07-21,12:00,Monsoon,7,Friday,29.6,996.9,68.9,21.7,Light Rain
2013,2023-07-21,14:00,Monsoon,7,Friday,34.2,993.8,81.1,34,Thunderstorm
2014,2023-07-21,19:00,Monsoon,7,Friday,29.2,997.7,80,23.9,Light Rain
2015,2023-07-22,18:00,Monsoon,7,Saturday,30,1000.5,93.7,22.7,Partly Cloudy
2016,2023-07-23,02:00,Monsoon,7,Sunday,27.4,995.5,87.1,20.3,Thunderstorm
2017,2023-07-23,03:00,Monsoon,7,Sunday,55,999.2,90.8,20,Light Rain
2019,2023-07-24,00:00,Monsoon,7,Monday,21.1,1009.8,72.4,22.9,Clear
2020,2023-07-24,03:00,Monsoon,7,Monday,19.4,1003.3,84.3,28.3,Light Rain
2018,2023-07-24,04:00,Monsoon,7,Monday,20.9,999.2,90.5,23,Light Rain
2021,2023-07-24,11:00,Monsoon,7,Monday,35,998.3,82.2,26,Heavy Rain
2023,2023-07-25,09:00,Monsoon,7,Tuesday,31.9,1004.6,79.6,25.9,Clear
2025,2023-07-25,20:00,Monsoon,7,Tuesday,20.3,1000.1,81.9,24.1,Clear
2024,2023-07-25,22:00,Monsoon,7,Tuesday,25.1,996.6,94.2,24.3,Cloudy
2022,2023-07-25,23:00,Monsoon,7,Tuesday,22.6,1002.9,72.4,21.1,Thunderstorm
2028,2023-07-26,12:00,Monsoon,7,Wednesday,31.2,999.7,81,25.4,Clear
2030,2023-07-26,13:00,Monsoon,7,Wednesday,26.6,992.9,66,24.3,Heavy Rain
2026,2023-07-26,19:00,Monsoon,7,Wednesday,27.3,993.1,81.3,22.4,Thunderstorm
2029,2023-07-26,22:00,Monsoon,7,Wednesday,20,1000.5,100,28.9,Cloudy
2027,2023-07-26,23:00,Monsoon,7,Wednesday,21.1,994.7,75.1,33.4,Partly Cloudy
2032,2023-07-27,04:00,Monsoon,7,Thursday,24.1,1002.2,86.8,20.5,Clear
2031,2023-07-27,22:00,Monsoon,7,Thursday,21,993.7,68.4,25.5,Light Rain
2033,2023-07-28,03:00,Monsoon,7,Friday,25.6,1002,82.8,27.1,Cloudy
2038,2023-07-28,06:00,Monsoon,7,Friday,28.2,997.2,75.3,23.4,Cloudy
2035,2023-07-28,09:00,Monsoon,7,Friday,29.3,995.4,91.9,20.5,Heavy Rain
2037,2023-07-28,09:00,Monsoon,7,Friday,30.8,997.1,80,20.8,Cloudy
2034,2023-07-28,13:00,Monsoon,7,Friday,32.7,920,64.6,29.4,Light Rain
2036,2023-07-28,16:00,Monsoon,7,Friday,30.7,991.9,85.2,21.5,Thunderstorm
2040,2023-07-29,00:00,Monsoon,7,Saturday,22.3,994.6,79.2,25.5,Light Rain
2044,2023-07-29,05:00,Monsoon,7,Saturday,26.9,995,74.1,23.3,Heavy Rain
2043,2023-07-29,08:00,Monsoon,7,Saturday,27.4,1004.1,73.6,24.2,Light Rain
2039,2023-07-29,15:00,Monsoon,7,Saturday,33.9,996.2,80.9,27.5,Light Rain
2041,2023-07-29,16:00,Monsoon,7,Saturday,30.9,1004.1,84.5,20.8,Clear
2042,2023-07-29,20:00,Monsoon,7,Saturday,24.8,1008.6,64.3,28.7,Clear
2046,2023-07-30,12:00,Monsoon,7,Sunday,30,997.6,97.5,23.8,Thunderstorm
2045,2023-07-30,18:00,Monsoon,7,Sunday,26.8,1004,96.2,30.7,Light Rain
2047,2023-07-31,02:00,Monsoon,7,Monday,23.8,997.1,73.5,22.7,Light Rain
2048,2023-07-31,06:00,Monsoon,7,Monday,24.4,1001.2,89.1,22.2,Light Rain
2052,2023-08-01,04:00,Monsoon,8,Tuesday,26.6,1001.1,74.2,23,Light Rain
2050,2023-08-01,08:00,Monsoon,8,Tuesday,33.4,998.4,83,22.1,Partly Cloudy
2053,2023-08-01,09:00,Monsoon,8,Tuesday,31.4,1011.2,96,28.7,Cloudy
2049,2023-08-01,21:00,Monsoon,8,Tuesday,19,998.9,78.7,20.2,Clear
2051,2023-08-01,21:00,Monsoon,8,Tuesday,24.1,1001.1,79.1,27.6,Heavy Rain
2055,2023-08-02,16:00,Monsoon,8,Wednesday,31,1004.4,81.5,30,Heavy Rain
2054,2023-08-02,22:00,Monsoon,8,Wednesday,20.6,1007.6,75,20.1,Thunderstorm
2059,2023-08-03,02:00,Monsoon,8,Thursday,21.3,997,92.4,20.4,Thunderstorm
2061,2023-08-03,08:00,Monsoon,8,Thursday,27.3,997.7,76.1,24.1,Light Rain
2056,2023-08-03,11:00,Monsoon,8,Thursday,36,998.1,99.7,22.1,Heavy Rain
2058,2023-08-03,15:00,Monsoon,8,Thursday,32.2,998.5,83.2,20.2,Thunderstorm
2060,2023-08-03,21:00,Monsoon,8,Thursday,,995.1,69.8,21.3,Light Rain
2057,2023-08-03,22:00,Monsoon,8,Thursday,24.2,1002.8,93.7,,Heavy Rain
2063,2023-08-04,04:00,Monsoon,8,Friday,22,1005.7,80.7,35.9,Cloudy
2065,2023-08-04,12:00,Monsoon,8,Friday,28.8,998.7,96.7,24.8,Partly Cloudy
2062,2023-08-04,14:00,Monsoon,8,Friday,31.9,994.2,65.4,20.4,Heavy Rain
2064,2023-08-04,22:00,Monsoon,8,Friday,23.9,1002.6,66.6,26.8,Clear
2066,2023-08-05,13:00,Monsoon,8,Saturday,29.7,997.3,86.9,21.2,Cloudy
2067,2023-08-06,19:00,Monsoon,8,Sunday,25.2,1005.6,80.3,28.6,Light Rain
2071,2023-08-07,12:00,Monsoon,8,Monday,36.4,997.2,67.9,20.2,Light Rain
2068,2023-08-07,14:00,Monsoon,8,Monday,33.7,1001.2,75.7,31.7,Light Rain
2069,2023-08-07,15:00,Monsoon,8,Monday,32.6,997.5,85.9,23.6,Light Rain
2070,2023-08-07,22:00,Monsoon,8,Monday,21.2,1004.9,82.1,21.6,Light Rain
2074,2023-08-08,07:00,Monsoon,8,Tuesday,23.9,1004.4,86.6,25.5,Cloudy
2072,2023-08-08,16:00,Monsoon,8,Tuesday,29.6,1007.1,87.9,,Light Rain
2073,2023-08-08,22:00,Monsoon,8,Tuesday,25,997.1,90.7,23.9,Thunderstorm
2076,2023-08-09,01:00,Monsoon,8,Wednesday,20,995.6,87.7,29.5,Cloudy
2075,2023-08-09,20:00,Monsoon,8,Wednesday,25.2,999.6,63.2,27.4,Thunderstorm
2077,2023-08-10,04:00,Monsoon,8,Thursday,26.8,1000.6,99.9,20.9,Cloudy
2078,2023-08-11,05:00,Monsoon,8,Friday,23.2,999.6,64.4,24.2,Light Rain
2079,2023-08-11,11:00,Monsoon,8,Friday,32.2,998,100,21.3,Cloudy
2080,2023-08-11,17:00,Monsoon,8,Friday,28.2,1008.7,92.6,20.8,Light Rain
2081,2023-08-11,21:00,Monsoon,8,Friday,23.3,994.9,80.3,24.1,Partly Cloudy
2082,2023-08-11,21:00,Monsoon,8,Friday,23,1006.5,69,30.4,Heavy Rain
2083,2023-08-12,00:00,Monsoon,8,Saturday,25.7,1000.3,71.3,21.2,Partly Cloudy
2086,2023-08-12,09:00,Monsoon,8,Saturday,32.4,994.6,91,25.2,Cloudy
2085,2023-08-12,10:00,Monsoon,8,Saturday,31.5,1002,82.1,21.8,Partly Cloudy
2084,2023-08-12,16:00,Monsoon,8,Saturday,30.8,1000.5,72.2,20.8,cloudy
2089,2023-08-13,09:00,Monsoon,8,Sunday,30.5,1004.8,70.4,27.9,Cloudy
2088,2023-08-13,13:00,Monsoon,8,Sunday,34.4,1000.2,76.1,30.8,Thunderstorm
2087,2023-08-13,18:00,Monsoon,8,Sunday,25.2,999.2,74.7,22.4,Partly Cloudy
2090,2023-08-14,14:00,Monsoon,8,Monday,34.5,998.9,79.5,21.5,Partly Cloudy
2091,2023-08-14,18:00,Monsoon,8,Monday,31.6,1000.3,80.7,23.5,Cloudy
2093,2023-08-15,01:00,Monsoon,8,Tuesday,20.2,1001.5,95.9,26.3,Clear
2092,2023-08-15,03:00,Monsoon,8,Tuesday,23.9,993.4,82.7,28.1,Clear
2094,2023-08-15,08:00,Monsoon,8,Tuesday,33.8,1001.8,70.6,25.9,Thunderstorm
2095,2023-08-16,09:00,Monsoon,8,Wednesday,34,997.6,83.6,26.1,Light Rain
2096,2023-08-16,10:00,Monsoon,8,Wednesday,35.4,1007.2,95.9,28.5,Partly Cloudy
2097,2023-08-16,13:00,Monsoon,8,Wednesday,31.7,995.7,63.8,23.9,Clear
2098,2023-08-17,06:00,Monsoon,8,Thursday,26.5,993.2,82.8,27.6,Cloudy
2100,2023-08-17,14:00,Monsoon,8,Thursday,32.8,1000.7,89.5,20.5,Heavy Rain
2102,2023-08-17,18:00,Monsoon,8,Thursday,26.6,1006.7,65.4,28.3,Cloudy
2101,2023-08-17,21:00,Monsoon,8,Thursday,21.2,998,70.1,22.8,Light Rain
2103,2023-08-17,21:00,Monsoon,8,Thursday,28,996.4,86.3,20.5,Cloudy
2099,2023-08-17,22:00,Monsoon,8,Thursday,20.2,1000.1,73,23.7,Heavy Rain
2104,2023-08-18,14:00,Monsoon,8,Friday,33.7,1005.4,83.8,27.2,Clear
2106,2023-08-19,07:00,Monsoon,8,Saturday,30.3,998.2,100,22.3,Cloudy
2105,2023-08-19,23:00,Monsoon,8,Saturday,24.3,1002.2,83.7,23.9,
2107,2023-08-20,10:00,Monsoon,8,Sunday,37,999.9,66.7,33,Light Rain
2108,2023-08-21,08:00,Monsoon,8,Monday,32.8,995.8,85.7,27.8,Heavy Rain
2109,2023-08-21,14:00,Monsoon,8,Monday,32.2,996.1,74.3,20.2,Partly Cloudy
2110,2023-08-22,00:00,Monsoon,8,Tuesday,15.6,999.7,88.2,22.5,Cloudy
2111,2023-08-22,00:00,Monsoon,8,Tuesday,19.9,997.9,91.7,22.8,Light Rain
2113,2023-08-24,02:00,Monsoon,8,Thursday,22.7,1000.5,68.8,23.8,Heavy Rain
2115,2023-08-24,07:00,Monsoon,8,Thursday,27.2,1003.6,77,27.7,Cloudy
2114,2023-08-24,09:00,Monsoon,8,Thursday,37.1,1003.9,80.8,21.3,Heavy Rain
2114,2023-08-24,09:00,Monsoon,8,Thursday,37.1,1003.9,80.8,21.3,Heavy Rain
2112,2023-08-24,18:00,Monsoon,8,Thursday,25.8,997.8,66.2,23.9,Partly Cloudy
2118,2023-08-25,00:00,Monsoon,8,Friday,19.6,995.8,82.3,25.4,Partly Cloudy
2117,2023-08-25,09:00,Monsoon,8,Friday,32.7,1001.5,95.8,26.8,Thunderstorm
2116,2023-08-25,14:00,Monsoon,8,Friday,32.2,1001.7,94.7,26.7,Light Rain
2119,2023-08-25,17:00,Monsoon,8,Friday,,1001.6,92.4,21,Light Rain
2124,2023-08-27,00:00,Monsoon,8,Sunday,25.6,992.7,74.9,20.4,Heavy Rain
2120,2023-08-27,01:00,Monsoon,8,Sunday,22.4,1002.2,97.7,22.1,Partly Cloudy
2122,2023-08-27,12:00,Monsoon,8,Sunday,30.7,1002.3,77.8,22.1,Light Rain
2121,2023-08-27,18:00,Monsoon,8,Sunday,23.8,1006.1,85.7,24.2,Cloudy
2123,2023-08-27,21:00,Monsoon,8,Sunday,20.2,1001.8,80.9,24.5,Heavy Rain
2125,2023-08-28,01:00,Monsoon,8,Monday,20.2,999.8,85,20.5,Light Rain
2128,2023-08-28,12:00,Monsoon,8,Monday,36.6,1003,91.7,27.4,Cloudy
2127,2023-08-28,14:00,Monsoon,8,Monday,27.5,1001.5,72.8,20.6,Clear
2126,2023-08-28,15:00,Monsoon,8,Monday,32.2,1001.5,71.5,27.9,Partly Cloudy
2129,2023-08-29,15:00,Monsoon,8,Tuesday,34.5,1000.4,63.1,23.7,Heavy Rain
2130,2023-08-29,16:00,Monsoon,8,Tuesday,29.7,1005.7,80,33.3,Heavy Rain
2132,2023-08-30,06:00,Monsoon,8,Wednesday,26.4,997.2,80,21.3,Light Rain
2134,2023-08-30,16:00,Monsoon,8,Wednesday,28,1002.9,86.8,25.7,Light Rain
2131,2023-08-30,20:00,Monsoon,8,Wednesday,23,997.2,86.6,28.5,Light Rain
2133,2023-08-30,23:00,Monsoon,8,Wednesday,25.5,1001.7,73.4,22.9,Light Rain
2139,2023-08-31,02:00,Monsoon,8,Thursday,19.6,1005.6,76.9,21.3,Thunderstorm
2137,2023-08-31,04:00,Monsoon,8,Thursday,23.6,999.7,78.5,25.8,Clear
2135,2023-08-31,06:00,Monsoon,8,Thursday,28.8,992.4,76.6,26.3,Cloudy
2136,2023-08-31,12:00,Monsoon,8,Thursday,29.9,997.9,81.6,22.1,Cloudy
2138,2023-08-31,16:00,Monsoon,8,Thursday,28.9,997,62.3,23.9,Light Rain
2140,2023-09-01,06:00,Monsoon,9,Friday,25.7,999.7,81,22.2,Cloudy
2142,2023-09-01,06:00,Monsoon,9,Friday,28.3,999.7,65.1,29.8,Thunderstorm
2141,2023-09-01,16:00,Monsoon,9,Friday,30.7,995,92.3,23.9,Heavy Rain
2143,2023-09-01,20:00,Monsoon,9,Friday,25.2,1004.7,70.7,28.8,Heavy Rain
2144,2023-09-02,00:00,Monsoon,9,Saturday,22.5,995.9,78.2,,Cloudy
2148,2023-09-02,02:00,Monsoon,9,Saturday,21.5,1001.8,89.2,21.7,Light Rain
2147,2023-09-02,10:00,Monsoon,9,Saturday,31.6,1001.2,81.7,27.4,Heavy Rain
2149,2023-09-02,14:00,Monsoon,9,Saturday,31.5,996.3,71.8,24.7,Cloudy
2145,2023-09-02,16:00,Monsoon,9,Saturday,27.8,995.2,72.3,20.3,Cloudy
2146,2023-09-02,16:00,Monsoon,9,Saturday,27.4,995.8,77.6,25.7,Light Rain
2150,2023-09-03,20:00,Monsoon,9,Sunday,23.6,1004.2,72.1,25.2,Light Rain
2151,2023-09-04,10:00,Monsoon,9,Monday,33.3,998.4,82.3,27.5,Cloudy
2152,2023-09-04,15:00,Monsoon,9,Monday,31.6,1002.2,77.9,25,Partly Cloudy
2153,2023-09-04,21:00,Monsoon,9,Monday,23.9,1003.1,84.3,30.2,Heavy Rain
2157,2023-09-05,00:00,Monsoon,9,Tuesday,19.5,997.4,66.4,29.1,Heavy Rain
2154,2023-09-05,08:00,Monsoon,9,Tuesday,,998.1,75.5,,Thunderstorm
2160,2023-09-05,08:00,Monsoon,9,Tuesday,25.5,1004.9,77.8,24,Cloudy
2159,2023-09-05,15:00,Monsoon,9,Tuesday,29.8,1000.7,83.7,27.8,Partly Cloudy
2161,2023-09-05,18:00,Monsoon,9,Tuesday,26,1006.3,76.8,23.2,Light Rain
2158,2023-09-05,21:00,Monsoon,9,Tuesday,22.7,1005,93,27.6,Partly Cloudy
2155,2023-09-05,23:00,Monsoon,9,Tuesday,23.3,995.8,90.2,20.1,Light Rain
2156,2023-09-05,23:00,Monsoon,9,Tuesday,18.9,999.6,80.9,102.3,Thunderstorm
2162,2023-09-06,11:00,Monsoon,9,Wednesday,25.3,995.9,78.3,37,Clear
2163,2023-09-06,18:00,Monsoon,9,Wednesday,29.2,993.9,78,29.6,Cloudy
2166,2023-09-07,06:00,Monsoon,9,Thursday,25.3,1004.9,77.6,25.4,Thunderstorm
2165,2023-09-07,08:00,Monsoon,9,Thursday,34.2,998,63.9,24.6,
2164,2023-09-07,21:00,Monsoon,9,Thursday,18.6,1001.6,76.7,25.5,Heavy Rain
2170,2023-09-08,01:00,Monsoon,9,Friday,20.6,1008.4,78.6,33.2,Cloudy
2171,2023-09-08,08:00,Monsoon,9,Friday,33.3,996.4,72.9,25.1,Thunderstorm
2167,2023-09-08,13:00,Monsoon,9,Friday,33.2,1002,95.1,,Heavy Rain
2168,2023-09-08,18:00,Monsoon,9,Friday,24.3,1001.1,72.1,22.7,Cloudy
2169,2023-09-08,18:00,Monsoon,9,Friday,24.8,1001.2,84.9,22.2,Clear
2174,2023-09-09,02:00,Monsoon,9,Saturday,27.4,999.6,81.7,27.9,Light Rain
2175,2023-09-09,10:00,Monsoon,9,Saturday,27.5,990.4,81,20.7,Heavy Rain
2172,2023-09-09,12:00,Monsoon,9,Saturday,31.6,997.2,95.2,25.5,Cloudy
2173,2023-09-09,14:00,Monsoon,9,Saturday,34.3,1006.6,70.7,32,Heavy Rain
2176,2023-09-10,20:00,Monsoon,9,Sunday,23.8,1006.8,71.7,22.5,Cloudy
2177,2023-09-11,13:00,Monsoon,9,Monday,31.1,994.7,84.3,26.3,Light Rain
2178,2023-09-12,07:00,Monsoon,9,Tuesday,68,998.4,69.3,21.7,Thunderstorm
2181,2023-09-12,15:00,Monsoon,9,Tuesday,30.8,995.6,77.6,22,Heavy Rain
2179,2023-09-12,17:00,Monsoon,9,Tuesday,30.2,997.6,86.1,25.1,Light Rain
2180,2023-09-12,18:00,Monsoon,9,Tuesday,25.8,1000.4,68.1,20.1,Heavy Rain
2182,2023-09-13,01:00,Monsoon,9,Wednesday,21.1,1001.6,84,31.5,Heavy Rain
2183,2023-09-13,07:00,Monsoon,9,Wednesday,28,1003.8,85.8,34,Light Rain
2185,2023-09-14,05:00,Monsoon,9,Thursday,23.1,1001.5,71,26.9,Heavy Rain
2184,2023-09-14,21:00,Monsoon,9,Thursday,25.4,991.6,76.8,26.1,Light Rain
2189,2023-09-15,03:00,Monsoon,9,Friday,17.2,994.6,55.1,25.2,Partly Cloudy
2188,2023-09-15,07:00,Monsoon,9,Friday,22.8,989.9,90.7,24.1,Thunderstorm
2186,2023-09-15,11:00,Monsoon,9,Friday,33.8,997.1,62.6,22.2,Partly Cloudy
2187,2023-09-15,14:00,Monsoon,9,Friday,33.7,1003,100,20.9,Partly Cloudy
2190,2023-09-15,14:00,Monsoon,9,Friday,34,1000.3,89.7,28.2,Heavy Rain
2192,2023-09-15,16:00,Monsoon,9,Friday,29.8,1000.9,76.9,23.9,Partly Cloudy
2191,2023-09-15,19:00,Monsoon,9,Friday,23.1,998.5,84.1,24.3,Light Rain
2195,2023-09-16,01:00,Monsoon,9,Saturday,18.8,992.4,72.5,21.2,Cloudy
2193,2023-09-16,12:00,Monsoon,9,Saturday,30.2,1000.3,73.7,26,
2196,2023-09-16,12:00,Monsoon,9,Saturday,36,998.1,97.9,26.9,Heavy Rain
2197,2023-09-16,12:00,Monsoon,9,Saturday,33.3,1000.4,83.4,22.3,Cloudy
2194,2023-09-16,17:00,Monsoon,9,Saturday,31.5,996.8,89.4,21.8,Heavy Rain
2201,2023-09-17,09:00,Monsoon,9,Sunday,30.9,998.5,89.9,24,
2199,2023-09-17,14:00,Monsoon,9,Sunday,28.8,1003,87.5,29,Light Rain
2200,2023-09-17,19:00,Monsoon,9,Sunday,23.7,999.6,77,26.1,Thunderstorm
2198,2023-09-17,21:00,Monsoon,9,Sunday,26.6,1007.1,61.4,36.2,Cloudy
2202,2023-09-18,02:00,Monsoon,9,Monday,21.9,1000.3,,,
2203,2023-09-18,18:00,Monsoon,9,Monday,24.2,1006.9,99.4,20.4,Clear
2204,2023-09-19,02:00,Monsoon,9,Tuesday,19.3,996.7,70,21.6,Heavy Rain
2205,2023-09-19,21:00,Monsoon,9,Tuesday,22.7,996.5,73.5,21.1,Cloudy
2207,2023-09-20,07:00,Monsoon,9,Wednesday,27.8,999.9,81.6,27.6,Heavy Rain
2206,2023-09-20,13:00,Monsoon,9,Wednesday,,994.2,83.3,32,Light Rain
2208,2023-09-20,22:00,Monsoon,9,Wednesday,23.7,1001.7,80.7,24.1,Cloudy
2209,2023-09-21,03:00,Monsoon,9,Thursday,24.2,1004,81.4,23.4,Cloudy
2211,2023-09-21,10:00,Monsoon,9,Thursday,28.4,1001.6,81.8,21,Thunderstorm
2212,2023-09-21,10:00,Monsoon,9,Thursday,34.6,1001.2,86.1,22.5,Heavy Rain
2210,2023-09-21,19:00,Monsoon,9,Thursday,25.2,996.8,82.8,22.9,Clear
2214,2023-09-22,01:00,Monsoon,9,Friday,22.1,1001.3,85.3,25.1,Cloudy
2213,2023-09-22,10:00,Monsoon,9,Friday,35,1001.3,79.2,21.6,Partly Cloudy
2215,2023-09-22,16:00,Monsoon,9,Friday,28.3,1003.1,76.8,,Clear
2217,2023-09-23,01:00,Monsoon,9,Saturday,21.3,999.1,74.9,23.9,Light Rain
2216,2023-09-23,08:00,Monsoon,9,Saturday,34.6,1004.5,93.7,24.6,Heavy Rain
2218,2023-09-23,23:00,Monsoon,9,Saturday,24.2,1001.6,80.5,20.2,Clear
2219,2023-09-24,14:00,Monsoon,9,Sunday,30.6,996.7,82,20.5,Thunderstorm
2220,2023-09-24,15:00,Monsoon,9,Sunday,28.1,999.2,100,25,Light Rain
2221,2023-09-25,03:00,Monsoon,9,Monday,20,1000.1,71.3,20.6,Cloudy
2224,2023-09-25,04:00,Monsoon,9,Monday,22.9,997.7,82.2,20.2,Cloudy
2222,2023-09-25,07:00,Monsoon,9,Monday,27.7,1001.7,68.7,21.4,Light Rain
2223,2023-09-25,08:00,Monsoon,9,Monday,27.6,998.5,73.8,25.2,Thunderstorm
2227,2023-09-26,06:00,Monsoon,9,Tuesday,26.3,1003.7,90.1,21.5,Cloudy
2226,2023-09-26,12:00,Monsoon,9,Tuesday,,1004.4,93.5,21.1,Heavy Rain
2225,2023-09-26,15:00,Monsoon,9,Tuesday,30,999.6,82.7,21.4,Heavy Rain
2229,2023-09-26,16:00,Monsoon,9,Tuesday,30.3,1000.9,66.5,20.2,Cloudy
2228,2023-09-26,19:00,Monsoon,9,Tuesday,26.9,999.9,63.4,21.1,Light Rain
2230,2023-09-27,02:00,Monsoon,9,Wednesday,22.3,1001,81.3,22.4,Light Rain
2231,2023-09-27,04:00,Monsoon,9,Wednesday,24.1,995.2,76.7,26.7,Clear
2232,2023-09-27,18:00,Monsoon,9,Wednesday,24.6,998.3,98,28.7,Cloudy
2233,2023-09-28,11:00,Monsoon,9,Thursday,34.4,998,54.6,27,Light Rain
2236,2023-09-29,05:00,Monsoon,9,Friday,26.4,1003.9,76.4,22,Light Rain
2234,2023-09-29,06:00,Monsoon,9,Friday,28,1001.2,75.7,21.5,Cloudy
2235,2023-09-29,08:00,Monsoon,9,Friday,29.2,1005.6,76.3,25.2,Heavy Rain
2237,2023-09-29,16:00,Monsoon,9,Friday,30.2,999.4,63.1,26.4,
2240,2023-09-30,02:00,Monsoon,9,Saturday,19.1,995.7,54.7,22.6,Light Rain
2238,2023-09-30,15:00,Monsoon,9,Saturday,32.7,1006.9,85.1,27.1,Partly Cloudy
2241,2023-09-30,20:00,Monsoon,9,Saturday,26,1003.4,83.2,21.9,Heavy Rain
2239,2023-09-30,22:00,Monsoon,9,Saturday,19.4,1002.4,70.5,25.6,Heavy Rain
2242,2023-10-01,03:00,Post-Monsoon,10,Sunday,19.7,1018.1,63,12.1,Clear
2243,2023-10-01,09:00,Post-Monsoon,10,Sunday,33.4,1007.7,68.1,19.1,Light Rain
2244,2023-10-02,04:00,Post-Monsoon,10,Monday,22.3,1005.8,68.9,22.5,Partly Cloudy
2247,2023-10-02,09:00,Post-Monsoon,10,Monday,27.9,1011.4,68.1,17.1,Haze
2245,2023-10-02,20:00,Post-Monsoon,10,Monday,24.2,1013,72.1,12.7,Clear
2246,2023-10-02,21:00,Post-Monsoon,10,Monday,19.6,1005.9,61.5,12.5,Haze
2249,2023-10-03,09:00,Post-Monsoon,10,Tuesday,33.6,1011.5,54.2,11.4,Clear
2251,2023-10-03,10:00,Post-Monsoon,10,Tuesday,29.1,1010.2,75.8,13.1,Clear
2248,2023-10-03,11:00,Post-Monsoon,10,Tuesday,30.7,1005.5,69.5,16.7,Clear
2250,2023-10-03,12:00,Post-Monsoon,10,Tuesday,32.6,1014.3,64.3,12.2,Cloudy
2254,2023-10-04,07:00,Post-Monsoon,10,Wednesday,22.1,1010.7,50.4,11.7,Clear
2255,2023-10-04,07:00,Post-Monsoon,10,Wednesday,20,1015.7,,13.2,Partly Cloudy
2256,2023-10-04,07:00,Post-Monsoon,10,Wednesday,26.3,1015.6,63.2,19.2,Light Rain
2253,2023-10-04,15:00,Post-Monsoon,10,Wednesday,27.9,1013.8,78.9,14.2,Cloudy
2252,2023-10-04,21:00,Post-Monsoon,10,Wednesday,25,,47.9,12.3,Partly Cloudy
2258,2023-10-05,01:00,Post-Monsoon,10,Thursday,20.6,1013.5,71.8,12,Partly Cloudy
2260,2023-10-05,09:00,Post-Monsoon,10,Thursday,27.3,1011.9,69.3,13.2,Partly Cloudy
2259,2023-10-05,11:00,Post-Monsoon,10,Thursday,26.9,1019,55.3,19.8,Cloudy
2257,2023-10-05,12:00,Post-Monsoon,10,Thursday,29.8,1012.4,52.8,10.8,Cloudy
2262,2023-10-06,10:00,Post-Monsoon,10,Friday,25.7,1014.7,71.9,10.3,Partly Cloudy
2261,2023-10-06,11:00,Post-Monsoon,10,Friday,31.3,1011,58,16.6,Clear
2263,2023-10-06,14:00,Post-Monsoon,10,Friday,28.7,1014.8,73.1,11.7,Partly Cloudy
2266,2023-10-07,01:00,Post-Monsoon,10,Saturday,16.4,1015.4,53.1,16.6,Partly Cloudy
2268,2023-10-07,11:00,Post-Monsoon,10,Saturday,28.6,1012.1,66.7,12.5,Partly Cloudy
2264,2023-10-07,15:00,Post-Monsoon,10,Saturday,32,1015.2,54.6,19.9,Haze
2265,2023-10-07,16:00,Post-Monsoon,10,Saturday,24.5,1008.8,58.3,20.5,Cloudy
2267,2023-10-07,17:00,Post-Monsoon,10,Saturday,25.5,1009.1,67.2,11.5,Cloudy
2273,2023-10-08,05:00,Post-Monsoon,10,Sunday,14.4,1008.6,63.3,11.8,Haze
2272,2023-10-08,16:00,Post-Monsoon,10,Sunday,24.4,1016.7,56.2,14.3,Clear
2271,2023-10-08,17:00,Post-Monsoon,10,Sunday,25.8,1013.7,70.2,16.5,Partly Cloudy
2269,2023-10-08,18:00,Post-Monsoon,10,Sunday,26.5,1015.6,68.1,13.8,Clear
2270,2023-10-08,22:00,Post-Monsoon,10,Sunday,19.4,1010.5,68.3,13.6,Light Rain
2274,2023-10-09,14:00,Post-Monsoon,10,Monday,28.4,1009.3,55.5,18.6,Cloudy
2278,2023-10-10,00:00,Post-Monsoon,10,Tuesday,20.6,1015.5,68.8,11,Clear
2275,2023-10-10,02:00,Post-Monsoon,10,Tuesday,20,1008.4,57.8,13.4,
2277,2023-10-10,02:00,Post-Monsoon,10,Tuesday,17.3,1010.9,80.1,19.8,Cloudy
2283,2023-10-10,03:00,Post-Monsoon,10,Tuesday,21.3,1010.8,59.1,11.7,Clear
2276,2023-10-10,05:00,Post-Monsoon,10,Tuesday,23,1009.5,64.8,16.7,Clear
2279,2023-10-10,12:00,Post-Monsoon,10,Tuesday,31.1,1007.1,67.7,25.4,Clear
2282,2023-10-10,12:00,Post-Monsoon,10,Tuesday,28.9,1012.1,56.6,16.6,Haze
2281,2023-10-10,13:00,Post-Monsoon,10,Tuesday,29.1,1007.9,88.2,10.6,Cloudy
2280,2023-10-10,20:00,Post-Monsoon,10,Tuesday,22.8,1012.4,66.7,10.4,Cloudy
2284,2023-10-11,06:00,Post-Monsoon,10,Wednesday,25.2,1012.8,67.8,17.1,Partly Cloudy
2285,2023-10-11,21:00,Post-Monsoon,10,Wednesday,23.5,1016.5,59,19.2,Partly Cloudy
2287,2023-10-12,06:00,Post-Monsoon,10,Thursday,25.5,1009.6,69.1,10.8,Haze
2286,2023-10-12,09:00,Post-Monsoon,10,Thursday,28.2,1009.8,64.8,16.9,Partly Cloudy
2288,2023-10-12,20:00,Post-Monsoon,10,Thursday,22.1,1011.4,57.8,25.9,Clear
2289,2023-10-13,14:00,Post-Monsoon,10,Friday,30.4,1014.7,83.6,13.5,Clear
2291,2023-10-14,03:00,Post-Monsoon,10,Saturday,22.9,1009.3,81.4,13.8,Haze
2290,2023-10-14,14:00,Post-Monsoon,10,Saturday,27.4,1009.6,74.9,15.4,Partly Cloudy
2294,2023-10-15,05:00,Post-Monsoon,10,Sunday,25.5,1009.3,77.4,12.7,Haze
2292,2023-10-15,22:00,Post-Monsoon,10,Sunday,,1009.6,41.7,11.8,Clear
2293,2023-10-15,22:00,Post-Monsoon,10,Sunday,20.7,1012,62.4,16.7,Haze
2295,2023-10-15,23:00,Post-Monsoon,10,Sunday,20.9,1010.6,59.1,26.6,Cloudy
2297,2023-10-16,04:00,Post-Monsoon,10,Monday,21.2,1003.9,57.5,13.7,Clear
2299,2023-10-16,11:00,Post-Monsoon,10,Monday,30.2,1008.9,64.4,11.8,Cloudy
2296,2023-10-16,19:00,Post-Monsoon,10,Monday,22.2,1004.1,71.4,15.5,Cloudy
2298,2023-10-16,19:00,Post-Monsoon,10,Monday,25.9,1011.3,74.6,12.2,Light Rain
2300,2023-10-17,00:00,Post-Monsoon,10,Tuesday,19.1,1007.1,68.5,17.7,Partly Cloudy
2302,2023-10-17,00:00,Post-Monsoon,10,Tuesday,16.1,1010.7,64.9,,Partly Cloudy
2303,2023-10-17,04:00,Post-Monsoon,10,Tuesday,25.5,1013.4,56.8,12.5,Clear
2301,2023-10-17,07:00,Post-Monsoon,10,Tuesday,23.3,1015.2,53.6,11.3,Clear
2307,2023-10-18,02:00,Post-Monsoon,10,Wednesday,22,1005,83,13.8,Partly Cloudy
2305,2023-10-18,05:00,Post-Monsoon,10,Wednesday,23.4,1014.8,80.3,12.8,Partly Cloudy
2306,2023-10-18,20:00,Post-Monsoon,10,Wednesday,21.2,1011.1,68.4,10.6,
2304,2023-10-18,21:00,Post-Monsoon,10,Wednesday,21.9,1011.5,55.4,13.7,Haze
2309,2023-10-19,04:00,Post-Monsoon,10,Thursday,20.7,1009.5,65.2,10.7,Cloudy
2311,2023-10-19,13:00,Post-Monsoon,10,Thursday,31.1,1009,64.7,12.7,Partly Cloudy
2308,2023-10-19,14:00,Post-Monsoon,10,Thursday,32.4,1010.9,71.6,15.1,Clear
2310,2023-10-19,23:00,Post-Monsoon,10,Thursday,18.8,1006.9,54.5,11,Cloudy
2314,2023-10-20,05:00,Post-Monsoon,10,Friday,19.4,1009.7,85.7,11.4,Partly Cloudy
2313,2023-10-20,15:00,Post-Monsoon,10,Friday,25.4,1009.9,60.2,16.7,Clear
2312,2023-10-20,17:00,Post-Monsoon,10,Friday,,1011.2,64,15.9,Partly Cloudy
2315,2023-10-20,23:00,Post-Monsoon,10,Friday,16.7,1010,67.5,16.6,Cloudy
2319,2023-10-21,06:00,Post-Monsoon,10,Saturday,22,1016.8,70.8,10.4,Partly Cloudy
2318,2023-10-21,07:00,Post-Monsoon,10,Saturday,25.1,1011.6,51.8,11.5,Partly Cloudy
2320,2023-10-21,07:00,Post-Monsoon,10,Saturday,24.2,1015.2,73.1,12.5,Cloudy
2321,2023-10-21,12:00,Post-Monsoon,10,Saturday,34.2,1009.9,66.6,10.1,Cloudy
2316,2023-10-21,13:00,Post-Monsoon,10,Saturday,29.3,1008.7,71.5,16.3,Cloudy
2317,2023-10-21,23:00,Post-Monsoon,10,Saturday,17.2,1008.2,71.7,13.8,Haze
2324,2023-10-22,01:00,Post-Monsoon,10,Sunday,18.4,1009.2,54.3,14.8,Partly Cloudy
2322,2023-10-22,05:00,Post-Monsoon,10,Sunday,22.2,1006.8,68.5,19.1,Clear
2325,2023-10-22,07:00,Post-Monsoon,10,Sunday,23.8,1012.1,77.1,12.2,Partly Cloudy
2326,2023-10-22,10:00,Post-Monsoon,10,Sunday,26.5,1012.6,66.4,22.9,Haze
2323,2023-10-22,17:00,Post-Monsoon,10,Sunday,24.8,1010.7,80.5,10.4,Clear
2327,2023-10-23,00:00,Post-Monsoon,10,Monday,18.6,1009.6,78.4,11.3,Cloudy
2329,2023-10-23,05:00,Post-Monsoon,10,Monday,26.7,1012.4,60.3,20.9,Cloudy
2330,2023-10-23,15:00,Post-Monsoon,10,Monday,27.8,1008.3,59.5,18.4,Partly Cloudy
2328,2023-10-23,21:00,Post-Monsoon,10,Monday,16.6,1009.1,65.7,15.1,Light Rain
2335,2023-10-24,02:00,Post-Monsoon,10,Tuesday,17.5,1016.3,71.2,16.3,Cloudy
2334,2023-10-24,09:00,Post-Monsoon,10,Tuesday,26.8,1018,68,12.8,Partly Cloudy
2333,2023-10-24,10:00,Post-Monsoon,10,Tuesday,28.6,1009.7,52.9,18.7,Cloudy
2332,2023-10-24,11:00,Post-Monsoon,10,Tuesday,28.1,1009.6,70.3,11.9,Clear
2336,2023-10-24,12:00,Post-Monsoon,10,Tuesday,28.8,1003.9,75.6,18.2,Haze
2331,2023-10-24,19:00,Post-Monsoon,10,Tuesday,20.5,,59,16.6,
2337,2023-10-25,02:00,Post-Monsoon,10,Wednesday,18.1,1009.2,85.6,,Cloudy
2340,2023-10-25,12:00,Post-Monsoon,10,Wednesday,31.1,1011.2,72.2,15.2,Cloudy
2338,2023-10-25,14:00,Post-Monsoon,10,Wednesday,29.7,1015.1,73.3,15.8,Clear
2339,2023-10-25,15:00,Post-Monsoon,10,Wednesday,28.5,1009.4,55.6,12.1,Cloudy
2341,2023-10-25,16:00,Post-Monsoon,10,Wednesday,27,1010.8,67.8,14.3,Partly Cloudy
2342,2023-10-26,02:00,Post-Monsoon,10,Thursday,17,1015.6,45.2,10,Haze
2344,2023-10-26,10:00,Post-Monsoon,10,Thursday,24.3,1016.3,55,12.7,Clear
2348,2023-10-26,10:00,Post-Monsoon,10,Thursday,28.4,1013.9,56.3,10.9,Partly Cloudy
2349,2023-10-26,15:00,Post-Monsoon,10,Thursday,31,1009.6,66.5,17.4,Cloudy
2346,2023-10-26,18:00,Post-Monsoon,10,Thursday,22.1,1012.7,62.5,18.2,Partly Cloudy
2343,2023-10-26,19:00,Post-Monsoon,10,Thursday,27.2,1013.4,56.3,16.6,Partly Cloudy
2345,2023-10-26,20:00,Post-Monsoon,10,Thursday,21.5,1016.5,51.6,16.2,Cloudy
2350,2023-10-26,20:00,Post-Monsoon,10,Thursday,20.3,1008.9,64.3,15.1,Light Rain
2347,2023-10-26,21:00,Post-Monsoon,10,Thursday,18.6,,72.8,16,Partly Cloudy
2351,2023-10-27,02:00,Post-Monsoon,10,Friday,21.1,1008.9,70.5,16,Haze
2353,2023-10-27,05:00,Post-Monsoon,10,Friday,25.7,1013.7,62.6,10.9,Haze
2354,2023-10-27,13:00,Post-Monsoon,10,Friday,30.3,1012.4,77.2,16.4,Light Rain
2352,2023-10-27,21:00,Post-Monsoon,10,Friday,21.4,1010.8,45,10.4,Light Rain
2355,2023-10-27,23:00,Post-Monsoon,10,Friday,19.2,1011.6,56.1,16.8,Haze
2358,2023-10-28,03:00,Post-Monsoon,10,Saturday,14.2,1003.3,76.2,13.6,Clear
2361,2023-10-28,10:00,Post-Monsoon,10,Saturday,25.8,1010.7,70.7,14.5,Light Rain
2360,2023-10-28,14:00,Post-Monsoon,10,Saturday,27.3,1012.2,81.6,16,Haze
2357,2023-10-28,16:00,Post-Monsoon,10,Saturday,25.5,1013.8,64.3,11.4,Partly Cloudy
2356,2023-10-28,17:00,Post-Monsoon,10,Saturday,26.5,1009.8,66.6,14.1,Partly Cloudy
2359,2023-10-28,22:00,Post-Monsoon,10,Saturday,17.3,1015.7,52.9,15.1,Clear
2362,2023-10-29,02:00,Post-Monsoon,10,Sunday,17.7,1006.6,53.6,14.5,Cloudy
2363,2023-10-29,02:00,Post-Monsoon,10,Sunday,18.7,1017.7,61.8,18,Haze
2364,2023-10-29,15:00,Post-Monsoon,10,Sunday,25.4,1011.2,79.9,13.6,Light Rain
2365,2023-10-30,04:00,Post-Monsoon,10,Monday,26.8,1008.1,68.6,12.4,Partly Cloudy
2367,2023-10-31,09:00,Post-Monsoon,10,Tuesday,29.1,1013.5,71.3,11.7,Clear
2368,2023-10-31,18:00,Post-Monsoon,10,Tuesday,28.5,1013.7,66.9,10.6,Partly Cloudy
2366,2023-10-31,20:00,Post-Monsoon,10,Tuesday,21.8,1017.1,71.7,10.9,Clear
2372,2023-11-01,01:00,Post-Monsoon,11,Wednesday,15.2,1005.3,65.6,16,Light Rain
2369,2023-11-01,03:00,Post-Monsoon,11,Wednesday,18.3,1009.1,60.8,11.4,Cloudy
2373,2023-11-01,09:00,Post-Monsoon,11,Wednesday,31.4,1018.9,91.4,10.4,Partly Cloudy
2371,2023-11-01,10:00,Post-Monsoon,11,Wednesday,31.3,1015.1,78.6,10.2,Light Rain
2374,2023-11-01,10:00,Post-Monsoon,11,Wednesday,31.5,1017.1,60.3,14.8,Partly Cloudy
2376,2023-11-01,15:00,Post-Monsoon,11,Wednesday,28.1,1009.2,68.4,20,Cloudy
2370,2023-11-01,18:00,Post-Monsoon,11,Wednesday,24.3,1015.4,68.5,11.3,Partly Cloudy
2375,2023-11-01,19:00,Post-Monsoon,11,Wednesday,22.4,,57.6,18.6,Cloudy
2382,2023-11-03,01:00,Post-Monsoon,11,Friday,17.7,1012.3,41.2,25.9,Clear
2384,2023-11-03,04:00,Post-Monsoon,11,Friday,19.9,1015.5,46.2,13.9,CLOUDY
2380,2023-11-03,10:00,Post-Monsoon,11,Friday,31.2,1016.7,55.5,15.2,Cloudy
2381,2023-11-03,13:00,Post-Monsoon,11,Friday,28.7,1013,65.6,13.9,Cloudy
2377,2023-11-03,18:00,Post-Monsoon,11,Friday,23.9,,57.9,15.5,Clear
2378,2023-11-03,22:00,Post-Monsoon,11,Friday,21,1004.9,56.5,19.2,Cloudy
2383,2023-11-03,22:00,Post-Monsoon,11,Friday,19.9,1014,61,16,Clear
2379,2023-11-03,23:00,Post-Monsoon,11,Friday,17.6,1011.9,79.6,20.5,Partly Cloudy
2385,2023-11-04,04:00,Post-Monsoon,11,Saturday,-2.5,1015.4,86.3,11.4,Cloudy
2388,2023-11-04,11:00,Post-Monsoon,11,Saturday,34.8,1007.6,64.3,12.2,Clear
2389,2023-11-04,17:00,Post-Monsoon,11,Saturday,28.6,1012.6,59.6,10.2,Clear
2386,2023-11-04,18:00,Post-Monsoon,11,Saturday,27.5,1009.4,52.4,13.6,Light Rain
2387,2023-11-04,20:00,Post-Monsoon,11,Saturday,20,1013.9,75.1,15.5,Clear
2390,2023-11-05,03:00,Post-Monsoon,11,Sunday,15.7,1016,53.1,11.5,Partly Cloudy
2393,2023-11-06,09:00,Post-Monsoon,11,Monday,27.5,1014.1,74.4,15.3,Haze
2392,2023-11-06,16:00,Post-Monsoon,11,Monday,26.1,1018.1,69.4,13.9,Cloudy
2394,2023-11-06,19:00,Post-Monsoon,11,Monday,24.1,1010.2,57.9,17.1,Clear
2391,2023-11-06,21:00,Post-Monsoon,11,Monday,22.4,1006.9,74.4,14.7,Clear
2395,2023-11-07,05:00,Post-Monsoon,11,Tuesday,18.6,1013.3,61.5,19.7,Partly Cloudy
2397,2023-11-07,10:00,Post-Monsoon,11,Tuesday,28.8,1009.9,60.6,12.2,Cloudy
2398,2023-11-07,10:00,Post-Monsoon,11,Tuesday,32.2,1009,79.7,11.8,Partly Cloudy
2396,2023-11-07,13:00,Post-Monsoon,11,Tuesday,30.1,1016.7,76.6,14.2,Clear
2399,2023-11-07,17:00,Post-Monsoon,11,Tuesday,28.5,1013.1,60.4,12.5,Partly Cloudy
2402,2023-11-07,17:00,Post-Monsoon,11,Tuesday,23.4,1016.4,73.5,10.8,Cloudy
2401,2023-11-07,21:00,Post-Monsoon,11,Tuesday,22.8,1014.5,81.2,11.2,Haze
2400,2023-11-07,22:00,Post-Monsoon,11,Tuesday,19.4,1015,82,12.5,Cloudy
2403,2023-11-07,23:00,Post-Monsoon,11,Tuesday,17.3,1019.8,66.3,13.1,Clear
2405,2023-11-08,10:00,Post-Monsoon,11,Wednesday,33,1014.3,70.9,15.3,Clear
2406,2023-11-08,20:00,Post-Monsoon,11,Wednesday,19.6,1007.7,71.1,13.7,Haze
2404,2023-11-08,22:00,Post-Monsoon,11,Wednesday,19,1016.6,60.4,12,
2408,2023-11-09,04:00,Post-Monsoon,11,Thursday,24.3,1011.1,57.7,14.5,Clear
2407,2023-11-09,11:00,Post-Monsoon,11,Thursday,29.3,1017,61.3,12.1,Cloudy
2409,2023-11-09,22:00,Post-Monsoon,11,Thursday,21.1,1010.9,65.9,15.3,Clear
2410,2023-11-12,08:00,Post-Monsoon,11,Sunday,24.3,1011.7,56.4,15.7,Partly Cloudy
2411,2023-11-12,08:00,Post-Monsoon,11,Sunday,27.7,1011.1,79,88,Cloudy
2412,2023-11-12,21:00,Post-Monsoon,11,Sunday,26.6,1010.3,47.3,20.4,Clear
2416,2023-11-13,00:00,Post-Monsoon,11,Monday,15,1015.3,60.5,13.7,Partly Cloudy
2418,2023-11-13,03:00,Post-Monsoon,11,Monday,21.1,1006.2,55.3,15.1,Haze
2417,2023-11-13,06:00,Post-Monsoon,11,Monday,24.9,1018.1,74.3,15.5,Partly Cloudy
2413,2023-11-13,09:00,Post-Monsoon,11,Monday,28.9,1011.4,34,12,Clear
2415,2023-11-13,18:00,Post-Monsoon,11,Monday,19.1,1012.8,75.3,15.7,Cloudy
2414,2023-11-13,21:00,Post-Monsoon,11,Monday,18.5,1020.1,51.2,14.6,Clear
2419,2023-11-14,00:00,Post-Monsoon,11,Tuesday,16.7,1012.2,69.3,10.5,Partly Cloudy
2420,2023-11-14,14:00,Post-Monsoon,11,Tuesday,30.8,1005.1,61.8,10.4,Clear
2421,2023-11-15,07:00,Post-Monsoon,11,Wednesday,20.1,1016.6,70.8,13.9,Cloudy
2422,2023-11-15,11:00,Post-Monsoon,11,Wednesday,27.6,1010,80.9,16.4,Partly Cloudy
2423,2023-11-15,21:00,Post-Monsoon,11,Wednesday,20.9,1006.5,62.4,14.3,Clear
2428,2023-11-16,13:00,Post-Monsoon,11,Thursday,31.3,1009.9,60.8,19.3,Partly Cloudy
2429,2023-11-16,13:00,Post-Monsoon,11,Thursday,31,1009.2,69.3,21.4,Partly Cloudy
2426,2023-11-16,14:00,Post-Monsoon,11,Thursday,32.9,1007.5,80.2,12.4,Light Rain
2427,2023-11-16,16:00,Post-Monsoon,11,Thursday,,1020.3,64.7,,
2425,2023-11-16,17:00,Post-Monsoon,11,Thursday,23.9,1011.4,65.4,16.5,Partly Cloudy
2430,2023-11-16,17:00,Post-Monsoon,11,Thursday,25.2,1008.3,62.4,13.3,Haze
2424,2023-11-16,21:00,Post-Monsoon,11,Thursday,18.2,1014.1,60.7,11.6,Clear
2433,2023-11-17,15:00,Post-Monsoon,11,Friday,22.1,1013.9,75,14.5,Light Rain
2432,2023-11-17,17:00,Post-Monsoon,11,Friday,24.1,1013.6,67.3,17.8,Clear
2431,2023-11-17,19:00,Post-Monsoon,11,Friday,26.4,1013.9,51.8,11.9,Partly Cloudy
2434,2023-11-18,00:00,Post-Monsoon,11,Saturday,19.5,1013.8,63.9,16,Clear
2436,2023-11-18,10:00,Post-Monsoon,11,Saturday,28,1009.5,51.5,11,Partly Cloudy
2438,2023-11-18,11:00,Post-Monsoon,11,Saturday,29,1015.2,69.4,14.7,Partly Cloudy
2437,2023-11-18,14:00,Post-Monsoon,11,Saturday,36,1003.3,65.5,16.7,Clear
2435,2023-11-18,22:00,Post-Monsoon,11,Saturday,20.8,1012,70.4,17,Partly Cloudy
2442,2023-11-19,05:00,Post-Monsoon,11,Sunday,17,1013.3,53.7,14.8,Cloudy
2439,2023-11-19,07:00,Post-Monsoon,11,Sunday,22.9,1009.1,61.6,10.4,Haze
2441,2023-11-19,19:00,Post-Monsoon,11,Sunday,23.3,1011.2,85.8,10,Clear
2440,2023-11-19,21:00,Post-Monsoon,11,Sunday,19.3,1012.5,52.5,15.2,Clear
2447,2023-11-20,01:00,Post-Monsoon,11,Monday,18.6,1009.5,48.7,10.8,Clear
2443,2023-11-20,02:00,Post-Monsoon,11,Monday,15.9,1014.7,56.4,10.2,Clear
2448,2023-11-20,04:00,Post-Monsoon,11,Monday,21.9,1012.8,64.2,10.6,Haze
2445,2023-11-20,12:00,Post-Monsoon,11,Monday,32.6,1003.4,64.2,10.3,Light Rain
2446,2023-11-20,12:00,Post-Monsoon,11,Monday,27.2,1007.2,69.4,16.6,Partly Cloudy
2444,2023-11-20,23:00,Post-Monsoon,11,Monday,20.1,1013.6,70.5,16.8,Light Rain
2451,2023-11-21,01:00,Post-Monsoon,11,Tuesday,15.1,1009.5,68.6,16.8,Haze
2452,2023-11-21,03:00,Post-Monsoon,11,Tuesday,17.6,1015.7,65.8,13.2,Partly Cloudy
2450,2023-11-21,05:00,Post-Monsoon,11,Tuesday,22.3,1014.6,72.5,17.7,Cloudy
2454,2023-11-21,10:00,Post-Monsoon,11,Tuesday,,1012.8,47.3,10.7,Partly Cloudy
2449,2023-11-21,16:00,Post-Monsoon,11,Tuesday,27,1010.6,47.8,10.7,Partly Cloudy
2453,2023-11-21,21:00,Post-Monsoon,11,Tuesday,17.7,1009.1,65.7,22.9,Clear
2455,2023-11-22,07:00,Post-Monsoon,11,Wednesday,29.1,1008.2,58.8,11.7,Haze
2457,2023-11-22,07:00,Post-Monsoon,11,Wednesday,23.1,1013.9,64.8,11.5,Cloudy
2458,2023-11-22,10:00,Post-Monsoon,11,Wednesday,29.3,1015.3,73,12.8,Clear
2456,2023-11-22,11:00,Post-Monsoon,11,Wednesday,23.6,1010.8,64.2,13.4,Partly Cloudy
2459,2023-11-22,21:00,Post-Monsoon,11,Wednesday,19.5,1012.5,53.9,16,Cloudy
2461,2023-11-23,07:00,Post-Monsoon,11,Thursday,27.5,1011.5,43.2,10.3,Haze
2462,2023-11-23,07:00,Post-Monsoon,11,Thursday,21.9,1010.4,59.7,,Light Rain
2463,2023-11-23,16:00,Post-Monsoon,11,Thursday,22.2,1014,73.6,15.1,Cloudy
2460,2023-11-23,19:00,Post-Monsoon,11,Thursday,23.3,1012.5,55.7,20.3,Partly Cloudy
2470,2023-11-24,06:00,Post-Monsoon,11,Friday,23,1013.7,59.6,10.8,Clear
2469,2023-11-24,10:00,Post-Monsoon,11,Friday,26.7,1016.7,67.5,21.4,Partly Cloudy
2468,2023-11-24,13:00,Post-Monsoon,11,Friday,29.8,1013.5,65.8,14.2,Partly Cloudy
2467,2023-11-24,15:00,Post-Monsoon,11,Friday,26.4,1006.2,71.8,10.5,Partly Cloudy
2464,2023-11-24,19:00,Post-Monsoon,11,Friday,23.9,1014,,12.9,Partly Cloudy
2465,2023-11-24,19:00,Post-Monsoon,11,Friday,20.6,1002.8,75.5,15.7,Haze
2466,2023-11-24,22:00,Post-Monsoon,11,Friday,20.4,1011.5,92.2,22.2,Partly Cloudy
2472,2023-11-26,12:00,Post-Monsoon,11,Sunday,29.1,1009.8,69.7,16.6,Haze
2471,2023-11-26,15:00,Post-Monsoon,11,Sunday,27,1012.8,51.3,12.8,Cloudy
2473,2023-11-27,14:00,Post-Monsoon,11,Monday,26.5,1015.5,74.3,15.9,Cloudy
2474,2023-11-27,23:00,Post-Monsoon,11,Monday,16.8,1019.4,60.8,,
2475,2023-11-28,15:00,Post-Monsoon,11,Tuesday,24.7,1005.3,79.2,13.7,Partly Cloudy
2476,2023-11-28,20:00,Post-Monsoon,11,Tuesday,24.3,1001.3,81.6,12.6,Light Rain
2479,2023-11-29,08:00,Post-Monsoon,11,Wednesday,28.6,1014.7,65.2,12.5,Clear
2477,2023-11-29,22:00,Post-Monsoon,11,Wednesday,20.9,1019.8,55.3,12,Haze
2478,2023-11-29,23:00,Post-Monsoon,11,Wednesday,24.1,1006.5,64.4,10.2,Light Rain
2480,2023-11-30,02:00,Post-Monsoon,11,Thursday,23.2,1013.6,68.7,14.3,Cloudy
2483,2023-11-30,04:00,Post-Monsoon,11,Thursday,19.1,1014.8,52,12.2,Haze
2481,2023-11-30,18:00,Post-Monsoon,11,Thursday,24.4,1017.4,52.5,17.3,Light Rain
2482,2023-11-30,19:00,Post-Monsoon,11,Thursday,16.9,1007.5,63.8,12.3,Light Rain
2488,2023-12-01,07:00,Winter,12,Friday,20.6,1015.1,64.6,9,Clear
2484,2023-12-01,09:00,Winter,12,Friday,25.9,1020.2,61.7,10.3,Partly Cloudy
2491,2023-12-01,13:00,Winter,12,Friday,23.2,1016.7,45.4,12.6,Cloudy
2486,2023-12-01,14:00,Winter,12,Friday,24.8,1013.2,56.4,10.3,Fog
2489,2023-12-01,14:00,Winter,12,Friday,23.5,1016.5,60.5,19.3,Haze
2485,2023-12-01,16:00,Winter,12,Friday,20.2,1021.8,60.1,12.3,Cloudy
2490,2023-12-01,20:00,Winter,12,Friday,19.8,1019,53.7,10.6,Clear
2487,2023-12-01,22:00,Winter,12,Friday,10.5,1022.8,69.3,13,Clear
2493,2023-12-02,06:00,Winter,12,Saturday,19.6,1016.6,51.3,10.4,Haze
2492,2023-12-02,19:00,Winter,12,Saturday,12.2,1011,34,16.5,Clear
2496,2023-12-03,11:00,Winter,12,Sunday,26.2,1019.5,63.8,14.5,Fog
2494,2023-12-03,20:00,Winter,12,Sunday,12.7,1010.7,48.4,12.3,Partly Cloudy
2495,2023-12-03,22:00,Winter,12,Sunday,10.1,1016.2,72.9,8,Clear
2499,2023-12-04,09:00,Winter,12,Monday,22.8,1022.6,52.1,13.8,Clear
2497,2023-12-04,16:00,Winter,12,Monday,17,1015.5,40.2,15.9,Cloudy
2498,2023-12-04,16:00,Winter,12,Monday,25.2,1016.2,51.1,8.4,Cloudy
2503,2023-12-05,01:00,Winter,12,Tuesday,15.1,1011.5,53.9,11.3,Clear
2502,2023-12-05,10:00,Winter,12,Tuesday,26.6,1018.1,45.3,9.9,Fog
2501,2023-12-05,13:00,Winter,12,Tuesday,23.5,1017,66.6,13.2,Clear
2504,2023-12-05,17:00,Winter,12,Tuesday,15,1019.2,,16.2,
2500,2023-12-05,18:00,Winter,12,Tuesday,14.6,1021.5,51.4,13.5,Fog
2507,2023-12-06,01:00,Winter,12,Wednesday,13.7,920,49.7,10.5,Clear
2505,2023-12-06,06:00,Winter,12,Wednesday,17,1019.6,47.5,12.4,
2506,2023-12-06,11:00,Winter,12,Wednesday,25.4,1011.3,39.1,11.6,Clear
2508,2023-12-07,19:00,Winter,12,Thursday,12.4,1017.1,30.9,9.4,Clear
2510,2023-12-08,05:00,Winter,12,Friday,13.9,1022.7,63.3,10.5,Partly Cloudy
2509,2023-12-08,17:00,Winter,12,Friday,18,1019.8,57.8,16.3,Cloudy
2511,2023-12-08,23:00,Winter,12,Friday,12.4,1018.3,57.9,15.6,Clear
2512,2023-12-09,09:00,Winter,12,Saturday,22.9,1015.3,68.5,19.9,Clear
2513,2023-12-09,19:00,Winter,12,Saturday,13.3,1020.9,40.2,24.4,Clear
2515,2023-12-10,04:00,Winter,12,Sunday,23,1014.5,60.2,10.4,Cloudy
2514,2023-12-10,14:00,Winter,12,Sunday,23.4,1022.2,51,130,Clear
2516,2023-12-10,19:00,Winter,12,Sunday,15.2,1021.1,32,19.5,Partly Cloudy
2517,2023-12-11,02:00,Winter,12,Monday,13.1,1020.3,50.9,11.7,Fog
2518,2023-12-11,04:00,Winter,12,Monday,14.8,1018.4,48.6,15.1,Partly Cloudy
2519,2023-12-11,07:00,Winter,12,Monday,25.1,1018.2,42.9,10.6,Clear
2520,2023-12-11,07:00,Winter,12,Monday,19.9,1018.4,32.7,8.6,Cloudy
2521,2023-12-11,07:00,Winter,12,Monday,18.9,1018.4,68.4,14.6,Haze
2522,2023-12-11,11:00,Winter,12,Monday,24,1017.3,67.6,14.8,haze
2525,2023-12-12,07:00,Winter,12,Tuesday,24,1009.3,61.4,13.1,Partly Cloudy
2526,2023-12-12,10:00,Winter,12,Tuesday,21.4,1021.9,68.9,14.8,Partly Cloudy
2524,2023-12-12,22:00,Winter,12,Tuesday,15.8,1011.9,,10.1,Clear
2523,2023-12-12,23:00,Winter,12,Tuesday,15.2,1018,61.2,,Clear
2528,2023-12-13,07:00,Winter,12,Wednesday,22.3,1020.3,72.5,19.6,Partly Cloudy
2527,2023-12-13,13:00,Winter,12,Wednesday,23.1,1016.6,57.9,14.8,Clear
2529,2023-12-14,23:00,Winter,12,Thursday,8.7,1019.3,59,20.6,Clear
2533,2023-12-15,03:00,Winter,12,Friday,17.1,1024.2,51.4,8.4,Clear
2535,2023-12-15,03:00,Winter,12,Friday,15.7,1020.9,,13.4,Clear
2531,2023-12-15,06:00,Winter,12,Friday,12.6,1016.4,44.9,14.8,Clear
2530,2023-12-15,09:00,Winter,12,Friday,19.2,1023.9,60.1,9.2,Partly Cloudy
2534,2023-12-15,12:00,Winter,12,Friday,21.5,1020.5,56.4,11.3,Fog
2532,2023-12-15,16:00,Winter,12,Friday,19.4,,,,Clear
2538,2023-12-16,03:00,Winter,12,Saturday,14.7,1015.5,59,13.6,Clear
2536,2023-12-16,04:00,Winter,12,Saturday,12.6,1017.3,75.3,18.6,Clear
2537,2023-12-16,21:00,Winter,12,Saturday,13.1,1014.5,51.1,16.9,Cloudy
2540,2023-12-17,05:00,Winter,12,Sunday,,1023.1,48.7,10.5,Fog
2539,2023-12-17,17:00,Winter,12,Sunday,24.4,1015.1,71,16.7,Partly Cloudy
2541,2023-12-18,23:00,Winter,12,Monday,11.4,1019.6,45.3,14.1,Haze
2542,2023-12-18,23:00,Winter,12,Monday,9.1,1021.6,51.4,9.5,Clear
2544,2023-12-19,21:00,Winter,12,Tuesday,11.3,,67.1,13,Clear
2543,2023-12-19,22:00,Winter,12,Tuesday,12.4,1016.9,51.7,12.5,Clear
2545,2023-12-20,01:00,Winter,12,Wednesday,12.6,1021.7,38,9.6,Cloudy
2546,2023-12-20,22:00,Winter,12,Wednesday,9.9,1019,53.4,16.7,Cloudy
2549,2023-12-21,04:00,Winter,12,Thursday,12.3,1013.6,63.4,8.2,Fog
2547,2023-12-21,10:00,Winter,12,Thursday,23.6,1019.9,38.3,8.2,Haze
2548,2023-12-21,13:00,Winter,12,Thursday,23.7,1019.5,59.9,17.8,Partly Cloudy
2550,2023-12-22,05:00,Winter,12,Friday,15,1016.1,69,9.2,Clear
2551,2023-12-22,09:00,Winter,12,Friday,28.5,1019.2,41.5,9.3,Partly Cloudy
2552,2023-12-23,07:00,Winter,12,Saturday,23.7,1019.9,32.1,16,Fog
2553,2023-12-24,13:00,Winter,12,Sunday,20.4,1014.6,43.5,14.5,Clear
2554,2023-12-24,23:00,Winter,12,Sunday,11.4,1021.6,63.9,9,Fog
2555,2023-12-25,02:00,Winter,12,Monday,12.1,1023.3,49,18.5,Fog
2556,2023-12-25,11:00,Winter,12,Monday,20.4,1015,66.3,10.7,Fog
2560,2023-12-26,00:00,Winter,12,Tuesday,12.7,1016.9,53.3,20,Partly Cloudy
2557,2023-12-26,15:00,Winter,12,Tuesday,,1015.7,65.2,8.2,Haze
2559,2023-12-26,16:00,Winter,12,Tuesday,18.5,1013.1,44.6,12.3,Clear
2558,2023-12-26,22:00,Winter,12,Tuesday,13.8,1011.9,61,14.8,Clear
2562,2023-12-27,09:00,Winter,12,Wednesday,22.4,1017.9,55.9,9.5,Clear
2564,2023-12-27,09:00,Winter,12,Wednesday,19.3,1016.4,66.7,10.2,Haze
2565,2023-12-27,20:00,Winter,12,Wednesday,15.7,1027.8,46.5,21.4,Partly Cloudy
2561,2023-12-27,22:00,Winter,12,Wednesday,12.7,1017.3,59.4,14.7,Partly Cloudy
2563,2023-12-27,22:00,Winter,12,Wednesday,13.3,1013.9,65.7,15.4,Fog
2566,2023-12-27,23:00,Winter,12,Wednesday,11.1,1024.2,54.7,26.8,Haze
2567,2023-12-28,01:00,Winter,12,Thursday,,1016.6,45.9,18.4,Partly Cloudy
2575,2023-12-28,07:00,Winter,12,Thursday,19.5,1017.3,52.4,11.7,Fog
2568,2023-12-28,08:00,Winter,12,Thursday,21.5,,49.7,12,Fog
2574,2023-12-28,11:00,Winter,12,Thursday,27,1013.4,45.3,16,Fog
2570,2023-12-28,12:00,Winter,12,Thursday,22.4,1011.2,80.5,10.2,Clear
2571,2023-12-28,15:00,Winter,12,Thursday,,1013.5,55.5,13,Cloudy
2572,2023-12-28,17:00,Winter,12,Thursday,16.1,1013.4,56.7,13,Haze
2573,2023-12-28,18:00,Winter,12,Thursday,13.1,1017.7,40.5,14.4,Fog
2569,2023-12-28,21:00,Winter,12,Thursday,15.4,1021.4,49.7,11.9,Haze
2576,2023-12-29,16:00,Winter,12,Friday,20.1,1019.5,50.6,11.6,Haze
2578,2023-12-30,09:00,Winter,12,Saturday,23.8,1014,57.4,15.9,Haze
2577,2023-12-30,14:00,Winter,12,Saturday,24.7,1019.1,45.4,21.3,Haze
2579,2023-12-30,14:00,Winter,12,Saturday,22.9,1021.7,,10.9,Clear
2582,2023-12-31,06:00,Winter,12,Sunday,13,1021.1,56,15.5,Clear
2580,2023-12-31,14:00,Winter,12,Sunday,29.3,1020.5,68.4,12.3,Clear
2581,2023-12-31,22:00,Winter,12,Sunday,,1019.9,55.5,18.1,Clear
2585,2024-01-01,08:00,Winter,1,Monday,23.4,1017.7,45.2,17.4,Haze
2583,2024-01-01,12:00,Winter,1,Monday,22.6,1025.2,63.1,14.9,Clear
2584,2024-01-01,16:00,Winter,1,Monday,19.9,1020.4,68.5,16.5,Clear
2586,2024-01-02,07:00,Winter,1,Tuesday,15.6,1018.8,59.5,12.3,
2589,2024-01-02,17:00,Winter,1,Tuesday,16,1026,53.5,10.8,Cloudy
2587,2024-01-02,19:00,Winter,1,Tuesday,16.3,1017.5,71.6,16,Cloudy
2588,2024-01-02,20:00,Winter,1,Tuesday,14.1,1009.4,48.3,12.2,Clear
2592,2024-01-03,08:00,Winter,1,Wednesday,22.9,1022,52.5,15,Fog
2590,2024-01-03,12:00,Winter,1,Wednesday,22.5,1018.5,50.8,13.2,Haze
2591,2024-01-03,15:00,Winter,1,Wednesday,26,1025,57.5,13.6,Fog
2595,2024-01-04,05:00,Winter,1,Thursday,16.5,1013,53.9,9.1,Cloudy
2597,2024-01-04,06:00,Winter,1,Thursday,17.4,1017.2,37.3,8.2,Haze
2593,2024-01-04,11:00,Winter,1,Thursday,24.7,1022.2,49.9,11.4,Clear
2594,2024-01-04,11:00,Winter,1,Thursday,23.5,1025.4,55.5,8.6,Clear
2596,2024-01-04,18:00,Winter,1,Thursday,15.2,1014.3,51.6,8.7,Cloudy
2598,2024-01-05,02:00,Winter,1,Friday,9.9,1018.2,63,11.8,Partly Cloudy
2599,2024-01-05,15:00,Winter,1,Friday,18.1,1013.8,50,10.9,Clear
2600,2024-01-05,17:00,Winter,1,Friday,18.7,1017.2,50.4,9.5,Fog
2604,2024-01-06,03:00,Winter,1,Saturday,20.3,1021.3,43.9,11.8,Clear
2603,2024-01-06,06:00,Winter,1,Saturday,20.1,1015.5,58,11.9,Clear
2605,2024-01-06,07:00,Winter,1,Saturday,23.3,1014.2,62.4,12.4,Clear
2606,2024-01-06,12:00,Winter,1,Saturday,28.5,,57.7,,
2601,2024-01-06,15:00,Winter,1,Saturday,19.1,1017,59.3,14.7,Fog
2602,2024-01-06,22:00,Winter,1,Saturday,16.8,1011.3,52.6,13.6,Cloudy
2607,2024-01-07,12:00,Winter,1,Sunday,24.8,1028.2,60.6,13.6,Clear
2610,2024-01-08,04:00,Winter,1,Monday,16.8,1017.5,47.9,10.9,Fog
2611,2024-01-08,05:00,Winter,1,Monday,14.4,1022.1,62.6,15,Cloudy
2608,2024-01-08,16:00,Winter,1,Monday,21.1,1019.8,48.7,10.4,Partly Cloudy
2609,2024-01-08,16:00,Winter,1,Monday,17.5,1014,58,14.2,Clear
2612,2024-01-08,18:00,Winter,1,Monday,17.7,1020.4,67.9,14.6,Cloudy
2616,2024-01-09,03:00,Winter,1,Tuesday,11.1,1024.5,56.9,8.8,Clear
2617,2024-01-09,06:00,Winter,1,Tuesday,18.3,,,9.9,Fog
2618,2024-01-09,07:00,Winter,1,Tuesday,21.4,1013.4,35.8,8.6,Haze
2613,2024-01-09,12:00,Winter,1,Tuesday,25,1016.6,48.8,8.2,Partly Cloudy
2619,2024-01-09,12:00,Winter,1,Tuesday,24.9,1015.9,45.6,12.2,Haze
2619,2024-01-09,12:00,Winter,1,Tuesday,24.9,1015.9,45.6,12.2,Haze
2614,2024-01-09,13:00,Winter,1,Tuesday,25.5,1020,52.5,9.1,Fog
2615,2024-01-09,21:00,Winter,1,Tuesday,15.3,1023,68.2,12,Clear
2620,2024-01-10,05:00,Winter,1,Wednesday,14.6,1018,55.2,13.7,Cloudy
2621,2024-01-10,05:00,Winter,1,Wednesday,13.8,,51.7,11.9,Haze
2623,2024-01-10,20:00,Winter,1,Wednesday,16.6,1014.4,52.8,11.1,Clear
2622,2024-01-10,23:00,Winter,1,Wednesday,14.3,1020.7,62.5,9.8,Partly Cloudy
2624,2024-01-11,02:00,Winter,1,Thursday,12.4,1019.6,60.7,18.2,Clear
2625,2024-01-11,02:00,Winter,1,Thursday,17.6,1020.9,65.4,14.6,Clear
2626,2024-01-11,12:00,Winter,1,Thursday,22.5,1015.4,42.8,13.8,Haze
2627,2024-01-11,21:00,Winter,1,Thursday,12.9,1009.8,46.2,16.5,Haze
2628,2024-01-12,01:00,Winter,1,Friday,12.6,1015.4,56.2,10.2,Clear
2631,2024-01-13,05:00,Winter,1,Saturday,,1017.6,28.9,8.2,Partly Cloudy
2629,2024-01-13,15:00,Winter,1,Saturday,22,1027.1,71.3,13.6,Partly Cloudy
2630,2024-01-13,21:00,Winter,1,Saturday,14.8,1023.9,48.2,10.1,Cloudy
2635,2024-01-14,05:00,Winter,1,Sunday,13.4,1020.3,42.1,12.2,Fog
2632,2024-01-14,07:00,Winter,1,Sunday,22.4,1009.7,78.3,11.4,Partly Cloudy
2634,2024-01-14,07:00,Winter,1,Sunday,22,1019,64.6,10.6,Clear
2633,2024-01-14,22:00,Winter,1,Sunday,11.4,1013.8,64.1,8.2,Fog
2637,2024-01-15,02:00,Winter,1,Monday,15,1012.6,60.8,22.4,Haze
2639,2024-01-15,02:00,Winter,1,Monday,13.7,1017.8,56.3,11.8,Haze
2638,2024-01-15,09:00,Winter,1,Monday,20.2,1008.7,59.8,15.8,Cloudy
2636,2024-01-15,13:00,Winter,1,Monday,27.4,1014.1,59.9,9.5,Partly Cloudy
2640,2024-01-16,11:00,Winter,1,Tuesday,24,1021.6,35.1,17,Partly Cloudy
2641,2024-01-16,16:00,Winter,1,Tuesday,23.4,1016.6,58.2,19.5,Clear
2642,2024-01-17,04:00,Winter,1,Wednesday,16.4,1021,50.5,8.2,Fog
2643,2024-01-17,19:00,Winter,1,Wednesday,15.3,1012.3,59,11.2,Clear
2647,2024-01-18,06:00,Winter,1,Thursday,15.9,1015.7,73.2,15.9,Clear
2644,2024-01-18,08:00,Winter,1,Thursday,26.7,1026.7,57.6,12.6,Fog
2646,2024-01-18,19:00,Winter,1,Thursday,,,36.4,,Cloudy
2645,2024-01-18,20:00,Winter,1,Thursday,12.9,1021.1,55.9,14.3,Haze
2648,2024-01-18,21:00,Winter,1,Thursday,17.9,1013.6,59.6,10.7,Clear
2649,2024-01-19,03:00,Winter,1,Friday,10.3,1015.6,56.8,9,Fog
2652,2024-01-19,09:00,Winter,1,Friday,21,1014.8,44.5,8.5,Clear
2650,2024-01-19,12:00,Winter,1,Friday,26.6,1015.1,58,13.4,Partly Cloudy
2651,2024-01-19,12:00,Winter,1,Friday,21.4,,60.3,14,Fog
2654,2024-01-19,16:00,Winter,1,Friday,17.6,1020.9,55.3,14.8,Fog
2653,2024-01-19,17:00,Winter,1,Friday,18.9,1020.1,62.2,14,Partly Cloudy
2657,2024-01-20,12:00,Winter,1,Saturday,25.8,1015,45.1,10.9,Fog
2658,2024-01-20,16:00,Winter,1,Saturday,21.8,1014.9,48.9,22.3,Clear
2655,2024-01-20,19:00,Winter,1,Saturday,20.4,1021.3,62.5,9,Haze
2656,2024-01-20,19:00,Winter,1,Saturday,17,,58.8,,Clear
2661,2024-01-21,00:00,Winter,1,Sunday,13.7,1013.5,53.7,13,Clear
2662,2024-01-21,00:00,Winter,1,Sunday,12.8,1018.1,51.4,22.1,Partly Cloudy
2660,2024-01-21,03:00,Winter,1,Sunday,14.1,1018.6,64.4,17.7,Fog
2663,2024-01-21,14:00,Winter,1,Sunday,25.3,1017.6,47.5,14.9,Fog
2659,2024-01-21,21:00,Winter,1,Sunday,16.9,1016.4,62.9,13.2,Cloudy
2667,2024-01-22,07:00,Winter,1,Monday,17.1,1013.2,64.8,8.9,Cloudy
2664,2024-01-22,12:00,Winter,1,Monday,21.5,1016.7,63.1,9.8,Cloudy
2665,2024-01-22,16:00,Winter,1,Monday,18.9,1012.4,41.9,18.9,Fog
2666,2024-01-22,23:00,Winter,1,Monday,11.4,1025.5,55.9,16.3,Fog
2669,2024-01-23,12:00,Winter,1,Tuesday,23.1,1018.7,42.9,10.2,Clear
2668,2024-01-23,17:00,Winter,1,Tuesday,18.7,1026.2,50.7,15.2,Haze
2670,2024-01-23,22:00,Winter,1,Tuesday,9.3,1020.1,60.9,10.2,Clear
2672,2024-01-24,07:00,Winter,1,Wednesday,18.5,1019.3,45.8,15.4,Clear
2671,2024-01-24,13:00,Winter,1,Wednesday,19.9,1024.4,52.9,16.1,Partly Cloudy
2673,2024-01-25,07:00,Winter,1,Thursday,22.8,,,20,
2675,2024-01-25,12:00,Winter,1,Thursday,22.1,1016.9,60,14.4,Cloudy
2674,2024-01-25,14:00,Winter,1,Thursday,22.2,1018.7,37.8,9.3,Partly Cloudy
2677,2024-01-27,04:00,Winter,1,Saturday,16,1016.8,62.1,12.4,Fog
2676,2024-01-27,06:00,Winter,1,Saturday,19.8,1011,48.3,17.1,Clear
2679,2024-01-28,15:00,Winter,1,Sunday,25.7,1013.1,66.9,15.7,Clear
2678,2024-01-28,16:00,Winter,1,Sunday,19.1,1020.7,57.6,16.2,Clear
2680,2024-01-28,22:00,Winter,1,Sunday,10.6,1023.4,50.8,10,Fog
2681,2024-01-29,01:00,Winter,1,Monday,6.2,1013.4,38.2,20.3,Partly Cloudy
2685,2024-01-29,06:00,Winter,1,Monday,12.9,1018.3,61.3,12.1,Cloudy
2686,2024-01-29,12:00,Winter,1,Monday,22.3,1014.7,59.5,9.8,Cloudy
2684,2024-01-29,16:00,Winter,1,Monday,19.1,1028.6,39.8,13.6,Haze
2683,2024-01-29,17:00,Winter,1,Monday,19.3,1022.7,41.9,15.2,Fog
2687,2024-01-29,17:00,Winter,1,Monday,19,1023.9,62.5,10.1,Haze
2682,2024-01-29,21:00,Winter,1,Monday,15.2,1015.3,33.3,15.8,Haze
2691,2024-01-31,10:00,Winter,1,Wednesday,20.7,1017.5,41.6,11.6,Clear
2690,2024-01-31,12:00,Winter,1,Wednesday,22.8,1021.1,48.4,14.2,Cloudy
2688,2024-01-31,13:00,Winter,1,Wednesday,23,1010.6,67.5,13.1,Clear
2689,2024-01-31,17:00,Winter,1,Wednesday,23.6,1021.5,59.5,13.6,Haze
2692,2024-01-31,20:00,Winter,1,Wednesday,15.6,1016.7,57.5,9.6,Clear
2694,2024-02-01,15:00,Winter,2,Thursday,23,1020.4,53,12.3,Haze
2693,2024-02-01,20:00,Winter,2,Thursday,16.6,1020.6,58.7,13.1,Fog
2695,2024-02-01,22:00,Winter,2,Thursday,11.9,1020.1,55.2,10.9,Fog
2697,2024-02-02,07:00,Winter,2,Friday,16.7,1019.6,55.1,9,Cloudy
2696,2024-02-02,16:00,Winter,2,Friday,22.8,1016.5,61.1,10.5,Clear
2698,2024-02-02,18:00,Winter,2,Friday,19.1,1014.4,55.7,13.2,Clear
2701,2024-02-03,08:00,Winter,2,Saturday,20.2,1020.5,32.7,10.9,Clear
2703,2024-02-03,09:00,Winter,2,Saturday,23.2,1018.5,46.8,12.9,Clear
2704,2024-02-03,11:00,Winter,2,Saturday,21.6,1023.3,45,10.3,Haze
2700,2024-02-03,14:00,Winter,2,Saturday,22.6,1014.6,76.8,12.2,Cloudy
2699,2024-02-03,19:00,Winter,2,Saturday,15.5,1015.2,68.5,13.6,Clear
2702,2024-02-03,19:00,Winter,2,Saturday,19.6,1019.3,64.2,14.8,Fog
2705,2024-02-03,20:00,Winter,2,Saturday,16.4,1016.9,37.3,11,Haze
2708,2024-02-06,00:00,Winter,2,Tuesday,13,1017.9,59.2,12.8,Fog
2710,2024-02-06,08:00,Winter,2,Tuesday,25.2,1017.5,60.9,,Clear
2707,2024-02-06,19:00,Winter,2,Tuesday,21.4,1018.9,54.5,11.6,Fog
2709,2024-02-06,19:00,Winter,2,Tuesday,20.5,1018.3,59.7,11.6,Clear
2706,2024-02-06,22:00,Winter,2,Tuesday,68,1013.6,56.4,11.5,Fog
2713,2024-02-07,00:00,Winter,2,Wednesday,9.4,1020.4,50.4,11.9,Fog
2714,2024-02-07,11:00,Winter,2,Wednesday,24.8,1016.1,60.6,9.1,Cloudy
2712,2024-02-07,14:00,Winter,2,Wednesday,24.5,1016.5,59.1,14.3,Partly Cloudy
2711,2024-02-07,21:00,Winter,2,Wednesday,13.4,1023.7,60.5,9.5,Fog
2717,2024-02-08,01:00,Winter,2,Thursday,11.7,1015.2,52.6,11.9,Cloudy
2715,2024-02-08,02:00,Winter,2,Thursday,12.1,1020.1,37,12.5,Clear
2719,2024-02-08,08:00,Winter,2,Thursday,18.8,1013.7,65.4,8.9,Cloudy
2716,2024-02-08,10:00,Winter,2,Thursday,26.2,1019.6,52.4,10.9,Clear
2718,2024-02-08,15:00,Winter,2,Thursday,21.9,1014.3,71.3,8.1,Clear
2722,2024-02-09,00:00,Winter,2,Friday,13.8,1020.7,51.2,8.2,Clear
2721,2024-02-09,11:00,Winter,2,Friday,26.8,1014.4,29.3,12,Cloudy
2723,2024-02-09,12:00,Winter,2,Friday,26.2,1021.3,56.2,16.1,Partly Cloudy
2724,2024-02-09,13:00,Winter,2,Friday,25.4,1028.1,49.6,9.3,Cloudy
2720,2024-02-09,14:00,Winter,2,Friday,22.8,1014.6,53.4,8.6,Clear
2725,2024-02-10,07:00,Winter,2,Saturday,16.9,1019.9,67.6,18.3,Clear
2726,2024-02-10,07:00,Winter,2,Saturday,17.8,1012.1,46.9,12.8,Haze
2727,2024-02-10,11:00,Winter,2,Saturday,28.9,1016.6,56.2,10.1,Haze
2728,2024-02-11,00:00,Winter,2,Sunday,13,1022.1,50,13.4,Cloudy
2730,2024-02-11,07:00,Winter,2,Sunday,17.6,1016.1,66.6,11.5,Clear
2731,2024-02-11,09:00,Winter,2,Sunday,19.7,1019.1,59.9,8.4,Clear
2729,2024-02-11,10:00,Winter,2,Sunday,25.2,1019,56,11.8,Partly Cloudy
2734,2024-02-12,06:00,Winter,2,Monday,15.3,1026.6,79.6,18.2,Clear
2733,2024-02-12,10:00,Winter,2,Monday,22.9,1019,53.2,19.7,Fog
2732,2024-02-12,18:00,Winter,2,Monday,17.8,1016.1,37.9,11.9,Fog
2737,2024-02-13,00:00,Winter,2,Tuesday,14.4,1023.2,73.6,11.4,Clear
2740,2024-02-13,07:00,Winter,2,Tuesday,17.1,1013.8,51.4,13.4,Fog
2735,2024-02-13,10:00,Winter,2,Tuesday,24,1024,56.9,8.6,Clear
2736,2024-02-13,16:00,Winter,2,Tuesday,19.1,1023.8,36.5,9.2,Clear
2738,2024-02-13,20:00,Winter,2,Tuesday,15.9,1019.5,55.3,10.3,Partly Cloudy
2739,2024-02-13,20:00,Winter,2,Tuesday,13.8,1013.7,43.3,16.2,Clear
2741,2024-02-14,22:00,Winter,2,Wednesday,10.5,1016.9,39.6,24,Haze
2742,2024-02-14,23:00,Winter,2,Wednesday,,1017.4,57.3,8.3,Clear
2747,2024-02-15,04:00,Winter,2,Thursday,12.5,1017.9,57.6,11.7,Fog
2743,2024-02-15,05:00,Winter,2,Thursday,15.8,1018.1,57.3,13.9,Clear
2746,2024-02-15,05:00,Winter,2,Thursday,14.6,1015.9,42.9,10,Haze
2751,2024-02-15,07:00,Winter,2,Thursday,21.7,1022.7,51.8,10.9,Cloudy
2752,2024-02-15,08:00,Winter,2,Thursday,23.1,1017.7,48.2,13.6,Cloudy
2748,2024-02-15,12:00,Winter,2,Thursday,21.6,1016.7,63.9,11.5,Clear
2745,2024-02-15,17:00,Winter,2,Thursday,19.6,1016.4,51.8,9.3,Partly Cloudy
2749,2024-02-15,18:00,Winter,2,Thursday,9.3,1013,66.6,11.6,Clear
2744,2024-02-15,21:00,Winter,2,Thursday,13.3,1021.3,57.2,16.6,Cloudy
2750,2024-02-15,21:00,Winter,2,Thursday,10.1,1014.5,58.9,11.5,Clear
2754,2024-02-16,02:00,Winter,2,Friday,9.9,1013.2,76,10.8,Clear
2753,2024-02-16,16:00,Winter,2,Friday,17,1022.4,67.2,14.7,Partly Cloudy
2755,2024-02-16,18:00,Winter,2,Friday,18.6,1020.7,62.8,9.5,Partly Cloudy
2756,2024-02-17,10:00,Winter,2,Saturday,,1025,44.2,12.4,Partly Cloudy
2758,2024-02-17,16:00,Winter,2,Saturday,24.4,1022.5,54.4,13.7,Partly Cloudy
2760,2024-02-17,18:00,Winter,2,Saturday,15.5,1017.2,57.1,10.2,Fog
2759,2024-02-17,20:00,Winter,2,Saturday,16.9,1015.3,44,12.2,Clear
2757,2024-02-17,23:00,Winter,2,Saturday,14,1017.5,62.4,8.7,Clear
2761,2024-02-18,01:00,Winter,2,Sunday,14.9,1013.5,40.4,10.5,Fog
2766,2024-02-18,05:00,Winter,2,Sunday,17,1024.5,47.9,19.4,Partly Cloudy
2764,2024-02-18,06:00,Winter,2,Sunday,17,1015.1,58.1,9.4,
2762,2024-02-18,07:00,Winter,2,Sunday,20.5,1017.6,43.3,10.8,Clear
2765,2024-02-18,16:00,Winter,2,Sunday,24.9,1013.6,53.3,15.9,Fog
2763,2024-02-18,18:00,Winter,2,Sunday,18.2,1017.2,61.5,8.4,Clear
2767,2024-02-18,18:00,Winter,2,Sunday,15.9,1017,76.2,11.1,Clear
2769,2024-02-19,05:00,Winter,2,Monday,16.7,1026.4,58.7,10.1,Cloudy
2768,2024-02-19,23:00,Winter,2,Monday,9.6,1011.5,36.3,10.1,Haze
2770,2024-02-20,01:00,Winter,2,Tuesday,12.6,1018.1,56,17.4,Fog
2773,2024-02-20,04:00,Winter,2,Tuesday,12.9,1017.1,50.3,9.5,Partly Cloudy
2771,2024-02-20,05:00,Winter,2,Tuesday,17.5,1028.2,55,9.3,Cloudy
2774,2024-02-20,18:00,Winter,2,Tuesday,20.1,1017.1,69.9,9.4,Clear
2775,2024-02-20,19:00,Winter,2,Tuesday,14.4,1025.1,59.3,12.2,Haze
2772,2024-02-20,22:00,Winter,2,Tuesday,13.4,1015.4,63.1,15.5,Clear
2776,2024-02-21,03:00,Winter,2,Wednesday,12.1,1024.6,53.1,10.7,Clear
2777,2024-02-21,21:00,Winter,2,Wednesday,16.8,1014.4,41.6,11.8,Haze
2780,2024-02-22,03:00,Winter,2,Thursday,16,1020.4,56.7,8.7,Clear
2779,2024-02-22,10:00,Winter,2,Thursday,19.3,1013.3,65.7,9.7,Fog
2781,2024-02-22,12:00,Winter,2,Thursday,26.6,1011.5,52.6,10.4,Cloudy
2778,2024-02-22,16:00,Winter,2,Thursday,21.8,1026.7,32.2,10.2,Clear
2783,2024-02-22,16:00,Winter,2,Thursday,20.3,1014.8,63.9,14.9,Partly Cloudy
2782,2024-02-22,19:00,Winter,2,Thursday,14.4,1020,32.2,23.2,Clear
2785,2024-02-23,03:00,Winter,2,Friday,13.7,1019,63.8,10,Clear
2784,2024-02-23,08:00,Winter,2,Friday,22.6,1020.7,67.8,15.5,Clear
2789,2024-02-24,02:00,Winter,2,Saturday,13.9,1017.7,64.6,14.1,Haze
2787,2024-02-24,13:00,Winter,2,Saturday,24.5,1014.3,64.6,9.9,Haze
2788,2024-02-24,18:00,Winter,2,Saturday,19,1017.8,47.5,13.2,Clear
2786,2024-02-24,22:00,Winter,2,Saturday,12.7,1018.7,45.9,10.5,Partly Cloudy
2790,2024-02-25,13:00,Winter,2,Sunday,24.8,1014.5,61,15.6,Clear
2793,2024-02-26,00:00,Winter,2,Monday,12.7,1016.4,60.8,16.6,Clear
2791,2024-02-26,07:00,Winter,2,Monday,22.6,1020.1,56.5,11.7,Clear
2794,2024-02-26,09:00,Winter,2,Monday,20.8,1024.1,64.6,8.2,
2792,2024-02-26,23:00,Winter,2,Monday,11.4,1019.2,47.8,8.8,Haze
2795,2024-02-27,17:00,Winter,2,Tuesday,20.6,1018.4,76.3,18.2,Haze
2798,2024-02-28,00:00,Winter,2,Wednesday,13.6,1021.6,51.4,8.9,Fog
2797,2024-02-28,07:00,Winter,2,Wednesday,18.1,1014.6,45.1,9.9,Clear
2799,2024-02-28,11:00,Winter,2,Wednesday,22,1011.9,47.1,11.3,Fog
2796,2024-02-28,15:00,Winter,2,Wednesday,24.2,1014.5,46.2,12.2,Clear
2800,2024-02-29,07:00,Winter,2,Thursday,16.4,1013.2,67.2,8.4,Fog
2801,2024-03-01,23:00,Summer,3,Friday,27.7,1005.6,45.4,20.3,Clear
2804,2024-03-02,03:00,Summer,3,Saturday,26.3,1006.7,58,22.9,Clear
2805,2024-03-02,05:00,Summer,3,Saturday,32.4,1000.4,53.3,14.4,Partly Cloudy
2802,2024-03-02,15:00,Summer,3,Saturday,38,1005.2,24.1,12.2,Haze
2803,2024-03-02,17:00,Summer,3,Saturday,38.8,1003.8,39.7,15.8,Clear
2807,2024-03-03,08:00,Summer,3,Sunday,38.9,1003.4,,12.1,Partly Cloudy
2806,2024-03-03,11:00,Summer,3,Sunday,38.8,1003.6,34.8,22.6,Cloudy
2808,2024-03-03,14:00,Summer,3,Sunday,39.6,1012.4,40.1,16.1,Cloudy
2809,2024-03-03,15:00,Summer,3,Sunday,36,1013,37.5,17.4,Fog
2816,2024-03-04,01:00,Summer,3,Monday,28,1004.9,49.3,13.8,Partly Cloudy
2811,2024-03-04,11:00,Summer,3,Monday,36.8,1008,42.7,17.8,Haze
2815,2024-03-04,12:00,Summer,3,Monday,37.3,1006.1,49.7,17.9,Clear
2814,2024-03-04,13:00,Summer,3,Monday,45.5,999.4,28.7,13.9,Partly Cloudy
2813,2024-03-04,22:00,Summer,3,Monday,28.3,1007.2,32.9,15.4,Fog
2810,2024-03-04,23:00,Summer,3,Monday,29.8,1010.9,46.9,18.6,Clear
2812,2024-03-04,23:00,Summer,3,Monday,31.9,1003,27.9,13.1,Clear
2817,2024-03-05,02:00,Summer,3,Tuesday,34.2,996.3,38.3,15.2,Partly Cloudy
2819,2024-03-05,21:00,Summer,3,Tuesday,27,1002.2,31.8,12.9,Cloudy
2818,2024-03-05,23:00,Summer,3,Tuesday,29.7,1007.7,56.1,12.7,Cloudy
2823,2024-03-06,07:00,Summer,3,Wednesday,38.2,1009.2,36.3,12.6,Clear
2821,2024-03-06,08:00,Summer,3,Wednesday,38.9,1007.7,68.1,13.3,Haze
2820,2024-03-06,09:00,Summer,3,Wednesday,40.4,997.7,49,27.2,Clear
2822,2024-03-06,19:00,Summer,3,Wednesday,29.6,1005.1,49.9,21.1,Clear
2826,2024-03-07,02:00,Summer,3,Thursday,26.4,1003.1,54.3,22.6,Haze
2824,2024-03-07,09:00,Summer,3,Thursday,38.2,1002.4,53.3,15.9,Clear
2825,2024-03-07,18:00,Summer,3,Thursday,35.6,1007.7,38.9,19.4,Cloudy
2827,2024-03-07,23:00,Summer,3,Thursday,31,1001.7,35,17.9,Clear
2829,2024-03-08,02:00,Summer,3,Friday,28.7,1008.5,51.2,17.5,Partly Cloudy
2833,2024-03-08,02:00,Summer,3,Friday,25.8,1005.7,35.2,18.6,Clear
2828,2024-03-08,04:00,Summer,3,Friday,29.3,1003.4,41.6,12.7,Partly Cloudy
2834,2024-03-08,11:00,Summer,3,Friday,38.2,1009.4,38.8,24.2,Cloudy
2832,2024-03-08,14:00,Summer,3,Friday,38.2,1004.6,33.3,14.8,Clear
2830,2024-03-08,15:00,Summer,3,Friday,36.5,1007.6,50.7,12,Clear
2831,2024-03-08,16:00,Summer,3,Friday,37.2,1006.7,65.6,15,Partly Cloudy
2835,2024-03-09,08:00,Summer,3,Saturday,36,1005.7,45.8,15.2,Cloudy
2839,2024-03-10,01:00,Summer,3,Sunday,27.1,1002.3,55.6,13.5,Clear
2837,2024-03-10,11:00,Summer,3,Sunday,39.1,1003.7,36,16,Fog
2843,2024-03-10,11:00,Summer,3,Sunday,42,1005.2,45.4,12.9,Clear
2838,2024-03-10,14:00,Summer,3,Sunday,39.3,,24.8,13.2,Cloudy
2841,2024-03-10,17:00,Summer,3,Sunday,36.6,1010.7,49.3,16.2,Clear
2842,2024-03-10,19:00,Summer,3,Sunday,31.8,1005.1,36.4,12.3,Clear
2836,2024-03-10,20:00,Summer,3,Sunday,28.1,1001.8,51,20.8,Haze
2840,2024-03-10,22:00,Summer,3,Sunday,28.6,1008.4,32,16.9,Clear
2845,2024-03-11,03:00,Summer,3,Monday,31.1,1005.3,34.2,16.8,Haze
2847,2024-03-11,15:00,Summer,3,Monday,39.9,1001.7,40.9,15.1,CLEAR
2844,2024-03-11,22:00,Summer,3,Monday,31.4,1004.2,46.3,13.8,Fog
2846,2024-03-11,22:00,Summer,3,Monday,30.4,1007.9,37.2,20.5,Clear
2848,2024-03-11,22:00,Summer,3,Monday,29.7,1003.8,55.9,13.9,Cloudy
2850,2024-03-12,00:00,Summer,3,Tuesday,28.7,1000.2,46.4,13.1,Fog
2852,2024-03-12,01:00,Summer,3,Tuesday,24.8,1005.7,39.4,14.2,Partly Cloudy
2853,2024-03-12,02:00,Summer,3,Tuesday,25.7,1002.6,37.3,12.1,Cloudy
2849,2024-03-12,15:00,Summer,3,Tuesday,40.2,1005.7,61.4,16,Clear
2851,2024-03-12,21:00,Summer,3,Tuesday,28.2,999.9,29.2,12.3,Clear
2856,2024-03-13,16:00,Summer,3,Wednesday,37.9,1005.9,45.7,12.1,Cloudy
2855,2024-03-13,19:00,Summer,3,Wednesday,33.2,1003.8,51.9,16.8,Clear
2857,2024-03-13,19:00,Summer,3,Wednesday,32.7,1002.7,46.8,18.6,Partly Cloudy
2854,2024-03-13,20:00,Summer,3,Wednesday,32.6,1003.6,56.9,12,Clear
2859,2024-03-13,20:00,Summer,3,Wednesday,28.8,1008.1,54.5,13,Clear
2858,2024-03-13,21:00,Summer,3,Wednesday,30.9,998.9,,16.8,Clear
2860,2024-03-14,00:00,Summer,3,Thursday,24.1,1002.7,49.7,14.5,Partly Cloudy
2862,2024-03-14,05:00,Summer,3,Thursday,35.7,1002.4,39.1,17.9,Clear
2864,2024-03-14,13:00,Summer,3,Thursday,41.8,1013.6,50.8,19.1,Haze
2863,2024-03-14,14:00,Summer,3,Thursday,39.6,1007.1,49.2,15.4,Clear
2861,2024-03-14,19:00,Summer,3,Thursday,32.4,1001,33.5,12.6,Partly Cloudy
2870,2024-03-15,04:00,Summer,3,Friday,28.6,1007.9,47.7,12.7,Clear
2871,2024-03-15,05:00,Summer,3,Friday,30,1007.1,42.3,16.1,Haze
2873,2024-03-15,10:00,Summer,3,Friday,38.8,1007.4,61.2,14.7,Partly Cloudy
2867,2024-03-15,13:00,Summer,3,Friday,36.3,1006.8,,14,Cloudy
2866,2024-03-15,14:00,Summer,3,Friday,37.1,1010.3,71.6,12.9,Fog
2872,2024-03-15,16:00,Summer,3,Friday,34.9,1000.8,39.2,13.8,Clear
2865,2024-03-15,19:00,Summer,3,Friday,33.2,1006,18.8,28.4,Haze
2868,2024-03-15,20:00,Summer,3,Friday,31.5,1005.7,46,24.6,Partly Cloudy
2869,2024-03-15,23:00,Summer,3,Friday,26.3,999.5,50,15.7,Fog
2878,2024-03-16,03:00,Summer,3,Saturday,28.2,1010.8,48,,Cloudy
2875,2024-03-16,11:00,Summer,3,Saturday,40.9,1009.7,63.4,17.5,Clear
2876,2024-03-16,14:00,Summer,3,Saturday,,1009.3,,,Partly Cloudy
2874,2024-03-16,15:00,Summer,3,Saturday,40.9,1004.5,51.7,15.8,Clear
2877,2024-03-16,22:00,Summer,3,Saturday,26.3,1010.5,56.1,24.2,Cloudy
2881,2024-03-17,02:00,Summer,3,Sunday,33.3,998.5,60.2,19.8,Fog
2879,2024-03-17,17:00,Summer,3,Sunday,33.2,1002.3,33,12.5,Partly Cloudy
2880,2024-03-17,20:00,Summer,3,Sunday,27.9,1009.1,56.7,14.9,Haze
2882,2024-03-19,21:00,Summer,3,Tuesday,30.9,1000.4,39.6,15.5,Partly Cloudy
2885,2024-03-21,02:00,Summer,3,Thursday,31,1003.9,34.2,15.7,Clear
2883,2024-03-21,07:00,Summer,3,Thursday,35.4,1005.6,34.2,14,Haze
2884,2024-03-21,22:00,Summer,3,Thursday,25.7,1013.4,68.1,14.7,Haze
2886,2024-03-22,07:00,Summer,3,Friday,35,1005.7,37.7,19.8,Haze
2888,2024-03-22,09:00,Summer,3,Friday,39.4,1006,36.1,16.6,Clear
2887,2024-03-22,17:00,Summer,3,Friday,36.5,1003.5,63.3,13.9,Clear
2889,2024-03-22,19:00,Summer,3,Friday,33.1,998.1,39.8,16.7,Haze
2891,2024-03-23,07:00,Summer,3,Saturday,36.4,1002.7,40,18.2,Clear
2893,2024-03-23,10:00,Summer,3,Saturday,38.3,1001.2,47.3,17.4,Clear
2890,2024-03-23,16:00,Summer,3,Saturday,32.4,1004.3,32.2,12.2,Haze
2892,2024-03-23,22:00,Summer,3,Saturday,30.9,1001.9,58.7,15.8,Clear
2894,2024-03-24,04:00,Summer,3,Sunday,32,1007.2,44.1,21,Haze
2898,2024-03-24,04:00,Summer,3,Sunday,32,1004.8,,18.5,Haze
2895,2024-03-24,12:00,Summer,3,Sunday,38.3,1011.2,49.5,12.2,Cloudy
2896,2024-03-24,20:00,Summer,3,Sunday,32.4,1001.7,41.8,22.6,Partly Cloudy
2897,2024-03-24,22:00,Summer,3,Sunday,29.2,1005.2,54.4,16.2,Clear
2905,2024-03-25,01:00,Summer,3,Monday,24.9,1010.7,31.6,14.9,Haze
2902,2024-03-25,04:00,Summer,3,Monday,34.1,999.1,40.1,15.2,Cloudy
2901,2024-03-25,05:00,Summer,3,Monday,30.3,1009.1,47.5,12.1,Haze
2903,2024-03-25,08:00,Summer,3,Monday,35.1,1000.7,54.3,12.6,Partly Cloudy
2900,2024-03-25,12:00,Summer,3,Monday,39.9,1003.3,41.7,12.4,Haze
2904,2024-03-25,15:00,Summer,3,Monday,38.4,1004.3,15,15.4,Partly Cloudy
2899,2024-03-25,23:00,Summer,3,Monday,29.6,1011.7,64.3,13.8,Clear
2906,2024-03-26,00:00,Summer,3,Tuesday,27.9,1004.5,52.6,15.6,Clear
2907,2024-03-26,07:00,Summer,3,Tuesday,40,1014.9,30.5,14.5,Partly Cloudy
2909,2024-03-26,10:00,Summer,3,Tuesday,-5,1005.6,39.2,20.2,Haze
2910,2024-03-26,11:00,Summer,3,Tuesday,42.1,1012,31.1,16.2,Clear
2911,2024-03-26,11:00,Summer,3,Tuesday,41.1,1007.6,56.9,20.5,Partly Cloudy
2908,2024-03-26,18:00,Summer,3,Tuesday,34.9,1004.2,55.9,12.5,Clear
2912,2024-03-27,06:00,Summer,3,Wednesday,32.7,1009.4,36.6,20.5,Haze
2914,2024-03-27,07:00,Summer,3,Wednesday,37.9,1006.7,38.2,18.1,Haze
2913,2024-03-27,12:00,Summer,3,Wednesday,37.2,1011.9,62.8,12.6,Haze
2915,2024-03-27,21:00,Summer,3,Wednesday,28.4,998.8,52.7,14.2,Clear
2916,2024-03-28,08:00,Summer,3,Thursday,38.5,998,38.5,13.1,Partly Cloudy
2917,2024-03-29,06:00,Summer,3,Friday,37.2,1005.4,38.5,15.5,Partly Cloudy
2918,2024-03-29,20:00,Summer,3,Friday,33.4,1007.7,42.3,13.2,Clear
2919,2024-03-29,23:00,Summer,3,Friday,28.6,1004.7,35,12.2,Clear
2921,2024-03-30,01:00,Summer,3,Saturday,30.3,1005.8,36.1,23.2,Clear
2920,2024-03-30,14:00,Summer,3,Saturday,38.6,1008.3,31.5,17.2,Clear
2923,2024-03-30,19:00,Summer,3,Saturday,35.4,1002.1,49,12.7,Clear
2922,2024-03-30,22:00,Summer,3,Saturday,25,1002.7,55.4,16.8,Partly Cloudy
2925,2024-03-31,00:00,Summer,3,Sunday,24.8,1003.8,39.7,12.1,Haze
2924,2024-03-31,11:00,Summer,3,Sunday,48.2,1003.8,44.4,13,Fog
2931,2024-04-01,00:00,Summer,4,Monday,26.6,1003.1,52,13.4,Haze
2932,2024-04-01,00:00,Summer,4,Monday,27.4,1007.4,44.7,21.3,
2929,2024-04-01,04:00,Summer,4,Monday,30.1,998.8,39.9,12.7,Haze
2928,2024-04-01,07:00,Summer,4,Monday,34.2,,52.5,12.5,Haze
2930,2024-04-01,14:00,Summer,4,Monday,42.2,1005.7,51.3,16,Clear
2927,2024-04-01,21:00,Summer,4,Monday,29.8,1009.9,29.2,13.4,Clear
2926,2024-04-01,22:00,Summer,4,Monday,24.5,1009.6,39.7,14.3,Cloudy
2933,2024-04-02,09:00,Summer,4,Tuesday,34.2,1000.4,37.9,17.4,Partly Cloudy
2935,2024-04-02,09:00,Summer,4,Tuesday,36.8,1004.4,,17.2,Haze
2937,2024-04-02,14:00,Summer,4,Tuesday,44.2,1007.4,44.1,15,Partly Cloudy
2936,2024-04-02,20:00,Summer,4,Tuesday,33.4,1000.5,34,14.6,Clear
2934,2024-04-02,21:00,Summer,4,Tuesday,28,1004.2,41.6,17.8,Cloudy
2940,2024-04-03,05:00,Summer,4,Wednesday,32.4,1008.2,29,14.6,Haze
2938,2024-04-03,16:00,Summer,4,Wednesday,40.5,1010.7,38.3,14.1,Clear
2939,2024-04-03,21:00,Summer,4,Wednesday,26.8,1012.5,40.8,21.9,Partly Cloudy
2941,2024-04-04,02:00,Summer,4,Thursday,28.7,1011.7,52,22.2,Cloudy
2944,2024-04-04,07:00,Summer,4,Thursday,36.9,1006.9,44.3,16.1,Haze
2942,2024-04-04,12:00,Summer,4,Thursday,40.7,1006.6,35.7,16.8,Partly Cloudy
2945,2024-04-04,14:00,Summer,4,Thursday,39.1,1007.2,24.1,12.3,Clear
2943,2024-04-04,15:00,Summer,4,Thursday,39.2,1000.2,31.9,27,Haze
2949,2024-04-05,12:00,Summer,4,Friday,39.8,1009.8,46.1,12.1,Fog
2946,2024-04-05,16:00,Summer,4,Friday,41.8,1001.7,44.6,20.5,Haze
2947,2024-04-05,16:00,Summer,4,Friday,38.1,,38.1,22.1,Clear
2950,2024-04-05,16:00,Summer,4,Friday,38.6,1003.4,38.2,13,Haze
2948,2024-04-05,21:00,Summer,4,Friday,24.4,1008.2,50.6,14.8,Haze
2951,2024-04-06,05:00,Summer,4,Saturday,33.3,1003.2,39.9,19.1,Partly Cloudy
2954,2024-04-06,13:00,Summer,4,Saturday,34.3,1002.7,44.6,12.2,Cloudy
2953,2024-04-06,15:00,Summer,4,Saturday,39.8,1001.6,22.3,21.9,Haze
2952,2024-04-06,16:00,Summer,4,Saturday,33.1,1004.7,37.1,17.2,Clear
2957,2024-04-07,02:00,Summer,4,Sunday,27,1004.1,48.3,17.9,Fog
2956,2024-04-07,05:00,Summer,4,Sunday,34.1,998.2,46.1,13.4,Clear
2961,2024-04-07,07:00,Summer,4,Sunday,36.4,1006.6,48.4,21.2,Clear
2955,2024-04-07,12:00,Summer,4,Sunday,44.4,1003.6,47.2,15.9,Cloudy
2958,2024-04-07,13:00,Summer,4,Sunday,39.7,1003.7,42.1,16.6,Clear
2959,2024-04-07,13:00,Summer,4,Sunday,42.3,1002.9,44,19.4,Cloudy
2960,2024-04-07,14:00,Summer,4,Sunday,39,1005.6,54.8,13.3,Partly Cloudy
2962,2024-04-07,14:00,Summer,4,Sunday,36.2,1004.4,53.3,14.6,Cloudy
2964,2024-04-08,12:00,Summer,4,Monday,39.4,999.6,33.8,12.1,Partly Cloudy
2965,2024-04-08,16:00,Summer,4,Monday,40.6,1006.8,30.7,13.1,Clear
2966,2024-04-08,20:00,Summer,4,Monday,28,1005.8,42.3,19.9,Clear
2963,2024-04-08,21:00,Summer,4,Monday,29.7,1014.8,52.8,21.2,Fog
2968,2024-04-09,02:00,Summer,4,Tuesday,26.3,1004.1,38.7,21.9,Clear
2969,2024-04-09,05:00,Summer,4,Tuesday,35.5,997.9,40.4,13.3,Haze
2967,2024-04-09,23:00,Summer,4,Tuesday,26.6,1003.4,31.6,18.1,Cloudy
2974,2024-04-10,01:00,Summer,4,Wednesday,28.2,999.3,43.6,23.3,Clear
2970,2024-04-10,04:00,Summer,4,Wednesday,32.9,999.1,51.9,13.5,Clear
2975,2024-04-10,14:00,Summer,4,Wednesday,38.7,1007.1,47.7,13.2,Clear
2972,2024-04-10,16:00,Summer,4,Wednesday,34.2,1006.7,42,17.2,Clear
2971,2024-04-10,21:00,Summer,4,Wednesday,25.5,1006.1,42,12.9,Fog
2973,2024-04-10,22:00,Summer,4,Wednesday,28.2,997.9,46.4,,Haze
2976,2024-04-11,04:00,Summer,4,Thursday,32.2,1008.1,42.6,14.3,Cloudy
2978,2024-04-11,05:00,Summer,4,Thursday,30.7,1002.3,29.7,22.2,Clear
2977,2024-04-11,19:00,Summer,4,Thursday,29.3,1004,43.1,16.3,Clear
2979,2024-04-12,05:00,Summer,4,Friday,33.2,1008.9,45.2,14.4,Partly Cloudy
2980,2024-04-12,17:00,Summer,4,Friday,35.3,1002.4,51,12.4,Haze
2981,2024-04-12,17:00,Summer,4,Friday,33.5,1009.2,38.1,18.5,Clear
2982,2024-04-13,03:00,Summer,4,Saturday,31.7,1004.8,51.4,22.2,Clear
2983,2024-04-13,16:00,Summer,4,Saturday,34.8,999.3,58.1,13.2,Clear
2987,2024-04-14,06:00,Summer,4,Sunday,35.6,1004,43.6,,Haze
2986,2024-04-14,12:00,Summer,4,Sunday,42.1,1002.4,60.5,13.4,Haze
2984,2024-04-14,13:00,Summer,4,Sunday,39.3,1008.5,45.5,21.4,Partly Cloudy
2985,2024-04-14,13:00,Summer,4,Sunday,38.2,1007,40.5,15.1,Partly Cloudy
2988,2024-04-15,11:00,Summer,4,Monday,35.9,1010.1,27.2,16.5,Fog
2990,2024-04-15,14:00,Summer,4,Monday,43,995.3,45.9,17.5,Partly Cloudy
2989,2024-04-15,22:00,Summer,4,Monday,26.7,1005.7,38.5,12.2,Clear
2992,2024-04-16,10:00,Summer,4,Tuesday,37,1010.5,38.5,18.2,Clear
2994,2024-04-16,11:00,Summer,4,Tuesday,41.9,1003.3,58,13.7,Haze
2993,2024-04-16,14:00,Summer,4,Tuesday,39.6,1005,51.3,17,Haze
2991,2024-04-16,18:00,Summer,4,Tuesday,36,1001.7,48.5,16.9,Clear
2995,2024-04-17,02:00,Summer,4,Wednesday,30.2,1006.5,43.9,12.1,Clear
2997,2024-04-17,02:00,Summer,4,Wednesday,26.1,1007,44.2,13.6,Clear
2996,2024-04-17,16:00,Summer,4,Wednesday,37.6,1007.2,36.4,19,Partly Cloudy
2998,2024-04-17,18:00,Summer,4,Wednesday,32.1,1004,31.7,15.8,Partly Cloudy
2999,2024-04-17,19:00,Summer,4,Wednesday,30.2,995.9,57.5,16.2,Clear
3001,2024-04-18,02:00,Summer,4,Thursday,27.5,1004.2,54.9,17.9,Haze
3000,2024-04-18,03:00,Summer,4,Thursday,30,1006.5,58.3,13.6,Clear
3007,2024-04-19,06:00,Summer,4,Friday,39.5,1000.7,19.2,22.2,Fog
3004,2024-04-19,07:00,Summer,4,Friday,35.3,1003.1,31.7,17.4,Haze
3008,2024-04-19,10:00,Summer,4,Friday,38.2,1003.5,41,,Haze
3003,2024-04-19,11:00,Summer,4,Friday,35.4,1005,33.3,24.2,Partly Cloudy
3002,2024-04-19,15:00,Summer,4,Friday,41.7,1002.2,37,22.9,Cloudy
3006,2024-04-19,16:00,Summer,4,Friday,36.4,1006.8,38.6,13.1,Clear
3005,2024-04-19,23:00,Summer,4,Friday,31.4,1002.2,41.7,13.9,Partly Cloudy
3009,2024-04-20,17:00,Summer,4,Saturday,30.7,1004.3,43.3,,Clear
3010,2024-04-21,00:00,Summer,4,Sunday,26.6,1003.3,59.2,18.4,Partly Cloudy
3011,2024-04-21,02:00,Summer,4,Sunday,27.5,1007.1,32.6,14.8,Haze
3012,2024-04-21,03:00,Summer,4,Sunday,28.3,1006.6,39,15.7,Haze
3013,2024-04-21,12:00,Summer,4,Sunday,39.2,1006.5,44.7,12.2,Clear
3016,2024-04-22,04:00,Summer,4,Monday,31.1,1011.6,46.7,17.3,Clear
3014,2024-04-22,05:00,Summer,4,Monday,34.6,1002.7,43.2,16.7,Clear
3015,2024-04-22,13:00,Summer,4,Monday,41.6,1001.6,45.4,12.1,Clear
3018,2024-04-23,14:00,Summer,4,Tuesday,38.3,999.3,45.2,13,Partly Cloudy
3017,2024-04-23,15:00,Summer,4,Tuesday,40.7,1006.9,39.2,13.9,Clear
3020,2024-04-24,03:00,Summer,4,Wednesday,27.1,999.4,32.6,19,Partly Cloudy
3021,2024-04-24,07:00,Summer,4,Wednesday,32.2,1006.6,44.3,14.7,Haze
3019,2024-04-24,14:00,Summer,4,Wednesday,41.6,1007.2,46.6,14.7,Haze
3022,2024-04-24,15:00,Summer,4,Wednesday,40.4,1011.1,55,15.8,
3024,2024-04-25,03:00,Summer,4,Thursday,30.7,1004,41.4,17.7,Clear
3023,2024-04-25,15:00,Summer,4,Thursday,34.1,1007,32,15.2,Partly Cloudy
3025,2024-04-26,12:00,Summer,4,Friday,38.6,1006.1,33.5,13.2,Clear
3026,2024-04-26,12:00,Summer,4,Friday,36.9,1009.2,46,15.3,Clear
3027,2024-04-27,01:00,Summer,4,Saturday,28.4,1005.6,65.6,13.2,Partly Cloudy
3028,2024-04-27,02:00,Summer,4,Saturday,27.1,1005.5,34.1,12.5,Partly Cloudy
3030,2024-04-28,07:00,Summer,4,Sunday,37.4,1009.9,53.5,18.3,Cloudy
3032,2024-04-28,14:00,Summer,4,Sunday,37.9,1002.2,52.1,16.9,Clear
3029,2024-04-28,21:00,Summer,4,Sunday,32.8,1007.1,36.4,19.5,Cloudy
3031,2024-04-28,23:00,Summer,4,Sunday,30.1,1001,35.7,13.6,Partly Cloudy
3034,2024-04-29,08:00,Summer,4,Monday,33.6,1001.2,37.1,16.5,Haze
3033,2024-04-29,10:00,Summer,4,Monday,36.7,1003.9,34.9,15.6,Haze
3037,2024-04-30,01:00,Summer,4,Tuesday,30.6,995.2,45.2,13.5,Haze
3035,2024-04-30,06:00,Summer,4,Tuesday,35.6,1001.5,57.2,15.1,Clear
3036,2024-04-30,12:00,Summer,4,Tuesday,38.8,1003.3,65.4,20.1,Partly Cloudy
3039,2024-05-01,06:00,Summer,5,Wednesday,36.3,1002.8,32.1,17.4,Partly Cloudy
3038,2024-05-01,07:00,Summer,5,Wednesday,40.3,1000.8,63,12.9,Cloudy
3041,2024-05-01,11:00,Summer,5,Wednesday,40,,27.4,14.2,Haze
3042,2024-05-01,18:00,Summer,5,Wednesday,40,1003.9,54.3,16,Haze
3040,2024-05-01,23:00,Summer,5,Wednesday,25.7,1004.2,44.9,12.5,Haze
3043,2024-05-02,06:00,Summer,5,Thursday,31.6,1010.9,31.1,14,Cloudy
3044,2024-05-02,09:00,Summer,5,Thursday,38.7,1007,52.6,16.7,Clear
3045,2024-05-02,15:00,Summer,5,Thursday,34,1003.2,62.9,16.6,
3046,2024-05-03,02:00,Summer,5,Friday,29.6,1002.3,47.7,20.9,Clear
3048,2024-05-03,05:00,Summer,5,Friday,30.7,1002.2,25.2,14.8,Fog
3047,2024-05-03,09:00,Summer,5,Friday,42.1,1003.4,38.1,14,Fog
3049,2024-05-03,17:00,Summer,5,Friday,35,1003.1,43.7,26.4,Clear
3051,2024-05-04,04:00,Summer,5,Saturday,26,1010.2,43.8,18.5,Clear
3050,2024-05-04,17:00,Summer,5,Saturday,35.1,1003.7,60.2,13.8,Partly Cloudy
3054,2024-05-05,01:00,Summer,5,Sunday,29.4,1000.8,59.4,12,Clear
3053,2024-05-05,06:00,Summer,5,Sunday,30.9,1006.4,37.4,17.4,Clear
3052,2024-05-05,20:00,Summer,5,Sunday,34.6,1008.9,41.3,12.5,Clear
3058,2024-05-06,04:00,Summer,5,Monday,30,1000.9,38.9,16,Clear
3055,2024-05-06,10:00,Summer,5,Monday,41.1,1000.8,47,23.2,Haze
3056,2024-05-06,12:00,Summer,5,Monday,43.4,1001.5,47.1,27.2,Fog
3057,2024-05-06,22:00,Summer,5,Monday,28,1007.1,32.8,16.1,Fog
3059,2024-05-07,05:00,Summer,5,Tuesday,30.8,1005.8,57.7,13.7,Partly Cloudy
3060,2024-05-07,23:00,Summer,5,Tuesday,30.4,1008.6,38.8,12,Haze
3063,2024-05-08,03:00,Summer,5,Wednesday,34.3,1002.5,50.8,17.9,Haze
3065,2024-05-08,05:00,Summer,5,Wednesday,28.2,1001.6,41.6,18,
3062,2024-05-08,11:00,Summer,5,Wednesday,36,1001.4,49.3,15.6,Clear
3061,2024-05-08,13:00,Summer,5,Wednesday,37.9,1008.6,33.1,20.1,Haze
3064,2024-05-08,22:00,Summer,5,Wednesday,29.2,1001,58.3,14.4,Clear
3066,2024-05-09,09:00,Summer,5,Thursday,40.9,997.6,61,22.2,Haze
3071,2024-05-10,04:00,Summer,5,Friday,,1002.8,40.8,20.5,Clear
3069,2024-05-10,07:00,Summer,5,Friday,33.9,1009.1,40.1,12.6,Partly Cloudy
3070,2024-05-10,08:00,Summer,5,Friday,41.4,1005.9,63.5,17.8,Haze
3068,2024-05-10,14:00,Summer,5,Friday,37.9,1005.3,37.6,12.1,Cloudy
3067,2024-05-10,17:00,Summer,5,Friday,34.9,1003.6,45.1,20.6,Partly Cloudy
3072,2024-05-11,09:00,Summer,5,Saturday,37.9,1002.2,40.2,16,Cloudy
3073,2024-05-11,19:00,Summer,5,Saturday,32.5,1000.4,39.4,102.3,Fog
3074,2024-05-12,05:00,Summer,5,Sunday,33.3,996.8,61.7,16.3,Partly Cloudy
3075,2024-05-12,15:00,Summer,5,Sunday,38.4,1013.2,53,20.6,Fog
3077,2024-05-13,02:00,Summer,5,Monday,28.6,1008,47.4,12.9,Haze
3078,2024-05-13,09:00,Summer,5,Monday,33.9,1000.6,63,16.8,Clear
3079,2024-05-13,10:00,Summer,5,Monday,42.1,1001.7,39.1,15.5,Partly Cloudy
3076,2024-05-13,23:00,Summer,5,Monday,28.2,1003.3,37.9,18.3,Partly Cloudy
3082,2024-05-14,03:00,Summer,5,Tuesday,30.3,1009.4,51.3,13,Clear
3080,2024-05-14,10:00,Summer,5,Tuesday,38.2,1007.1,50.7,18.2,Haze
3081,2024-05-14,16:00,Summer,5,Tuesday,34.8,,46.3,,Haze
3083,2024-05-15,03:00,Summer,5,Wednesday,28,1005.3,35.2,14.3,Clear
3085,2024-05-15,08:00,Summer,5,Wednesday,36.9,1003,41.8,12.3,Partly Cloudy
3084,2024-05-15,16:00,Summer,5,Wednesday,37.4,1007.6,43.6,17.7,Haze
3086,2024-05-15,18:00,Summer,5,Wednesday,32.9,997.7,47.3,12.1,Clear
3093,2024-05-16,00:00,Summer,5,Thursday,26.6,1001.1,,13.8,Fog
3091,2024-05-16,02:00,Summer,5,Thursday,27.5,1000.7,40.1,14.7,Clear
3087,2024-05-16,04:00,Summer,5,Thursday,34.5,1015.1,46.9,15.7,Clear
3090,2024-05-16,05:00,Summer,5,Thursday,30.5,1004.8,26.9,17.5,Clear
3088,2024-05-16,21:00,Summer,5,Thursday,26.3,1004.4,40.6,15,Haze
3092,2024-05-16,21:00,Summer,5,Thursday,36.8,1008,42.4,14.9,Clear
3089,2024-05-16,23:00,Summer,5,Thursday,27.4,1004.1,46.8,20.4,Clear
3094,2024-05-17,19:00,Summer,5,Friday,28.9,1010.4,,23.1,Partly Cloudy
3096,2024-05-18,15:00,Summer,5,Saturday,44.5,1003.6,,16.2,Clear
3095,2024-05-18,21:00,Summer,5,Saturday,33.5,1010.4,,20.5,Clear
3097,2024-05-18,22:00,Summer,5,Saturday,26.3,1004.9,,15.9,Clear
3098,2024-05-19,10:00,Summer,5,Sunday,39.9,1008.3,50.9,12.4,Fog
3101,2024-05-20,02:00,Summer,5,Monday,30.5,1000.5,42.6,16,Clear
3100,2024-05-20,09:00,Summer,5,Monday,34.1,1014.5,51.9,14.6,Clear
3099,2024-05-20,12:00,Summer,5,Monday,36.9,1006,49.9,15.7,Haze
3106,2024-05-21,00:00,Summer,5,Tuesday,25.5,1008.3,39.4,16.8,Fog
3102,2024-05-21,08:00,Summer,5,Tuesday,35.2,1001.7,47.7,18.1,Clear
3109,2024-05-21,08:00,Summer,5,Tuesday,35,1001.7,50.7,14.4,Clear
3103,2024-05-21,11:00,Summer,5,Tuesday,38,1005.8,46,18.1,Haze
3105,2024-05-21,13:00,Summer,5,Tuesday,39.2,1009.2,59.4,23,Clear
3108,2024-05-21,16:00,Summer,5,Tuesday,35.9,1008.3,34.2,15.5,Fog
3107,2024-05-21,17:00,Summer,5,Tuesday,37.4,1003.6,30.6,15.5,Clear
3104,2024-05-21,22:00,Summer,5,Tuesday,30.8,1002.8,40,18.7,Haze
3110,2024-05-22,08:00,Summer,5,Wednesday,35.1,1009,52.6,15.4,Clear
3112,2024-05-22,09:00,Summer,5,Wednesday,36.3,998.7,42.8,19.2,
3111,2024-05-22,22:00,Summer,5,Wednesday,27.4,1006,29.2,15.5,Cloudy
3114,2024-05-23,14:00,Summer,5,Thursday,43.6,1000.7,42.7,15.7,Cloudy
3113,2024-05-23,18:00,Summer,5,Thursday,37,1005.7,34.4,13.2,Clear
3115,2024-05-25,04:00,Summer,5,Saturday,29.8,1008,40.8,13.7,Clear
3116,2024-05-25,14:00,Summer,5,Saturday,36.1,1012.4,51.4,12,Clear
3117,2024-05-25,19:00,Summer,5,Saturday,33.3,1008.2,48.5,15.3,Haze
3119,2024-05-26,01:00,Summer,5,Sunday,27.3,1006.8,42.2,14,Haze
3120,2024-05-26,12:00,Summer,5,Sunday,38.7,1000.3,37.5,19.1,Cloudy
3122,2024-05-26,15:00,Summer,5,Sunday,35.6,999.8,30.5,19.3,Partly Cloudy
3118,2024-05-26,22:00,Summer,5,Sunday,27,1001.1,66,19.1,Fog
3121,2024-05-26,23:00,Summer,5,Sunday,32.5,1007.4,52.5,17.1,
3124,2024-05-27,09:00,Summer,5,Monday,36.4,1003.3,59.3,12.4,Fog
3125,2024-05-27,13:00,Summer,5,Monday,39.5,1008.9,32.3,15.9,Clear
3123,2024-05-27,14:00,Summer,5,Monday,41.4,999.1,43.2,19.6,Cloudy
3126,2024-05-28,09:00,Summer,5,Tuesday,40.9,1005.4,36,14.2,Clear
3127,2024-05-28,13:00,Summer,5,Tuesday,41.6,1006.6,51.1,13.2,Partly Cloudy
3128,2024-05-28,22:00,Summer,5,Tuesday,-5,997.6,42.3,15,Haze
3129,2024-05-29,08:00,Summer,5,Wednesday,38.6,1000.2,50.9,19.2,Clear
3134,2024-05-30,01:00,Summer,5,Thursday,28,1010.8,68,22.9,Clear
3131,2024-05-30,02:00,Summer,5,Thursday,23.4,1004.9,48.4,14,Cloudy
3130,2024-05-30,13:00,Summer,5,Thursday,38.2,1007.7,40.6,13.5,Haze
3133,2024-05-30,15:00,Summer,5,Thursday,38.6,1003.8,58.8,18.5,Clear
3132,2024-05-30,19:00,Summer,5,Thursday,28.4,1006,62.3,13.4,Haze
3136,2024-05-31,02:00,Summer,5,Friday,26.9,999.5,,14.5,Partly Cloudy
3135,2024-05-31,09:00,Summer,5,Friday,37.4,995.1,43.6,12.5,Cloudy
3137,2024-05-31,10:00,Summer,5,Friday,38.7,1007.2,53.7,17.6,Partly Cloudy
3143,2024-06-01,06:00,Monsoon,6,Saturday,23.6,998.1,86,21.4,Light Rain
3138,2024-06-01,10:00,Monsoon,6,Saturday,31.3,1000.7,69.6,20.3,Thunderstorm
3142,2024-06-01,12:00,Monsoon,6,Saturday,33.8,,76.1,20.9,Cloudy
3145,2024-06-01,16:00,Monsoon,6,Saturday,30,1001.6,85.6,26.2,Heavy Rain
3139,2024-06-01,20:00,Monsoon,6,Saturday,22.6,1000.5,70.6,29.7,Light Rain
3140,2024-06-01,20:00,Monsoon,6,Saturday,23.8,999.3,74.3,27.1,Light Rain
3141,2024-06-01,21:00,Monsoon,6,Saturday,22.5,1006.3,78.6,23.5,Thunderstorm
3144,2024-06-01,22:00,Monsoon,6,Saturday,20.9,1007.2,82.3,32.3,Light Rain
3146,2024-06-02,01:00,Monsoon,6,Sunday,15.9,998.6,82.7,22.4,Partly Cloudy
3148,2024-06-02,09:00,Monsoon,6,Sunday,30.1,999.5,92.6,21.8,Cloudy
3147,2024-06-02,11:00,Monsoon,6,Sunday,33.2,993.7,72.1,21.9,Cloudy
3151,2024-06-03,10:00,Monsoon,6,Monday,32.9,994.7,97.9,23.3,Cloudy
3152,2024-06-03,15:00,Monsoon,6,Monday,34.1,1006.9,71.9,26.1,Clear
3149,2024-06-03,17:00,Monsoon,6,Monday,29.1,998.5,76.5,22.9,Cloudy
3149,2024-06-03,17:00,Monsoon,6,Monday,29.1,998.5,76.5,22.9,Cloudy
3150,2024-06-03,21:00,Monsoon,6,Monday,24.7,997.4,85.6,21.4,Cloudy
3156,2024-06-04,02:00,Monsoon,6,Tuesday,15.5,992.9,76.5,24,Heavy Rain
3153,2024-06-04,16:00,Monsoon,6,Tuesday,25.4,1006.7,88.5,21.9,Cloudy
3155,2024-06-04,17:00,Monsoon,6,Tuesday,26.6,998.1,79.5,27.1,Cloudy
3154,2024-06-04,18:00,Monsoon,6,Tuesday,26.1,998.2,80.4,35,Light Rain
3157,2024-06-04,20:00,Monsoon,6,Tuesday,25.5,1006,81.2,23.1,Partly Cloudy
3159,2024-06-05,05:00,Monsoon,6,Wednesday,26.2,995.9,86.2,27.4,Clear
3160,2024-06-05,11:00,Monsoon,6,Wednesday,33.4,995,97.6,25.7,Thunderstorm
3158,2024-06-05,15:00,Monsoon,6,Wednesday,32.2,993.7,82.6,20.1,Cloudy
3161,2024-06-06,10:00,Monsoon,6,Thursday,29.9,1000.9,98.4,22.7,Light Rain
3162,2024-06-06,14:00,Monsoon,6,Thursday,28.8,1002.1,90.1,23.9,Light Rain
3163,2024-06-06,14:00,Monsoon,6,Thursday,33.1,1003.3,78.2,31.6,Thunderstorm
3164,2024-06-06,15:00,Monsoon,6,Thursday,32.9,996.7,71,20.6,
3165,2024-06-07,09:00,Monsoon,6,Friday,31.2,1004,62.4,22.1,Heavy Rain
3166,2024-06-07,11:00,Monsoon,6,Friday,34.1,997.2,82.9,21.6,Cloudy
3167,2024-06-08,12:00,Monsoon,6,Saturday,36.4,1001,85.1,23.3,Light Rain
3171,2024-06-09,01:00,Monsoon,6,Sunday,20,997.1,58.5,21,Cloudy
3168,2024-06-09,03:00,Monsoon,6,Sunday,22.9,996,84.3,34.7,Light Rain
3169,2024-06-09,06:00,Monsoon,6,Sunday,31.1,1002,86.5,27.2,Cloudy
3174,2024-06-09,06:00,Monsoon,6,Sunday,24.9,999.7,56.2,22,Heavy Rain
3173,2024-06-09,07:00,Monsoon,6,Sunday,29.2,1004.5,70.9,25.6,Light Rain
3172,2024-06-09,14:00,Monsoon,6,Sunday,33.2,996.3,91.9,21.2,Cloudy
3175,2024-06-09,14:00,Monsoon,6,Sunday,32.1,999,74.6,26,Heavy Rain
3170,2024-06-09,21:00,Monsoon,6,Sunday,21,999.3,84.7,20.3,Heavy Rain
3176,2024-06-09,22:00,Monsoon,6,Sunday,23.3,999.6,93.5,22.5,Thunderstorm
3178,2024-06-10,07:00,Monsoon,6,Monday,28.4,995.1,89.5,20.3,Cloudy
3181,2024-06-10,10:00,Monsoon,6,Monday,36.4,999.1,79.5,23.8,Cloudy
3179,2024-06-10,11:00,Monsoon,6,Monday,34.6,1005.7,79.2,24.9,Thunderstorm
3180,2024-06-10,12:00,Monsoon,6,Monday,31.7,1004.1,90.4,26.4,Clear
3177,2024-06-10,13:00,Monsoon,6,Monday,,994.7,84.4,21.7,Partly Cloudy
3182,2024-06-11,16:00,Monsoon,6,Tuesday,30.7,1001.1,72.4,26.6,Thunderstorm
3183,2024-06-11,16:00,Monsoon,6,Tuesday,32.1,1005,62.4,25.1,Heavy Rain
3185,2024-06-12,03:00,Monsoon,6,Wednesday,24.2,1002.6,72,21.6,Light Rain
3186,2024-06-12,20:00,Monsoon,6,Wednesday,19.8,998.8,65.3,22.1,Light Rain
3184,2024-06-12,23:00,Monsoon,6,Wednesday,20.9,1005.4,64.1,28.7,Cloudy
3188,2024-06-13,04:00,Monsoon,6,Thursday,26,1000.3,81,26.6,Thunderstorm
3187,2024-06-13,07:00,Monsoon,6,Thursday,30.5,1001.2,95.4,25.5,Cloudy
3190,2024-06-14,03:00,Monsoon,6,Friday,23,993.5,91,20.6,Light Rain
3189,2024-06-14,15:00,Monsoon,6,Friday,30.9,1004.3,86.7,20.3,Light Rain
3191,2024-06-14,21:00,Monsoon,6,Friday,24.1,1001.1,85.1,24.9,Thunderstorm
3194,2024-06-15,04:00,Monsoon,6,Saturday,26.9,1001.9,87.8,24.7,Light Rain
3193,2024-06-15,11:00,Monsoon,6,Saturday,35,997.8,80.4,24,Heavy Rain
3192,2024-06-15,14:00,Monsoon,6,Saturday,30.2,999.5,74.8,20.9,Light Rain
3195,2024-06-15,22:00,Monsoon,6,Saturday,21.6,1007.1,76.8,24.3,Partly Cloudy
3198,2024-06-16,09:00,Monsoon,6,Sunday,32.2,1000.8,75.7,24.6,Clear
3197,2024-06-16,13:00,Monsoon,6,Sunday,35,1010.4,85.5,32.8,Thunderstorm
3196,2024-06-16,15:00,Monsoon,6,Sunday,29.9,1005.7,71.6,28.8,
3202,2024-06-17,04:00,Monsoon,6,Monday,22.3,999.4,84.6,20.6,Cloudy
3199,2024-06-17,06:00,Monsoon,6,Monday,26.5,997.9,84.2,33.2,Heavy Rain
3200,2024-06-17,12:00,Monsoon,6,Monday,31.5,1002.2,79.6,22,Clear
3201,2024-06-17,19:00,Monsoon,6,Monday,29,993.5,99.3,23.3,Cloudy
3203,2024-06-18,02:00,Monsoon,6,Tuesday,24.7,1002.7,73.1,25.3,Cloudy
3205,2024-06-18,03:00,Monsoon,6,Tuesday,24.2,1002.3,61.5,24.3,Light Rain
3207,2024-06-18,13:00,Monsoon,6,Tuesday,35.2,1001.7,71.4,25.8,Partly Cloudy
3204,2024-06-18,14:00,Monsoon,6,Tuesday,30.6,998.7,65.8,28.4,Partly Cloudy
3206,2024-06-18,14:00,Monsoon,6,Tuesday,34.2,993,78.6,21.7,Light Rain
3209,2024-06-19,18:00,Monsoon,6,Wednesday,27,1000.1,58.2,27.8,Cloudy
3208,2024-06-19,19:00,Monsoon,6,Wednesday,25.9,997.1,84.5,29.6,Heavy Rain
3213,2024-06-20,04:00,Monsoon,6,Thursday,22.5,997.8,79.7,20.5,Heavy Rain
3211,2024-06-20,09:00,Monsoon,6,Thursday,27.5,999.8,83.2,,Clear
3210,2024-06-20,12:00,Monsoon,6,Thursday,30.4,996.7,82.1,28.3,Light Rain
3212,2024-06-20,20:00,Monsoon,6,Thursday,24.2,999.4,58,25.5,Thunderstorm
3217,2024-06-21,05:00,Monsoon,6,Friday,25.8,998,77.2,20.3,Cloudy
3215,2024-06-21,19:00,Monsoon,6,Friday,26.2,999,87.2,20.5,Light Rain
3216,2024-06-21,19:00,Monsoon,6,Friday,25.9,994.8,97.9,26.9,Light Rain
3214,2024-06-21,22:00,Monsoon,6,Friday,19.6,1004.7,74,24.1,Partly Cloudy
3218,2024-06-22,03:00,Monsoon,6,Saturday,23.6,1001.4,80.9,23.8,Partly Cloudy
3219,2024-06-23,01:00,Monsoon,6,Sunday,22,1004.8,76,21.8,Heavy Rain
3221,2024-06-23,15:00,Monsoon,6,Sunday,29.5,1006.5,97.2,25.5,Cloudy
3222,2024-06-23,17:00,Monsoon,6,Sunday,28.2,1003.8,82.3,22.8,Cloudy
3220,2024-06-23,21:00,Monsoon,6,Sunday,20.7,1004.6,85.7,25.5,Clear
3225,2024-06-24,03:00,Monsoon,6,Monday,24.8,1005.3,83.9,26.2,Heavy Rain
3223,2024-06-24,04:00,Monsoon,6,Monday,26.1,1000.6,76.4,28,Clear
3224,2024-06-24,21:00,Monsoon,6,Monday,20.9,994.4,71.8,24.6,Heavy Rain
3226,2024-06-25,12:00,Monsoon,6,Tuesday,36.2,1000.9,85.8,24.3,Thunderstorm
3227,2024-06-25,18:00,Monsoon,6,Tuesday,27.1,1007.2,64.3,29.3,Thunderstorm
3229,2024-06-26,01:00,Monsoon,6,Wednesday,28.3,1002.2,68.5,20.6,Thunderstorm
3230,2024-06-26,12:00,Monsoon,6,Wednesday,33.6,1000.4,63.4,22.5,Cloudy
3228,2024-06-26,22:00,Monsoon,6,Wednesday,16.5,999.9,90.8,22.4,Cloudy
3233,2024-06-27,03:00,Monsoon,6,Thursday,22.3,996.1,85.1,22.9,Cloudy
3231,2024-06-27,10:00,Monsoon,6,Thursday,34,1005.8,68.6,21.4,Cloudy
3232,2024-06-27,21:00,Monsoon,6,Thursday,23,992,76.3,24.2,Light Rain
3234,2024-06-27,21:00,Monsoon,6,Thursday,23.3,1004.2,100,31,Light Rain
3237,2024-06-28,14:00,Monsoon,6,Friday,33.6,1000.1,81.7,22.2,Light Rain
3235,2024-06-28,19:00,Monsoon,6,Friday,26.3,998.1,70.9,30.4,Heavy Rain
3236,2024-06-28,19:00,Monsoon,6,Friday,28,,87.1,21.3,Light Rain
3238,2024-06-29,03:00,Monsoon,6,Saturday,22.8,1007.5,70.3,35.3,Heavy Rain
3240,2024-06-29,06:00,Monsoon,6,Saturday,25.6,998.9,72.7,24.2,Thunderstorm
3239,2024-06-29,08:00,Monsoon,6,Saturday,32.1,1000.6,94.4,23.9,Clear
3243,2024-06-30,05:00,Monsoon,6,Sunday,26.3,1001.4,93.1,25.5,Partly Cloudy
3244,2024-06-30,05:00,Monsoon,6,Sunday,24.6,1006.7,75.2,25.2,Cloudy
3241,2024-06-30,18:00,Monsoon,6,Sunday,28.3,1007.3,96.6,30.8,Thunderstorm
3242,2024-06-30,18:00,Monsoon,6,Sunday,27.3,996.3,75.4,26.5,Thunderstorm
3245,2024-06-30,19:00,Monsoon,6,Sunday,25,991,78.6,24.7,Heavy Rain
3246,2024-07-01,14:00,Monsoon,7,Monday,32.7,999,76.5,26.2,Cloudy
3247,2024-07-01,14:00,Monsoon,7,Monday,38.3,1002.5,71.5,27.4,Heavy Rain
3250,2024-07-02,03:00,Monsoon,7,Tuesday,22.8,1010.2,70.2,22,Light Rain
3249,2024-07-02,08:00,Monsoon,7,Tuesday,28.6,1005.4,77.6,21.7,Thunderstorm
3248,2024-07-02,19:00,Monsoon,7,Tuesday,27.7,1003.2,75.9,21.1,Cloudy
3253,2024-07-03,04:00,Monsoon,7,Wednesday,28,997.1,71.9,23.7,Heavy Rain
3251,2024-07-03,17:00,Monsoon,7,Wednesday,24.8,996,82.4,26.3,Thunderstorm
3252,2024-07-03,17:00,Monsoon,7,Wednesday,26.6,996.5,87.2,,Light Rain
3254,2024-07-03,19:00,Monsoon,7,Wednesday,21.4,1002.9,78.4,24.1,Cloudy
3259,2024-07-04,03:00,Monsoon,7,Thursday,21.7,995,84.3,27.6,Light Rain
3257,2024-07-04,04:00,Monsoon,7,Thursday,27.5,1001.3,81.5,23.7,Partly Cloudy
3256,2024-07-04,10:00,Monsoon,7,Thursday,34.2,995.4,85.2,23.1,Light Rain
3258,2024-07-04,21:00,Monsoon,7,Thursday,20.9,991.4,75.9,21.1,Light Rain
3255,2024-07-04,22:00,Monsoon,7,Thursday,22,994.6,74.6,21.3,Heavy Rain
3261,2024-07-05,01:00,Monsoon,7,Friday,28.1,996.3,75.8,23,Clear
3260,2024-07-05,11:00,Monsoon,7,Friday,35,995.6,70.4,28.9,Thunderstorm
3262,2024-07-05,12:00,Monsoon,7,Friday,32.3,1002.2,82.8,22.6,Clear
3266,2024-07-06,06:00,Monsoon,7,Saturday,37.4,996.7,78.6,27.6,Light Rain
3264,2024-07-06,08:00,Monsoon,7,Saturday,30.6,998.3,67.5,20,Clear
3263,2024-07-06,09:00,Monsoon,7,Saturday,34,1004.8,79.9,20.9,Cloudy
3265,2024-07-06,09:00,Monsoon,7,Saturday,29.8,997.8,79.5,20.7,Cloudy
3270,2024-07-07,02:00,Monsoon,7,Sunday,23.1,1001.2,94.3,27.3,Heavy Rain
3267,2024-07-07,03:00,Monsoon,7,Sunday,25.4,1004,86.5,23.1,Light Rain
3269,2024-07-07,09:00,Monsoon,7,Sunday,29.2,995.3,78.1,22.4,Cloudy
3268,2024-07-07,18:00,Monsoon,7,Sunday,26.6,997.5,97.2,23.9,Heavy Rain
3272,2024-07-07,18:00,Monsoon,7,Sunday,21.8,993.7,94,24.5,Partly Cloudy
3271,2024-07-07,20:00,Monsoon,7,Sunday,27.1,996.9,79.2,23.2,Light Rain
3274,2024-07-08,01:00,Monsoon,7,Monday,24.5,999.1,87.6,36.7,Light Rain
3276,2024-07-08,09:00,Monsoon,7,Monday,26.3,997.2,80.6,20.3,Partly Cloudy
3275,2024-07-08,19:00,Monsoon,7,Monday,25.7,1005,90.2,20.8,Clear
3273,2024-07-08,20:00,Monsoon,7,Monday,22,1007.8,80.6,20.8,Light Rain
3277,2024-07-09,01:00,Monsoon,7,Tuesday,18.4,999.6,79.7,21.6,Cloudy
3278,2024-07-09,01:00,Monsoon,7,Tuesday,25,,89.8,22.1,Heavy Rain
3283,2024-07-09,13:00,Monsoon,7,Tuesday,30.2,1004.8,66,21.8,Thunderstorm
3281,2024-07-09,15:00,Monsoon,7,Tuesday,33,1006.6,68.8,27,Light Rain
3282,2024-07-09,15:00,Monsoon,7,Tuesday,29.5,997.5,62.3,24.8,Thunderstorm
3280,2024-07-09,16:00,Monsoon,7,Tuesday,30.2,1001.6,84.4,32.2,Light Rain
3279,2024-07-09,23:00,Monsoon,7,Tuesday,22.7,1003,87.2,27.3,Light Rain
3284,2024-07-10,06:00,Monsoon,7,Wednesday,24.5,998.9,76.2,24.7,Thunderstorm
3286,2024-07-10,10:00,Monsoon,7,Wednesday,32.8,997.8,76.8,28.1,Thunderstorm
3285,2024-07-10,20:00,Monsoon,7,Wednesday,21.5,1003.1,84.3,22.1,Cloudy
3287,2024-07-10,23:00,Monsoon,7,Wednesday,21.3,1005.4,71.3,24.1,Light Rain
3288,2024-07-11,00:00,Monsoon,7,Thursday,20.1,1004.2,88.9,23.7,Cloudy
3289,2024-07-11,10:00,Monsoon,7,Thursday,34.7,1001,64.4,23.7,Heavy Rain
3290,2024-07-11,22:00,Monsoon,7,Thursday,22.2,1007.3,73,29.3,Partly Cloudy
3290,2024-07-11,22:00,Monsoon,7,Thursday,22.2,1007.3,73,29.3,Partly Cloudy
3292,2024-07-12,03:00,Monsoon,7,Friday,-2.5,1003.9,57.5,28.6,Light Rain
3291,2024-07-12,20:00,Monsoon,7,Friday,26.5,1007.3,83.8,26.3,Cloudy
3293,2024-07-13,06:00,Monsoon,7,Saturday,28.6,1004.7,76.9,25.7,Clear
3294,2024-07-13,14:00,Monsoon,7,Saturday,35.8,1006.5,81.2,25,Heavy Rain
3295,2024-07-13,17:00,Monsoon,7,Saturday,25.5,994.1,68.7,27,Heavy Rain
3296,2024-07-14,11:00,Monsoon,7,Sunday,30.8,997.9,65.3,21.4,Partly Cloudy
3297,2024-07-14,16:00,Monsoon,7,Sunday,32,993.5,71.1,25.2,Light Rain
3298,2024-07-15,00:00,Monsoon,7,Monday,20.5,1003,75.2,23.1,Cloudy
3300,2024-07-15,00:00,Monsoon,7,Monday,23.8,999.8,82.5,30.5,Cloudy
3299,2024-07-15,10:00,Monsoon,7,Monday,32.7,1005.9,62.3,20.2,Cloudy
3303,2024-07-16,09:00,Monsoon,7,Tuesday,34.2,1000.3,95.1,24.3,Light Rain
3301,2024-07-16,14:00,Monsoon,7,Tuesday,29.6,999.2,89.3,25.9,Cloudy
3302,2024-07-16,20:00,Monsoon,7,Tuesday,23.9,1003.1,89.5,21.1,Light Rain
3305,2024-07-17,01:00,Monsoon,7,Wednesday,24.6,1001.1,84.5,21.9,Clear
3308,2024-07-17,03:00,Monsoon,7,Wednesday,21.9,1001.4,74.7,22.9,Cloudy
3304,2024-07-17,06:00,Monsoon,7,Wednesday,25.9,997.7,94.2,20.2,Light Rain
3306,2024-07-17,09:00,Monsoon,7,Wednesday,31.6,999.3,86,25,Light Rain
3309,2024-07-17,11:00,Monsoon,7,Wednesday,35.3,996.3,74.7,26.7,Cloudy
3310,2024-07-17,18:00,Monsoon,7,Wednesday,30.3,1003.9,68.3,20.1,Partly Cloudy
3307,2024-07-17,23:00,Monsoon,7,Wednesday,22.2,1001.8,69.4,33.9,Clear
3312,2024-07-18,07:00,Monsoon,7,Thursday,28.1,1000.2,72.4,21.6,Light Rain
3311,2024-07-18,10:00,Monsoon,7,Thursday,34.4,1001.4,94.4,24.5,Thunderstorm
3313,2024-07-18,17:00,Monsoon,7,Thursday,25.2,999.2,66.9,22.2,Partly Cloudy
3314,2024-07-19,10:00,Monsoon,7,Friday,29.5,995.4,81.7,26.4,Partly Cloudy
3317,2024-07-20,02:00,Monsoon,7,Saturday,25,1010.9,70.6,25.3,Clear
3315,2024-07-20,10:00,Monsoon,7,Saturday,27.8,996,72.8,20.1,Cloudy
3318,2024-07-20,11:00,Monsoon,7,Saturday,28.8,997.3,67.8,27.9,Cloudy
3316,2024-07-20,12:00,Monsoon,7,Saturday,34.5,997.8,71.9,23.7,Light Rain
3319,2024-07-21,02:00,Monsoon,7,Sunday,21.2,1003.8,71.7,23.8,Heavy Rain
3323,2024-07-22,01:00,Monsoon,7,Monday,24.5,1001.3,92.6,20.3,Heavy Rain
3320,2024-07-22,09:00,Monsoon,7,Monday,33,1001.2,77.7,33,Cloudy
3321,2024-07-22,16:00,Monsoon,7,Monday,29.2,999.7,88.4,24,Heavy Rain
3324,2024-07-22,16:00,Monsoon,7,Monday,29.6,995.4,73.8,20.2,Cloudy
3322,2024-07-22,21:00,Monsoon,7,Monday,,,,28,Cloudy
3326,2024-07-23,01:00,Monsoon,7,Tuesday,22.2,1001.1,81.7,,Light Rain
3325,2024-07-23,15:00,Monsoon,7,Tuesday,29.3,1004.1,94.2,32,Light Rain
3327,2024-07-23,21:00,Monsoon,7,Tuesday,21.5,1010.5,73.3,21.7,Heavy Rain
3333,2024-07-24,00:00,Monsoon,7,Wednesday,17.3,998.4,71.1,24.3,Heavy Rain
3329,2024-07-24,05:00,Monsoon,7,Wednesday,27.9,1001.1,74.2,24.7,Partly Cloudy
3332,2024-07-24,07:00,Monsoon,7,Wednesday,30,1005.9,87.3,21.3,Partly Cloudy
3330,2024-07-24,09:00,Monsoon,7,Wednesday,31.4,1002.9,84.4,29.4,Heavy Rain
3331,2024-07-24,09:00,Monsoon,7,Wednesday,33.2,993.2,81.1,21.5,Light Rain
3334,2024-07-24,12:00,Monsoon,7,Wednesday,33.9,1001.9,77.5,28.4,Light Rain
3328,2024-07-24,19:00,Monsoon,7,Wednesday,21.5,1002.4,75.9,24.2,Light Rain
3336,2024-07-25,08:00,Monsoon,7,Thursday,27.3,1003.6,77.4,23.1,Heavy Rain
3338,2024-07-25,09:00,Monsoon,7,Thursday,29.5,998.8,94.2,22.1,Light Rain
3337,2024-07-25,21:00,Monsoon,7,Thursday,21.9,1004.7,85.4,24.7,Clear
3335,2024-07-25,23:00,Monsoon,7,Thursday,23.1,1002.6,62.4,26.2,Cloudy
3340,2024-07-26,04:00,Monsoon,7,Friday,25.5,1001.4,75.9,20.4,Cloudy
3339,2024-07-26,14:00,Monsoon,7,Friday,35,996,75.8,25.5,Cloudy
3343,2024-07-27,12:00,Monsoon,7,Saturday,34.1,1005,71.2,23.7,Thunderstorm
3342,2024-07-27,15:00,Monsoon,7,Saturday,28.7,992.6,94.2,22.7,Cloudy
3341,2024-07-27,21:00,Monsoon,7,Saturday,27.8,994.3,88.6,20,Clear
3344,2024-07-27,21:00,Monsoon,7,Saturday,23.3,997.5,92.3,24.3,Cloudy
3348,2024-07-28,08:00,Monsoon,7,Sunday,29.9,998.2,85.3,24.4,Light Rain
3347,2024-07-28,10:00,Monsoon,7,Sunday,,1001.1,,23.3,
3347,2024-07-28,10:00,Monsoon,7,Sunday,,1001.1,,23.3,
3349,2024-07-28,15:00,Monsoon,7,Sunday,32.2,1006.7,81.7,24.8,Light Rain
3346,2024-07-28,17:00,Monsoon,7,Sunday,31.6,999.3,74.7,24.6,Heavy Rain
3345,2024-07-28,19:00,Monsoon,7,Sunday,22.1,999.2,72.3,20.7,Partly Cloudy
3350,2024-07-30,01:00,Monsoon,7,Tuesday,21.9,1002.4,89.5,23.6,Thunderstorm
3351,2024-07-31,01:00,Monsoon,7,Wednesday,19.5,996.5,63.4,32.5,Thunderstorm
3353,2024-07-31,07:00,Monsoon,7,Wednesday,30,1008.4,94.5,,Light Rain
3352,2024-07-31,11:00,Monsoon,7,Wednesday,35.3,998.7,74.7,20.5,Cloudy
3354,2024-08-01,08:00,Monsoon,8,Thursday,30.1,1008.1,91.5,21.7,Clear
3356,2024-08-01,08:00,Monsoon,8,Thursday,28.7,1004.5,82,22.7,Light Rain
3355,2024-08-01,11:00,Monsoon,8,Thursday,29.6,1001,73.6,21.3,Heavy Rain
3358,2024-08-02,01:00,Monsoon,8,Friday,22.2,1004.9,81.2,22.4,Light Rain
3357,2024-08-02,09:00,Monsoon,8,Friday,33.3,995.6,100,21.3,
3359,2024-08-02,15:00,Monsoon,8,Friday,29.2,1003.7,77.7,20.4,Heavy Rain
3363,2024-08-03,00:00,Monsoon,8,Saturday,25.4,999.2,94.3,24.7,Partly Cloudy
3362,2024-08-03,01:00,Monsoon,8,Saturday,22,999.3,60.3,25.2,Cloudy
3365,2024-08-03,03:00,Monsoon,8,Saturday,23.9,997.7,67.3,21.5,Thunderstorm
3361,2024-08-03,06:00,Monsoon,8,Saturday,29.6,1001.1,94.9,25,Thunderstorm
3364,2024-08-03,18:00,Monsoon,8,Saturday,29.3,989.1,97.2,24.8,Light Rain
3360,2024-08-03,19:00,Monsoon,8,Saturday,23.6,1003.9,90.3,26.4,Cloudy
3368,2024-08-04,01:00,Monsoon,8,Sunday,18.4,1000.4,91.1,23.7,Heavy Rain
3370,2024-08-04,01:00,Monsoon,8,Sunday,20.4,999.4,64.5,28,Heavy Rain
3369,2024-08-04,13:00,Monsoon,8,Sunday,34,1005.1,75.5,,Clear
3371,2024-08-04,14:00,Monsoon,8,Sunday,32.6,1000.1,,23.3,Partly Cloudy
3367,2024-08-04,21:00,Monsoon,8,Sunday,23.5,1001.8,89,21.2,Cloudy
3366,2024-08-04,23:00,Monsoon,8,Sunday,19.9,1010,83.5,22.6,Clear
3373,2024-08-05,04:00,Monsoon,8,Monday,24.8,996.7,68.8,28.8,Light Rain
3375,2024-08-05,06:00,Monsoon,8,Monday,23.1,999.3,86.7,23.1,Heavy Rain
3372,2024-08-05,11:00,Monsoon,8,Monday,28.4,997.1,84.6,23.4,Heavy Rain
3374,2024-08-05,19:00,Monsoon,8,Monday,24.9,999.7,65.9,22,Light Rain
3376,2024-08-06,23:00,Monsoon,8,Tuesday,21.3,1004.6,77.8,22.2,Heavy Rain
3378,2024-08-07,09:00,Monsoon,8,Wednesday,32.8,1001.4,68.6,26.3,Light Rain
3377,2024-08-07,20:00,Monsoon,8,Wednesday,26.1,1000,91,21.5,Heavy Rain
3379,2024-08-08,13:00,Monsoon,8,Thursday,36,1001.3,80.7,23,Light Rain
3380,2024-08-08,13:00,Monsoon,8,Thursday,33.9,1000.2,92.5,24.8,Partly Cloudy
3385,2024-08-09,01:00,Monsoon,8,Friday,23,1000.4,82.5,21.5,Heavy Rain
3381,2024-08-09,04:00,Monsoon,8,Friday,23.2,1001.1,89.8,28.9,Partly Cloudy
3386,2024-08-09,11:00,Monsoon,8,Friday,32.9,1000.5,133,22.2,Cloudy
3384,2024-08-09,13:00,Monsoon,8,Friday,34,996.7,76.4,29.5,Partly Cloudy
3382,2024-08-09,17:00,Monsoon,8,Friday,30.1,996.7,88.3,23.7,Thunderstorm
3383,2024-08-09,23:00,Monsoon,8,Friday,26.6,1001.3,77.2,25.6,Thunderstorm
3390,2024-08-10,03:00,Monsoon,8,Saturday,25.8,1001,82.9,20.7,Light Rain
3389,2024-08-10,05:00,Monsoon,8,Saturday,25.8,1002.7,81.9,23.7,Light Rain
3391,2024-08-10,12:00,Monsoon,8,Saturday,32.5,1006.2,91.6,21.8,Heavy Rain
3387,2024-08-10,21:00,Monsoon,8,Saturday,23.7,999.8,84.4,20.7,Partly Cloudy
3388,2024-08-10,23:00,Monsoon,8,Saturday,25.3,991,96.2,26.3,Cloudy
3392,2024-08-11,03:00,Monsoon,8,Sunday,24.8,1002.7,100,26.5,Cloudy
3393,2024-08-11,21:00,Monsoon,8,Sunday,23.6,999.1,72.5,,Clear
3398,2024-08-12,00:00,Monsoon,8,Monday,16.3,998.6,81.1,20.4,Thunderstorm
3396,2024-08-12,03:00,Monsoon,8,Monday,27.1,,57.6,30.7,
3400,2024-08-12,03:00,Monsoon,8,Monday,21.4,996.3,100,24.8,Partly Cloudy
3399,2024-08-12,12:00,Monsoon,8,Monday,36.1,995.9,71.8,23.9,Partly Cloudy
3394,2024-08-12,13:00,Monsoon,8,Monday,33,1001.4,82.7,34.7,Thunderstorm
3395,2024-08-12,15:00,Monsoon,8,Monday,30.5,994.1,73.5,28.9,Cloudy
3397,2024-08-12,23:00,Monsoon,8,Monday,18.6,1001.7,89.3,24.3,Light Rain
3404,2024-08-13,02:00,Monsoon,8,Tuesday,22.8,1005.9,72.2,21.7,Cloudy
3409,2024-08-13,03:00,Monsoon,8,Tuesday,18.7,1002.5,100,28.4,Partly Cloudy
3408,2024-08-13,04:00,Monsoon,8,Tuesday,19,999.4,93.5,26.9,Cloudy
3403,2024-08-13,05:00,Monsoon,8,Tuesday,24.4,,76.2,22.3,
3406,2024-08-13,12:00,Monsoon,8,Tuesday,34.6,997.8,62.1,33.8,Light Rain
3407,2024-08-13,15:00,Monsoon,8,Tuesday,32.2,996.1,89.1,25.2,Heavy Rain
3402,2024-08-13,17:00,Monsoon,8,Tuesday,25.1,998.4,86.8,26.7,Partly Cloudy
3401,2024-08-13,19:00,Monsoon,8,Tuesday,27.7,990.4,88.3,26,Partly Cloudy
3405,2024-08-13,22:00,Monsoon,8,Tuesday,24.3,997.9,64.8,21.1,Partly Cloudy
3414,2024-08-14,06:00,Monsoon,8,Wednesday,26.4,994.6,62.4,20.2,Thunderstorm
3411,2024-08-14,07:00,Monsoon,8,Wednesday,27.4,1007.9,79.4,23.1,Light Rain
3413,2024-08-14,13:00,Monsoon,8,Wednesday,34.6,995.7,77.9,23.9,Light Rain
3415,2024-08-14,13:00,Monsoon,8,Wednesday,29.9,994.2,82.7,28.8,Clear
3412,2024-08-14,18:00,Monsoon,8,Wednesday,24.5,1005.4,74.9,26.2,Light Rain
3410,2024-08-14,20:00,Monsoon,8,Wednesday,20.4,1001.7,82.1,24.1,Heavy Rain
3416,2024-08-15,05:00,Monsoon,8,Thursday,28.1,998.2,85.1,21.9,Clear
3423,2024-08-15,06:00,Monsoon,8,Thursday,30.4,996.1,77.5,20.3,Cloudy
3417,2024-08-15,11:00,Monsoon,8,Thursday,30.3,1006.4,76.7,21.7,Light Rain
3426,2024-08-15,11:00,Monsoon,8,Thursday,,1008.4,82.6,21.9,Light Rain
3420,2024-08-15,12:00,Monsoon,8,Thursday,32.2,998.4,70.4,22.4,Cloudy
3422,2024-08-15,13:00,Monsoon,8,Thursday,28.7,1002.6,65.8,23.4,Light Rain
3424,2024-08-15,13:00,Monsoon,8,Thursday,26,995.6,98.3,20.9,Thunderstorm
3425,2024-08-15,14:00,Monsoon,8,Thursday,34.5,998.8,,24,Clear
3418,2024-08-15,15:00,Monsoon,8,Thursday,29.6,999,84.5,24.7,Partly Cloudy
3419,2024-08-15,16:00,Monsoon,8,Thursday,24.5,1001.7,100,21.1,Light Rain
3421,2024-08-15,22:00,Monsoon,8,Thursday,23.3,997.9,100,25.6,Cloudy
3428,2024-08-16,08:00,Monsoon,8,Friday,29.1,1000.1,86.4,27.5,Cloudy
3430,2024-08-16,14:00,Monsoon,8,Friday,30.7,1007.7,86.7,22.5,Heavy Rain
3427,2024-08-16,16:00,Monsoon,8,Friday,27.6,1002.5,79.5,20.7,Light Rain
3429,2024-08-16,21:00,Monsoon,8,Friday,25,1001.9,92.8,20.7,Partly Cloudy
3432,2024-08-17,01:00,Monsoon,8,Saturday,20.1,1004.5,,23.1,Partly Cloudy
3431,2024-08-17,11:00,Monsoon,8,Saturday,33.4,1005.6,74.7,27.4,Light Rain
3433,2024-08-18,04:00,Monsoon,8,Sunday,28,998.5,94.1,22.5,Heavy Rain
3434,2024-08-18,12:00,Monsoon,8,Sunday,32.7,999.5,59.4,26.3,Light Rain
3441,2024-08-19,00:00,Monsoon,8,Monday,16.6,1006.4,70.8,25.3,Cloudy
3437,2024-08-19,07:00,Monsoon,8,Monday,26.5,1002.1,74.7,26.5,Heavy Rain
3440,2024-08-19,10:00,Monsoon,8,Monday,32.7,994.8,80.9,20.7,Partly Cloudy
3438,2024-08-19,13:00,Monsoon,8,Monday,32.1,1009.8,70.5,21.1,Light Rain
3439,2024-08-19,14:00,Monsoon,8,Monday,31.1,999,84.1,27.5,Cloudy
3435,2024-08-19,19:00,Monsoon,8,Monday,23.5,999.7,87.1,22.7,Thunderstorm
3442,2024-08-19,20:00,Monsoon,8,Monday,20.7,996,,31.5,Cloudy
3436,2024-08-19,22:00,Monsoon,8,Monday,19.7,1010.9,78,30.1,Heavy Rain
3443,2024-08-20,02:00,Monsoon,8,Tuesday,22.3,1003.3,87.2,20.4,Cloudy
3446,2024-08-20,13:00,Monsoon,8,Tuesday,28.7,998.7,99.9,21.4,Light Rain
3444,2024-08-20,16:00,Monsoon,8,Tuesday,28.6,,,21.2,Heavy Rain
3445,2024-08-20,18:00,Monsoon,8,Tuesday,29.8,997.3,70.3,27.4,Partly Cloudy
3449,2024-08-21,07:00,Monsoon,8,Wednesday,30.5,998,86.4,25.2,Light Rain
3450,2024-08-21,12:00,Monsoon,8,Wednesday,,996.4,78.4,,
3447,2024-08-21,21:00,Monsoon,8,Wednesday,20.4,1003.4,81.3,25.9,Cloudy
3448,2024-08-21,22:00,Monsoon,8,Wednesday,19.8,1003.8,80.9,28.9,Light Rain
3451,2024-08-22,19:00,Monsoon,8,Thursday,26,1000.9,80.2,21.7,Light Rain
3452,2024-08-23,02:00,Monsoon,8,Friday,20.2,995.4,80.2,20.8,Partly Cloudy
3453,2024-08-23,04:00,Monsoon,8,Friday,24.9,920,81.9,22,Heavy Rain
3455,2024-08-23,05:00,Monsoon,8,Friday,28.3,1003.6,70,20.1,Light Rain
3454,2024-08-23,08:00,Monsoon,8,Friday,28.8,1001.4,91.3,23.2,Clear
3457,2024-08-24,01:00,Monsoon,8,Saturday,20,995.7,78.3,26.2,Heavy Rain
3456,2024-08-24,21:00,Monsoon,8,Saturday,27.9,1003.5,70.9,21.5,Cloudy
3459,2024-08-25,04:00,Monsoon,8,Sunday,22.9,1002.7,71,22.5,Thunderstorm
3460,2024-08-25,07:00,Monsoon,8,Sunday,28.8,998.2,67.4,24.3,Clear
3458,2024-08-25,12:00,Monsoon,8,Sunday,32.9,994.7,83.3,22.7,Cloudy
3461,2024-08-25,22:00,Monsoon,8,Sunday,25.5,996.7,69.8,22.8,Light Rain
3462,2024-08-26,00:00,Monsoon,8,Monday,24,1000.4,93.5,27.1,Heavy Rain
3466,2024-08-26,10:00,Monsoon,8,Monday,31.8,999.2,76,24.6,Light Rain
3464,2024-08-26,11:00,Monsoon,8,Monday,37.6,997.9,77,21,Clear
3463,2024-08-26,19:00,Monsoon,8,Monday,30.2,997.2,87.1,25.3,Cloudy
3465,2024-08-26,22:00,Monsoon,8,Monday,22.5,,86.3,21.2,Heavy Rain
3467,2024-08-27,06:00,Monsoon,8,Tuesday,25.6,1002.2,79.3,30.7,Clear
3468,2024-08-27,14:00,Monsoon,8,Tuesday,30.1,998.6,69.3,20.1,Heavy Rain
3469,2024-08-27,21:00,Monsoon,8,Tuesday,22.6,993,79.3,20.9,Clear
3470,2024-08-27,23:00,Monsoon,8,Tuesday,19.5,997.4,92.1,20.9,Thunderstorm
3474,2024-08-28,02:00,Monsoon,8,Wednesday,19.8,995.6,87.2,27.8,Thunderstorm
3477,2024-08-28,02:00,Monsoon,8,Wednesday,22.9,1001.9,65.5,24.8,
3471,2024-08-28,10:00,Monsoon,8,Wednesday,29.8,1003.9,,20.4,Partly Cloudy
3476,2024-08-28,13:00,Monsoon,8,Wednesday,29.8,995.2,76.5,30.2,Partly Cloudy
3473,2024-08-28,15:00,Monsoon,8,Wednesday,36.4,999.3,83.7,21,Light Rain
3475,2024-08-28,19:00,Monsoon,8,Wednesday,22.9,995.2,67.7,22.5,Thunderstorm
3472,2024-08-28,21:00,Monsoon,8,Wednesday,24.4,996.6,74.1,20.6,Light Rain
3478,2024-08-29,00:00,Monsoon,8,Thursday,22.7,1004.4,88.1,25.3,Cloudy
3480,2024-08-29,14:00,Monsoon,8,Thursday,34.3,994.2,75.5,26.2,Clear
3479,2024-08-29,20:00,Monsoon,8,Thursday,22.1,999.2,89.8,31.6,Partly Cloudy
3481,2024-08-30,00:00,Monsoon,8,Friday,21.8,1006.5,73.3,28.3,Cloudy
3483,2024-08-30,01:00,Monsoon,8,Friday,19.5,996.3,66.1,26.3,Light Rain
3485,2024-08-30,05:00,Monsoon,8,Friday,23.3,996.1,82.8,23.6,Heavy Rain
3486,2024-08-30,07:00,Monsoon,8,Friday,27,997.2,76.3,27,Clear
3482,2024-08-30,16:00,Monsoon,8,Friday,27.6,998.4,85.9,25.7,Partly Cloudy
3484,2024-08-30,19:00,Monsoon,8,Friday,24.5,1001.8,81.9,20.4,Thunderstorm
3489,2024-08-31,00:00,Monsoon,8,Saturday,,1003.5,69.4,24.9,Light Rain
3490,2024-08-31,02:00,Monsoon,8,Saturday,23.8,1002.7,84.7,22.3,Cloudy
3487,2024-08-31,15:00,Monsoon,8,Saturday,34.1,1003.2,91.2,24.7,Cloudy
3488,2024-08-31,18:00,Monsoon,8,Saturday,29.9,1000.8,71.8,26.1,Cloudy
